$version Generated by VerilatedVcd $end
$date Mon Jun  1 11:34:56 2026
 $end
$timescale   1ps $end

 $scope module TOP $end
  $var wire 32 . acc_o [31:0] $end
  $var wire  1 + clear_acc_i $end
  $var wire  1 ( clk_i $end
  $var wire  1 , ready_o $end
  $var wire  1 ) rst_ni $end
  $var wire  1 * valid_i $end
  $var wire  1 - valid_o $end
  $scope module npu_compute_core_pkg $end
   $var wire 32 1 NpuAccWidth [31:0] $end
   $var wire 32 0 NpuActWidth [31:0] $end
   $var wire 32 2 NpuMacsPerCore [31:0] $end
   $var wire 32 1 NpuTcdmAddrWidth [31:0] $end
   $var wire 32 3 NpuTcdmDataWidth [31:0] $end
   $var wire 32 0 NpuWgtWidth [31:0] $end
  $upscope $end
  $scope module npu_mac_array $end
   $var wire 32 . acc_o [31:0] $end
   $var wire 32 & acc_q [31:0] $end
   $var wire  1 + clear_acc_i $end
   $var wire  1 $ clear_acc_q $end
   $var wire  1 ( clk_i $end
   $var wire  1 , ready_o $end
   $var wire  1 ) rst_ni $end
   $var wire 32 % sum_tree [31:0] $end
   $var wire  1 * valid_i $end
   $var wire  1 - valid_o $end
   $var wire  1 # valid_q $end
   $scope module unnamedblk1 $end
    $var wire 32 / i [31:0] $end
   $upscope $end
   $scope module unnamedblk2 $end
    $var wire 32 ' i [31:0] $end
   $upscope $end
  $upscope $end
 $upscope $end
$enddefinitions $end


#0
0#
0$
b00000000000000000000000000000000 %
b00000000000000000000000000000000 &
b00000000000000000000000010000000 '
0(
0)
0*
0+
1,
0-
b00000000000000000000000000000000 .
b00000000000000000000000010000000 /
b00000000000000000000000000001000 0
b00000000000000000000000000100000 1
b00000000000000000000000010000000 2
b00000000000000000000000001000000 3
#1
1(
#2
0(
#3
1(
#4
0(
#5
1(
#6
0(
#7
1(
#8
0(
#9
1(
#10
0(
#11
1(
#12
0(
#13
1(
#14
0(
#15
1(
#16
0(
#17
1(
#18
0(
#19
1(
#20
0(
1)
#21
1(
#22
0(
1*
1+
#23
1#
1$
1(
#24
0(
0*
0+
#25
0#
0$
1(
1-
#26
0(
1*
1+
#27
1#
1$
b00000000000111111000000010000000 %
1(
0-
#28
0(
0*
0+
#29
0#
0$
b00000000000111111000000010000000 &
1(
1-
b00000000000111111000000010000000 .
#30
0(
1*
1+
#31
1#
1$
b00000000001000000000000000000000 %
1(
0-
#32
0(
0*
0+
#33
0#
0$
b00000000001000000000000000000000 &
1(
1-
b00000000001000000000000000000000 .
#34
0(
1*
1+
#35
1#
1$
b11111111111000000100000000000000 %
1(
0-
#36
0(
0*
0+
#37
0#
0$
b11111111111000000100000000000000 &
1(
1-
b11111111111000000100000000000000 .
#38
0(
1*
1+
#39
1#
1$
b00000000000000000000000010000000 %
1(
0-
#40
0(
0*
0+
#41
0#
0$
b00000000000000000000000010000000 &
1(
1-
b00000000000000000000000010000000 .
#42
0(
1*
#43
1#
b00000000000000000000001100000000 %
1(
0-
#44
0(
0*
#45
0#
b00000000000000000000001110000000 &
1(
1-
b00000000000000000000001110000000 .
#46
0(
1*
#47
1#
b00000000000000000001011011101011 %
1(
0-
#48
0(
0*
#49
0#
b00000000000000000001101001101011 &
1(
1-
b00000000000000000001101001101011 .
#50
0(
1*
1+
#51
1#
1$
b11111111111111111010001111101011 %
1(
0-
#52
0(
0*
0+
#53
0#
0$
b11111111111111111010001111101011 &
1(
1-
b11111111111111111010001111101011 .
#54
0(
1*
1+
#55
1#
1$
b11111111111111011110111000011010 %
1(
0-
#56
0(
0*
0+
#57
0#
0$
b11111111111111011110111000011010 &
1(
1-
b11111111111111011110111000011010 .
#58
0(
1*
#59
1#
b11111111111111111001001010110110 %
1(
0-
#60
0(
0*
#61
0#
b11111111111111011000000011010000 &
1(
1-
b11111111111111011000000011010000 .
#62
0(
1*
#63
1#
b00000000000000011001100100101001 %
1(
0-
#64
0(
0*
#65
0#
b11111111111111110001100111111001 &
1(
1-
b11111111111111110001100111111001 .
#66
0(
1*
#67
1#
b11111111111111111110001101110011 %
1(
0-
#68
0(
0*
#69
0#
b11111111111111101111110101101100 &
1(
1-
b11111111111111101111110101101100 .
#70
0(
1*
#71
1#
b11111111111111101011010010011001 %
1(
0-
#72
0(
0*
#73
0#
b11111111111111011011001000000101 &
1(
1-
b11111111111111011011001000000101 .
#74
0(
1*
#75
1#
b11111111111111111110010101100001 %
1(
0-
#76
0(
0*
#77
0#
b11111111111111011001011101100110 &
1(
1-
b11111111111111011001011101100110 .
#78
0(
1*
#79
1#
b11111111111111100110011000101001 %
1(
0-
#80
0(
0*
#81
0#
b11111111111110111111110110001111 &
1(
1-
b11111111111110111111110110001111 .
#82
0(
1*
#83
1#
b00000000000000000111100000101110 %
1(
0-
#84
0(
0*
#85
0#
b11111111111111000111010110111101 &
1(
1-
b11111111111111000111010110111101 .
#86
0(
1*
#87
1#
b11111111111111110100110010100110 %
1(
0-
#88
0(
0*
#89
0#
b11111111111110111100001001100011 &
1(
1-
b11111111111110111100001001100011 .
#90
0(
1*
#91
1#
b00000000000000001000101011001101 %
1(
0-
#92
0(
0*
#93
0#
b11111111111111000100110100110000 &
1(
1-
b11111111111111000100110100110000 .
#94
0(
1*
#95
1#
b00000000000000010010000010010000 %
1(
0-
#96
0(
0*
#97
0#
b11111111111111010110110111000000 &
1(
1-
b11111111111111010110110111000000 .
#98
0(
1*
1+
#99
1#
1$
b11111111111111111010001110110100 %
1(
0-
#100
0(
0*
0+
#101
0#
0$
b11111111111111111010001110110100 &
1(
1-
b11111111111111111010001110110100 .
#102
0(
1*
#103
1#
b11111111111111111110001101011100 %
1(
0-
#104
0(
0*
#105
0#
b11111111111111111000011100010000 &
1(
1-
b11111111111111111000011100010000 .
#106
0(
1*
#107
1#
b11111111111111110000100001010001 %
1(
0-
#108
0(
0*
#109
0#
b11111111111111101000111101100001 &
1(
1-
b11111111111111101000111101100001 .
#110
0(
1*
#111
1#
b00000000000000000011111010100000 %
1(
0-
#112
0(
0*
#113
0#
b11111111111111101100111000000001 &
1(
1-
b11111111111111101100111000000001 .
#114
0(
1*
#115
1#
b11111111111111111100100011111001 %
1(
0-
#116
0(
0*
#117
0#
b11111111111111101001011011111010 &
1(
1-
b11111111111111101001011011111010 .
#118
0(
1*
1+
#119
1#
1$
b11111111111111110011001001101111 %
1(
0-
#120
0(
0*
0+
#121
0#
0$
b11111111111111110011001001101111 &
1(
1-
b11111111111111110011001001101111 .
#122
0(
1*
1+
#123
1#
1$
b00000000000000001000010110100101 %
1(
0-
#124
0(
0*
0+
#125
0#
0$
b00000000000000001000010110100101 &
1(
1-
b00000000000000001000010110100101 .
#126
0(
1*
#127
1#
b00000000000000000111011010100100 %
1(
0-
#128
0(
0*
#129
0#
b00000000000000001111110001001001 &
1(
1-
b00000000000000001111110001001001 .
#130
0(
1*
#131
1#
b11111111111111111110111010000011 %
1(
0-
#132
0(
0*
#133
0#
b00000000000000001110101011001100 &
1(
1-
b00000000000000001110101011001100 .
#134
0(
1*
1+
#135
1#
1$
b00000000000000001000010000101111 %
1(
0-
#136
0(
0*
0+
#137
0#
0$
b00000000000000001000010000101111 &
1(
1-
b00000000000000001000010000101111 .
#138
0(
1*
#139
1#
b11111111111111111001101101100000 %
1(
0-
#140
0(
0*
#141
0#
b00000000000000000001111110001111 &
1(
1-
b00000000000000000001111110001111 .
#142
0(
1*
#143
1#
b11111111111111110001110111001111 %
1(
0-
#144
0(
0*
#145
0#
b11111111111111110011110101011110 &
1(
1-
b11111111111111110011110101011110 .
#146
0(
1*
#147
1#
b11111111111111110001010110111101 %
1(
0-
#148
0(
0*
#149
0#
b11111111111111100101001100011011 &
1(
1-
b11111111111111100101001100011011 .
#150
0(
1*
#151
1#
b11111111111111101011101001010111 %
1(
0-
#152
0(
0*
#153
0#
b11111111111111010000110101110010 &
1(
1-
b11111111111111010000110101110010 .
#154
0(
1*
#155
1#
b00000000000000100111100101001010 %
1(
0-
#156
0(
0*
#157
0#
b11111111111111111000011010111100 &
1(
1-
b11111111111111111000011010111100 .
#158
0(
1*
1+
#159
1#
1$
b00000000000000010011101101011100 %
1(
0-
#160
0(
0*
0+
#161
0#
0$
b00000000000000010011101101011100 &
1(
1-
b00000000000000010011101101011100 .
#162
0(
1*
#163
1#
b11111111111111101101011101110111 %
1(
0-
#164
0(
0*
#165
0#
b00000000000000000001001011010011 &
1(
1-
b00000000000000000001001011010011 .
#166
0(
1*
1+
#167
1#
1$
b00000000000000010010100001111111 %
1(
0-
#168
0(
0*
0+
#169
0#
0$
b00000000000000010010100001111111 &
1(
1-
b00000000000000010010100001111111 .
#170
0(
1*
#171
1#
b11111111111111111001111101111100 %
1(
0-
#172
0(
0*
#173
0#
b00000000000000001100011111111011 &
1(
1-
b00000000000000001100011111111011 .
#174
0(
1*
#175
1#
b00000000000000000011100101010010 %
1(
0-
#176
0(
0*
#177
0#
b00000000000000010000000101001101 &
1(
1-
b00000000000000010000000101001101 .
#178
0(
1*
1+
#179
1#
1$
b11111111111111011111100011101101 %
1(
0-
#180
0(
0*
0+
#181
0#
0$
b11111111111111011111100011101101 &
1(
1-
b11111111111111011111100011101101 .
#182
0(
1*
#183
1#
b11111111111111111001101100000000 %
1(
0-
#184
0(
0*
#185
0#
b11111111111111011001001111101101 &
1(
1-
b11111111111111011001001111101101 .
#186
0(
1*
#187
1#
b11111111111111110100110000001000 %
1(
0-
#188
0(
0*
#189
0#
b11111111111111001101111111110101 &
1(
1-
b11111111111111001101111111110101 .
#190
0(
1*
#191
1#
b11111111111111101111101011000011 %
1(
0-
#192
0(
0*
#193
0#
b11111111111110111101101010111000 &
1(
1-
b11111111111110111101101010111000 .
#194
0(
1*
#195
1#
b11111111111111101100111011011110 %
1(
0-
#196
0(
0*
#197
0#
b11111111111110101010100110010110 &
1(
1-
b11111111111110101010100110010110 .
#198
0(
1*
1+
#199
1#
1$
b11111111111111110100100111000010 %
1(
0-
#200
0(
0*
0+
#201
0#
0$
b11111111111111110100100111000010 &
1(
1-
b11111111111111110100100111000010 .
#202
0(
1*
1+
#203
1#
1$
b11111111111111111000001100100011 %
1(
0-
#204
0(
0*
0+
#205
0#
0$
b11111111111111111000001100100011 &
1(
1-
b11111111111111111000001100100011 .
#206
0(
1*
1+
#207
1#
1$
b00000000000000000110100100001100 %
1(
0-
#208
0(
0*
0+
#209
0#
0$
b00000000000000000110100100001100 &
1(
1-
b00000000000000000110100100001100 .
#210
0(
1*
#211
1#
b11111111111111111100111111001011 %
1(
0-
#212
0(
0*
#213
0#
b00000000000000000011100011010111 &
1(
1-
b00000000000000000011100011010111 .
#214
0(
1*
1+
#215
1#
1$
b00000000000000000110101111111100 %
1(
0-
#216
0(
0*
0+
#217
0#
0$
b00000000000000000110101111111100 &
1(
1-
b00000000000000000110101111111100 .
#218
0(
1*
#219
1#
b11111111111111100110100101101001 %
1(
0-
#220
0(
0*
#221
0#
b11111111111111101101010101100101 &
1(
1-
b11111111111111101101010101100101 .
#222
0(
1*
#223
1#
b00000000000000001000101101110001 %
1(
0-
#224
0(
0*
#225
0#
b11111111111111110110000011010110 &
1(
1-
b11111111111111110110000011010110 .
#226
0(
1*
#227
1#
b00000000000000001001110000110011 %
1(
0-
#228
0(
0*
#229
0#
b11111111111111111111110100001001 &
1(
1-
b11111111111111111111110100001001 .
#230
0(
1*
1+
#231
1#
1$
b11111111111111111111000011110010 %
1(
0-
#232
0(
0*
0+
#233
0#
0$
b11111111111111111111000011110010 &
1(
1-
b11111111111111111111000011110010 .
#234
0(
1*
#235
1#
b00000000000000000100000011001001 %
1(
0-
#236
0(
0*
#237
0#
b00000000000000000011000110111011 &
1(
1-
b00000000000000000011000110111011 .
#238
0(
1*
#239
1#
b00000000000000000010011111001011 %
1(
0-
#240
0(
0*
#241
0#
b00000000000000000101100110000110 &
1(
1-
b00000000000000000101100110000110 .
#242
0(
1*
1+
#243
1#
1$
b00000000000000000001110111011001 %
1(
0-
#244
0(
0*
0+
#245
0#
0$
b00000000000000000001110111011001 &
1(
1-
b00000000000000000001110111011001 .
#246
0(
1*
#247
1#
b00000000000000000110010000100100 %
1(
0-
#248
0(
0*
#249
0#
b00000000000000001000000111111101 &
1(
1-
b00000000000000001000000111111101 .
#250
0(
1*
#251
1#
b00000000000000000010001111011000 %
1(
0-
#252
0(
0*
#253
0#
b00000000000000001010010111010101 &
1(
1-
b00000000000000001010010111010101 .
#254
0(
1*
#255
1#
b00000000000000010000000001100100 %
1(
0-
#256
0(
0*
#257
0#
b00000000000000011010011000111001 &
1(
1-
b00000000000000011010011000111001 .
#258
0(
1*
1+
#259
1#
1$
b11111111111111110000010010101000 %
1(
0-
#260
0(
0*
0+
#261
0#
0$
b11111111111111110000010010101000 &
1(
1-
b11111111111111110000010010101000 .
#262
0(
1*
#263
1#
b00000000000000000100100111010010 %
1(
0-
#264
0(
0*
#265
0#
b11111111111111110100111001111010 &
1(
1-
b11111111111111110100111001111010 .
#266
0(
1*
#267
1#
b00000000000000001111110011111001 %
1(
0-
#268
0(
0*
#269
0#
b00000000000000000100101101110011 &
1(
1-
b00000000000000000100101101110011 .
#270
0(
1*
#271
1#
b00000000000000000101011110110011 %
1(
0-
#272
0(
0*
#273
0#
b00000000000000001010001100100110 &
1(
1-
b00000000000000001010001100100110 .
#274
0(
1*
1+
#275
1#
1$
b00000000000000000101001111111100 %
1(
0-
#276
0(
0*
0+
#277
0#
0$
b00000000000000000101001111111100 &
1(
1-
b00000000000000000101001111111100 .
#278
0(
1*
1+
#279
1#
1$
b00000000000000010111001010111111 %
1(
0-
#280
0(
0*
0+
#281
0#
0$
b00000000000000010111001010111111 &
1(
1-
b00000000000000010111001010111111 .
#282
0(
1*
#283
1#
b11111111111111101000000001101100 %
1(
0-
#284
0(
0*
#285
0#
b11111111111111111111001100101011 &
1(
1-
b11111111111111111111001100101011 .
#286
0(
1*
#287
1#
b11111111111111110011101111111010 %
1(
0-
#288
0(
0*
#289
0#
b11111111111111110010111100100101 &
1(
1-
b11111111111111110010111100100101 .
#290
0(
1*
1+
#291
1#
1$
b11111111111111111001010101100001 %
1(
0-
#292
0(
0*
0+
#293
0#
0$
b11111111111111111001010101100001 &
1(
1-
b11111111111111111001010101100001 .
#294
0(
1*
#295
1#
b11111111111111110101010010000110 %
1(
0-
#296
0(
0*
#297
0#
b11111111111111101110100111100111 &
1(
1-
b11111111111111101110100111100111 .
#298
0(
1*
1+
#299
1#
1$
b00000000000000000000010101001000 %
1(
0-
#300
0(
0*
0+
#301
0#
0$
b00000000000000000000010101001000 &
1(
1-
b00000000000000000000010101001000 .
#302
0(
1*
#303
1#
b11111111111111101110110010111101 %
1(
0-
#304
0(
0*
#305
0#
b11111111111111101111001000000101 &
1(
1-
b11111111111111101111001000000101 .
#306
0(
1*
#307
1#
b11111111111111101100000100101110 %
1(
0-
#308
0(
0*
#309
0#
b11111111111111011011001100110011 &
1(
1-
b11111111111111011011001100110011 .
#310
0(
1*
1+
#311
1#
1$
b00000000000000010110001000010001 %
1(
0-
#312
0(
0*
0+
#313
0#
0$
b00000000000000010110001000010001 &
1(
1-
b00000000000000010110001000010001 .
#314
0(
1*
#315
1#
b11111111111111110011101010010110 %
1(
0-
#316
0(
0*
#317
0#
b00000000000000001001110010100111 &
1(
1-
b00000000000000001001110010100111 .
#318
0(
1*
#319
1#
b00000000000000000011010000010101 %
1(
0-
#320
0(
0*
#321
0#
b00000000000000001101000010111100 &
1(
1-
b00000000000000001101000010111100 .
#322
0(
1*
#323
1#
b11111111111111111110001110010000 %
1(
0-
#324
0(
0*
#325
0#
b00000000000000001011010001001100 &
1(
1-
b00000000000000001011010001001100 .
#326
0(
1*
1+
#327
1#
1$
b11111111111111110100100001010010 %
1(
0-
#328
0(
0*
0+
#329
0#
0$
b11111111111111110100100001010010 &
1(
1-
b11111111111111110100100001010010 .
#330
0(
1*
#331
1#
b00000000000000000001100110110010 %
1(
0-
#332
0(
0*
#333
0#
b11111111111111110110001000000100 &
1(
1-
b11111111111111110110001000000100 .
#334
0(
1*
#335
1#
b00000000000000011101011101111010 %
1(
0-
#336
0(
0*
#337
0#
b00000000000000010011100101111110 &
1(
1-
b00000000000000010011100101111110 .
#338
0(
1*
1+
#339
1#
1$
b00000000000000001000111100101101 %
1(
0-
#340
0(
0*
0+
#341
0#
0$
b00000000000000001000111100101101 &
1(
1-
b00000000000000001000111100101101 .
#342
0(
1*
#343
1#
b11111111111111111011100110000110 %
1(
0-
#344
0(
0*
#345
0#
b00000000000000000100100010110011 &
1(
1-
b00000000000000000100100010110011 .
#346
0(
1*
#347
1#
b00000000000000001110101000011010 %
1(
0-
#348
0(
0*
#349
0#
b00000000000000010011001011001101 &
1(
1-
b00000000000000010011001011001101 .
#350
0(
1*
#351
1#
b11111111111111111110011001010001 %
1(
0-
#352
0(
0*
#353
0#
b00000000000000010001100100011110 &
1(
1-
b00000000000000010001100100011110 .
#354
0(
1*
#355
1#
b11111111111111101100100000101100 %
1(
0-
#356
0(
0*
#357
0#
b11111111111111111110000101001010 &
1(
1-
b11111111111111111110000101001010 .
#358
0(
1*
#359
1#
b11111111111111110011100000111010 %
1(
0-
#360
0(
0*
#361
0#
b11111111111111110001100110000100 &
1(
1-
b11111111111111110001100110000100 .
#362
0(
1*
1+
#363
1#
1$
b11111111111111111101101111101100 %
1(
0-
#364
0(
0*
0+
#365
0#
0$
b11111111111111111101101111101100 &
1(
1-
b11111111111111111101101111101100 .
#366
0(
1*
#367
1#
b11111111111111010101011001111011 %
1(
0-
#368
0(
0*
#369
0#
b11111111111111010011001001100111 &
1(
1-
b11111111111111010011001001100111 .
#370
0(
1*
#371
1#
b00000000000000000100000000000000 %
1(
0-
#372
0(
0*
#373
0#
b11111111111111010111001001100111 &
1(
1-
b11111111111111010111001001100111 .
#374
0(
1*
#375
1#
b11111111111111100111000011011110 %
1(
0-
#376
0(
0*
#377
0#
b11111111111110111110001101000101 &
1(
1-
b11111111111110111110001101000101 .
#378
0(
1*
#379
1#
b11111111111111101011011010111110 %
1(
0-
#380
0(
0*
#381
0#
b11111111111110101001101000000011 &
1(
1-
b11111111111110101001101000000011 .
#382
0(
1*
1+
#383
1#
1$
b00000000000000001100000010000111 %
1(
0-
#384
0(
0*
0+
#385
0#
0$
b00000000000000001100000010000111 &
1(
1-
b00000000000000001100000010000111 .
#386
0(
1*
1+
#387
1#
1$
b11111111111111101100010011101011 %
1(
0-
#388
0(
0*
0+
#389
0#
0$
b11111111111111101100010011101011 &
1(
1-
b11111111111111101100010011101011 .
#390
0(
1*
#391
1#
b11111111111111111100100011111111 %
1(
0-
#392
0(
0*
#393
0#
b11111111111111101000110111101010 &
1(
1-
b11111111111111101000110111101010 .
#394
0(
1*
1+
#395
1#
1$
b11111111111111110111010010101111 %
1(
0-
#396
0(
0*
0+
#397
0#
0$
b11111111111111110111010010101111 &
1(
1-
b11111111111111110111010010101111 .
#398
0(
1*
1+
#399
1#
1$
b00000000000000010001101011100010 %
1(
0-
#400
0(
0*
0+
#401
0#
0$
b00000000000000010001101011100010 &
1(
1-
b00000000000000010001101011100010 .
#402
0(
1*
#403
1#
b00000000000000000011001000000000 %
1(
0-
#404
0(
0*
#405
0#
b00000000000000010100110011100010 &
1(
1-
b00000000000000010100110011100010 .
#406
0(
1*
1+
#407
1#
1$
b00000000000000001001010110001010 %
1(
0-
#408
0(
0*
0+
#409
0#
0$
b00000000000000001001010110001010 &
1(
1-
b00000000000000001001010110001010 .
#410
0(
1*
1+
#411
1#
1$
b00000000000000000010010111001110 %
1(
0-
#412
0(
0*
0+
#413
0#
0$
b00000000000000000010010111001110 &
1(
1-
b00000000000000000010010111001110 .
#414
0(
1*
#415
1#
b11111111111111101101101100010000 %
1(
0-
#416
0(
0*
#417
0#
b11111111111111110000000011011110 &
1(
1-
b11111111111111110000000011011110 .
#418
0(
1*
1+
#419
1#
1$
b00000000000000001000111001110100 %
1(
0-
#420
0(
0*
0+
#421
0#
0$
b00000000000000001000111001110100 &
1(
1-
b00000000000000001000111001110100 .
#422
0(
1*
1+
#423
1#
1$
b00000000000000000110100010000100 %
1(
0-
#424
0(
0*
0+
#425
0#
0$
b00000000000000000110100010000100 &
1(
1-
b00000000000000000110100010000100 .
#426
0(
1*
#427
1#
b11111111111111101000100011101100 %
1(
0-
#428
0(
0*
#429
0#
b11111111111111101111000101110000 &
1(
1-
b11111111111111101111000101110000 .
#430
0(
1*
1+
#431
1#
1$
b00000000000000000110000101010000 %
1(
0-
#432
0(
0*
0+
#433
0#
0$
b00000000000000000110000101010000 &
1(
1-
b00000000000000000110000101010000 .
#434
0(
1*
#435
1#
b11111111111111111111100011100111 %
1(
0-
#436
0(
0*
#437
0#
b00000000000000000101101000110111 &
1(
1-
b00000000000000000101101000110111 .
#438
0(
1*
#439
1#
b11111111111111111101101011000100 %
1(
0-
#440
0(
0*
#441
0#
b00000000000000000011010011111011 &
1(
1-
b00000000000000000011010011111011 .
#442
0(
1*
#443
1#
b00000000000000000001101110011100 %
1(
0-
#444
0(
0*
#445
0#
b00000000000000000101000010010111 &
1(
1-
b00000000000000000101000010010111 .
#446
0(
1*
1+
#447
1#
1$
b11111111111111100101111000011100 %
1(
0-
#448
0(
0*
0+
#449
0#
0$
b11111111111111100101111000011100 &
1(
1-
b11111111111111100101111000011100 .
#450
0(
1*
#451
1#
b11111111111111100000111000111010 %
1(
0-
#452
0(
0*
#453
0#
b11111111111111000110110001010110 &
1(
1-
b11111111111111000110110001010110 .
#454
0(
1*
1+
#455
1#
1$
b00000000000000001100001011000101 %
1(
0-
#456
0(
0*
0+
#457
0#
0$
b00000000000000001100001011000101 &
1(
1-
b00000000000000001100001011000101 .
#458
0(
1*
#459
1#
b11111111111111111011101011101101 %
1(
0-
#460
0(
0*
#461
0#
b00000000000000000111110110110010 &
1(
1-
b00000000000000000111110110110010 .
#462
0(
1*
#463
1#
b11111111111111111010010100011100 %
1(
0-
#464
0(
0*
#465
0#
b00000000000000000010001011001110 &
1(
1-
b00000000000000000010001011001110 .
#466
0(
1*
#467
1#
b00000000000000010001011101001010 %
1(
0-
#468
0(
0*
#469
0#
b00000000000000010011101000011000 &
1(
1-
b00000000000000010011101000011000 .
#470
0(
1*
1+
#471
1#
1$
b00000000000000000011101010001100 %
1(
0-
#472
0(
0*
0+
#473
0#
0$
b00000000000000000011101010001100 &
1(
1-
b00000000000000000011101010001100 .
#474
0(
1*
#475
1#
b00000000000000010110101011111000 %
1(
0-
#476
0(
0*
#477
0#
b00000000000000011010010110000100 &
1(
1-
b00000000000000011010010110000100 .
#478
0(
1*
#479
1#
b11111111111111110010100011101100 %
1(
0-
#480
0(
0*
#481
0#
b00000000000000001100111001110000 &
1(
1-
b00000000000000001100111001110000 .
#482
0(
1*
#483
1#
b11111111111111111001110010110101 %
1(
0-
#484
0(
0*
#485
0#
b00000000000000000110101100100101 &
1(
1-
b00000000000000000110101100100101 .
#486
0(
1*
1+
#487
1#
1$
b11111111111111110010110111100011 %
1(
0-
#488
0(
0*
0+
#489
0#
0$
b11111111111111110010110111100011 &
1(
1-
b11111111111111110010110111100011 .
#490
0(
1*
1+
#491
1#
1$
b11111111111111110111111110111110 %
1(
0-
#492
0(
0*
0+
#493
0#
0$
b11111111111111110111111110111110 &
1(
1-
b11111111111111110111111110111110 .
#494
0(
1*
#495
1#
b00000000000000000101001001000110 %
1(
0-
#496
0(
0*
#497
0#
b11111111111111111101001000000100 &
1(
1-
b11111111111111111101001000000100 .
#498
0(
1*
#499
1#
b00000000000000001001111100111111 %
1(
0-
#500
0(
0*
#501
0#
b00000000000000000111000101000011 &
1(
1-
b00000000000000000111000101000011 .
#502
0(
1*
#503
1#
b00000000000000010010010111111011 %
1(
0-
#504
0(
0*
#505
0#
b00000000000000011001011100111110 &
1(
1-
b00000000000000011001011100111110 .
#506
0(
1*
1+
#507
1#
1$
b11111111111111101111001111101000 %
1(
0-
#508
0(
0*
0+
#509
0#
0$
b11111111111111101111001111101000 &
1(
1-
b11111111111111101111001111101000 .
#510
0(
1*
1+
#511
1#
1$
b11111111111111111111100101111000 %
1(
0-
#512
0(
0*
0+
#513
0#
0$
b11111111111111111111100101111000 &
1(
1-
b11111111111111111111100101111000 .
#514
0(
1*
#515
1#
b00000000000000010010001110111011 %
1(
0-
#516
0(
0*
#517
0#
b00000000000000010001110100110011 &
1(
1-
b00000000000000010001110100110011 .
#518
0(
1*
1+
#519
1#
1$
b11111111111111110101101111001011 %
1(
0-
#520
0(
0*
0+
#521
0#
0$
b11111111111111110101101111001011 &
1(
1-
b11111111111111110101101111001011 .
#522
0(
1*
#523
1#
b11111111111111110011100101101110 %
1(
0-
#524
0(
0*
#525
0#
b11111111111111101001010100111001 &
1(
1-
b11111111111111101001010100111001 .
#526
0(
1*
#527
1#
b11111111111111110001111110010100 %
1(
0-
#528
0(
0*
#529
0#
b11111111111111011011010011001101 &
1(
1-
b11111111111111011011010011001101 .
#530
0(
1*
#531
1#
b00000000000000001000010100110111 %
1(
0-
#532
0(
0*
#533
0#
b11111111111111100011101000000100 &
1(
1-
b11111111111111100011101000000100 .
#534
0(
1*
#535
1#
b00000000000000000010000010100101 %
1(
0-
#536
0(
0*
#537
0#
b11111111111111100101101010101001 &
1(
1-
b11111111111111100101101010101001 .
#538
0(
1*
#539
1#
b11111111111111111011010100011001 %
1(
0-
#540
0(
0*
#541
0#
b11111111111111100000111111000010 &
1(
1-
b11111111111111100000111111000010 .
#542
0(
1*
#543
1#
b11111111111111101001010000010110 %
1(
0-
#544
0(
0*
#545
0#
b11111111111111001010001111011000 &
1(
1-
b11111111111111001010001111011000 .
#546
0(
1*
#547
1#
b00000000000000001100001110010011 %
1(
0-
#548
0(
0*
#549
0#
b11111111111111010110011101101011 &
1(
1-
b11111111111111010110011101101011 .
#550
0(
1*
1+
#551
1#
1$
b11111111111111101000010111100100 %
1(
0-
#552
0(
0*
0+
#553
0#
0$
b11111111111111101000010111100100 &
1(
1-
b11111111111111101000010111100100 .
#554
0(
1*
#555
1#
b11111111111111110110100000110100 %
1(
0-
#556
0(
0*
#557
0#
b11111111111111011110111000011000 &
1(
1-
b11111111111111011110111000011000 .
#558
0(
1*
#559
1#
b00000000000000001111100000100101 %
1(
0-
#560
0(
0*
#561
0#
b11111111111111101110011000111101 &
1(
1-
b11111111111111101110011000111101 .
#562
0(
1*
#563
1#
b11111111111111110100001101110010 %
1(
0-
#564
0(
0*
#565
0#
b11111111111111100010100110101111 &
1(
1-
b11111111111111100010100110101111 .
#566
0(
1*
#567
1#
b11111111111111110000000110000010 %
1(
0-
#568
0(
0*
#569
0#
b11111111111111010010101100110001 &
1(
1-
b11111111111111010010101100110001 .
#570
0(
1*
#571
1#
b11111111111111110011001010100101 %
1(
0-
#572
0(
0*
#573
0#
b11111111111111000101110111010110 &
1(
1-
b11111111111111000101110111010110 .
#574
0(
1*
#575
1#
b00000000000000000011110011011011 %
1(
0-
#576
0(
0*
#577
0#
b11111111111111001001101010110001 &
1(
1-
b11111111111111001001101010110001 .
#578
0(
1*
#579
1#
b00000000000000001000010101110000 %
1(
0-
#580
0(
0*
#581
0#
b11111111111111010010000000100001 &
1(
1-
b11111111111111010010000000100001 .
#582
0(
1*
#583
1#
b11111111111111111110111010110000 %
1(
0-
#584
0(
0*
#585
0#
b11111111111111010000111011010001 &
1(
1-
b11111111111111010000111011010001 .
#586
0(
1*
#587
1#
b00000000000000010100101101011001 %
1(
0-
#588
0(
0*
#589
0#
b11111111111111100101101000101010 &
1(
1-
b11111111111111100101101000101010 .
#590
0(
1*
#591
1#
b00000000000000010010000001010111 %
1(
0-
#592
0(
0*
#593
0#
b11111111111111110111101010000001 &
1(
1-
b11111111111111110111101010000001 .
#594
0(
1*
1+
#595
1#
1$
b11111111111111110000111100100000 %
1(
0-
#596
0(
0*
0+
#597
0#
0$
b11111111111111110000111100100000 &
1(
1-
b11111111111111110000111100100000 .
#598
0(
1*
#599
1#
b11111111111111111100100110011000 %
1(
0-
#600
0(
0*
#601
0#
b11111111111111101101100010111000 &
1(
1-
b11111111111111101101100010111000 .
#602
0(
1*
#603
1#
b11111111111111101010101111111010 %
1(
0-
#604
0(
0*
#605
0#
b11111111111111011000010010110010 &
1(
1-
b11111111111111011000010010110010 .
#606
0(
1*
1+
#607
1#
1$
b11111111111111111110100000101001 %
1(
0-
#608
0(
0*
0+
#609
0#
0$
b11111111111111111110100000101001 &
1(
1-
b11111111111111111110100000101001 .
#610
0(
1*
#611
1#
b11111111111111111101011110111101 %
1(
0-
#612
0(
0*
#613
0#
b11111111111111111011111111100110 &
1(
1-
b11111111111111111011111111100110 .
#614
0(
1*
1+
#615
1#
1$
b11111111111111111110100101101001 %
1(
0-
#616
0(
0*
0+
#617
0#
0$
b11111111111111111110100101101001 &
1(
1-
b11111111111111111110100101101001 .
#618
0(
1*
1+
#619
1#
1$
b00000000000000100011011000111000 %
1(
0-
#620
0(
0*
0+
#621
0#
0$
b00000000000000100011011000111000 &
1(
1-
b00000000000000100011011000111000 .
#622
0(
1*
#623
1#
b00000000000000010110111100100111 %
1(
0-
#624
0(
0*
#625
0#
b00000000000000111010010101011111 &
1(
1-
b00000000000000111010010101011111 .
#626
0(
1*
#627
1#
b00000000000000001001110010010011 %
1(
0-
#628
0(
0*
#629
0#
b00000000000001000100000111110010 &
1(
1-
b00000000000001000100000111110010 .
#630
0(
1*
#631
1#
b11111111111111100101010001111000 %
1(
0-
#632
0(
0*
#633
0#
b00000000000000101001011001101010 &
1(
1-
b00000000000000101001011001101010 .
#634
0(
1*
#635
1#
b00000000000000000011110000110101 %
1(
0-
#636
0(
0*
#637
0#
b00000000000000101101001010011111 &
1(
1-
b00000000000000101101001010011111 .
#638
0(
1*
1+
#639
1#
1$
b11111111111111111111001001000100 %
1(
0-
#640
0(
0*
0+
#641
0#
0$
b11111111111111111111001001000100 &
1(
1-
b11111111111111111111001001000100 .
#642
0(
1*
1+
#643
1#
1$
b11111111111111110010010001011101 %
1(
0-
#644
0(
0*
0+
#645
0#
0$
b11111111111111110010010001011101 &
1(
1-
b11111111111111110010010001011101 .
#646
0(
1*
1+
#647
1#
1$
b11111111111111011001101000100010 %
1(
0-
#648
0(
0*
0+
#649
0#
0$
b11111111111111011001101000100010 &
1(
1-
b11111111111111011001101000100010 .
#650
0(
1*
#651
1#
b11111111111111110100110010010010 %
1(
0-
#652
0(
0*
#653
0#
b11111111111111001110011010110100 &
1(
1-
b11111111111111001110011010110100 .
#654
0(
1*
#655
1#
b00000000000000010000111110010001 %
1(
0-
#656
0(
0*
#657
0#
b11111111111111011111011001000101 &
1(
1-
b11111111111111011111011001000101 .
#658
0(
1*
#659
1#
b00000000000000001100001011000100 %
1(
0-
#660
0(
0*
#661
0#
b11111111111111101011100100001001 &
1(
1-
b11111111111111101011100100001001 .
#662
0(
1*
1+
#663
1#
1$
b11111111111111110111110101010110 %
1(
0-
#664
0(
0*
0+
#665
0#
0$
b11111111111111110111110101010110 &
1(
1-
b11111111111111110111110101010110 .
#666
0(
1*
#667
1#
b00000000000000001011101101010011 %
1(
0-
#668
0(
0*
#669
0#
b00000000000000000011100010101001 &
1(
1-
b00000000000000000011100010101001 .
#670
0(
1*
#671
1#
b11111111111111100000110010110110 %
1(
0-
#672
0(
0*
#673
0#
b11111111111111100100010101011111 &
1(
1-
b11111111111111100100010101011111 .
#674
0(
1*
#675
1#
b00000000000000010010001111111110 %
1(
0-
#676
0(
0*
#677
0#
b11111111111111110110100101011101 &
1(
1-
b11111111111111110110100101011101 .
#678
0(
1*
#679
1#
b00000000000000010000101110110111 %
1(
0-
#680
0(
0*
#681
0#
b00000000000000000111010100010100 &
1(
1-
b00000000000000000111010100010100 .
#682
0(
1*
1+
#683
1#
1$
b11111111111111111101101001011001 %
1(
0-
#684
0(
0*
0+
#685
0#
0$
b11111111111111111101101001011001 &
1(
1-
b11111111111111111101101001011001 .
#686
0(
1*
#687
1#
b11111111111111101110110110110111 %
1(
0-
#688
0(
0*
#689
0#
b11111111111111101100100000010000 &
1(
1-
b11111111111111101100100000010000 .
#690
0(
1*
1+
#691
1#
1$
b00000000000000010001110001100100 %
1(
0-
#692
0(
0*
0+
#693
0#
0$
b00000000000000010001110001100100 &
1(
1-
b00000000000000010001110001100100 .
#694
0(
1*
1+
#695
1#
1$
b11111111111111100101111000001000 %
1(
0-
#696
0(
0*
0+
#697
0#
0$
b11111111111111100101111000001000 &
1(
1-
b11111111111111100101111000001000 .
#698
0(
1*
1+
#699
1#
1$
b00000000000000000111010001110101 %
1(
0-
#700
0(
0*
0+
#701
0#
0$
b00000000000000000111010001110101 &
1(
1-
b00000000000000000111010001110101 .
#702
0(
1*
1+
#703
1#
1$
b11111111111111111100110111101110 %
1(
0-
#704
0(
0*
0+
#705
0#
0$
b11111111111111111100110111101110 &
1(
1-
b11111111111111111100110111101110 .
#706
0(
1*
#707
1#
b11111111111111111110110010100011 %
1(
0-
#708
0(
0*
#709
0#
b11111111111111111011101010010001 &
1(
1-
b11111111111111111011101010010001 .
#710
0(
1*
#711
1#
b11111111111111110011011100110100 %
1(
0-
#712
0(
0*
#713
0#
b11111111111111101111000111000101 &
1(
1-
b11111111111111101111000111000101 .
#714
0(
1*
#715
1#
b00000000000000000001010111010010 %
1(
0-
#716
0(
0*
#717
0#
b11111111111111110000011110010111 &
1(
1-
b11111111111111110000011110010111 .
#718
0(
1*
#719
1#
b00000000000000001110000010100110 %
1(
0-
#720
0(
0*
#721
0#
b11111111111111111110100000111101 &
1(
1-
b11111111111111111110100000111101 .
#722
0(
1*
#723
1#
b00000000000000001011011111010000 %
1(
0-
#724
0(
0*
#725
0#
b00000000000000001010000000001101 &
1(
1-
b00000000000000001010000000001101 .
#726
0(
1*
#727
1#
b11111111111111111010111101010100 %
1(
0-
#728
0(
0*
#729
0#
b00000000000000000100111101100001 &
1(
1-
b00000000000000000100111101100001 .
#730
0(
1*
#731
1#
b11111111111111111101000101100010 %
1(
0-
#732
0(
0*
#733
0#
b00000000000000000010000011000011 &
1(
1-
b00000000000000000010000011000011 .
#734
0(
1*
#735
1#
b11111111111111101100001111110101 %
1(
0-
#736
0(
0*
#737
0#
b11111111111111101110010010111000 &
1(
1-
b11111111111111101110010010111000 .
#738
0(
1*
1+
#739
1#
1$
b11111111111111111111100001001101 %
1(
0-
#740
0(
0*
0+
#741
0#
0$
b11111111111111111111100001001101 &
1(
1-
b11111111111111111111100001001101 .
#742
0(
1*
#743
1#
b11111111111111110000010110100011 %
1(
0-
#744
0(
0*
#745
0#
b11111111111111101111110111110000 &
1(
1-
b11111111111111101111110111110000 .
#746
0(
1*
#747
1#
b11111111111111101101110011101101 %
1(
0-
#748
0(
0*
#749
0#
b11111111111111011101101011011101 &
1(
1-
b11111111111111011101101011011101 .
#750
0(
1*
#751
1#
b11111111111111010011100001111010 %
1(
0-
#752
0(
0*
#753
0#
b11111111111110110001001101010111 &
1(
1-
b11111111111110110001001101010111 .
#754
0(
1*
#755
1#
b00000000000000010110101101011100 %
1(
0-
#756
0(
0*
#757
0#
b11111111111111000111111010110011 &
1(
1-
b11111111111111000111111010110011 .
#758
0(
1*
#759
1#
b00000000000000000111000110101011 %
1(
0-
#760
0(
0*
#761
0#
b11111111111111001111000001011110 &
1(
1-
b11111111111111001111000001011110 .
#762
0(
1*
1+
#763
1#
1$
b11111111111111111011110100000111 %
1(
0-
#764
0(
0*
0+
#765
0#
0$
b11111111111111111011110100000111 &
1(
1-
b11111111111111111011110100000111 .
#766
0(
1*
1+
#767
1#
1$
b11111111111111111101111111001110 %
1(
0-
#768
0(
0*
0+
#769
0#
0$
b11111111111111111101111111001110 &
1(
1-
b11111111111111111101111111001110 .
#770
0(
1*
1+
#771
1#
1$
b11111111111111101000100000001011 %
1(
0-
#772
0(
0*
0+
#773
0#
0$
b11111111111111101000100000001011 &
1(
1-
b11111111111111101000100000001011 .
#774
0(
1*
#775
1#
b00000000000000001010111010110100 %
1(
0-
#776
0(
0*
#777
0#
b11111111111111110011011010111111 &
1(
1-
b11111111111111110011011010111111 .
#778
0(
1*
#779
1#
b00000000000000100011011001100110 %
1(
0-
#780
0(
0*
#781
0#
b00000000000000010110110100100101 &
1(
1-
b00000000000000010110110100100101 .
#782
0(
1*
1+
#783
1#
1$
b00000000000000000001010001010010 %
1(
0-
#784
0(
0*
0+
#785
0#
0$
b00000000000000000001010001010010 &
1(
1-
b00000000000000000001010001010010 .
#786
0(
1*
#787
1#
b11111111111111100001111100001100 %
1(
0-
#788
0(
0*
#789
0#
b11111111111111100011001101011110 &
1(
1-
b11111111111111100011001101011110 .
#790
0(
1*
1+
#791
1#
1$
b00000000000000000110011010101101 %
1(
0-
#792
0(
0*
0+
#793
0#
0$
b00000000000000000110011010101101 &
1(
1-
b00000000000000000110011010101101 .
#794
0(
1*
#795
1#
b00000000000000000101100100011001 %
1(
0-
#796
0(
0*
#797
0#
b00000000000000001011111111000110 &
1(
1-
b00000000000000001011111111000110 .
#798
0(
1*
#799
1#
b11111111111111101100011000000101 %
1(
0-
#800
0(
0*
#801
0#
b11111111111111111000010111001011 &
1(
1-
b11111111111111111000010111001011 .
#802
0(
1*
1+
#803
1#
1$
b11111111111111101010111000111011 %
1(
0-
#804
0(
0*
0+
#805
0#
0$
b11111111111111101010111000111011 &
1(
1-
b11111111111111101010111000111011 .
#806
0(
1*
#807
1#
b11111111111111110011001101101110 %
1(
0-
#808
0(
0*
#809
0#
b11111111111111011110000110101001 &
1(
1-
b11111111111111011110000110101001 .
#810
0(
1*
#811
1#
b00000000000000001010100101111100 %
1(
0-
#812
0(
0*
#813
0#
b11111111111111101000101100100101 &
1(
1-
b11111111111111101000101100100101 .
#814
0(
1*
#815
1#
b00000000000000001000010111010111 %
1(
0-
#816
0(
0*
#817
0#
b11111111111111110001000011111100 &
1(
1-
b11111111111111110001000011111100 .
#818
0(
1*
#819
1#
b00000000000000000001101011110010 %
1(
0-
#820
0(
0*
#821
0#
b11111111111111110010101111101110 &
1(
1-
b11111111111111110010101111101110 .
#822
0(
1*
#823
1#
b11111111111111111111111111101010 %
1(
0-
#824
0(
0*
#825
0#
b11111111111111110010101111011000 &
1(
1-
b11111111111111110010101111011000 .
#826
0(
1*
1+
#827
1#
1$
b11111111111111101010100000011000 %
1(
0-
#828
0(
0*
0+
#829
0#
0$
b11111111111111101010100000011000 &
1(
1-
b11111111111111101010100000011000 .
#830
0(
1*
#831
1#
b11111111111111110100010001001110 %
1(
0-
#832
0(
0*
#833
0#
b11111111111111011110110001100110 &
1(
1-
b11111111111111011110110001100110 .
#834
0(
1*
#835
1#
b00000000000000011100011011011010 %
1(
0-
#836
0(
0*
#837
0#
b11111111111111111011001101000000 &
1(
1-
b11111111111111111011001101000000 .
#838
0(
1*
1+
#839
1#
1$
b00000000000000000111101101011001 %
1(
0-
#840
0(
0*
0+
#841
0#
0$
b00000000000000000111101101011001 &
1(
1-
b00000000000000000111101101011001 .
#842
0(
1*
1+
#843
1#
1$
b00000000000000010011001010101011 %
1(
0-
#844
0(
0*
0+
#845
0#
0$
b00000000000000010011001010101011 &
1(
1-
b00000000000000010011001010101011 .
#846
0(
1*
#847
1#
b00000000000000000100001001110111 %
1(
0-
#848
0(
0*
#849
0#
b00000000000000010111010100100010 &
1(
1-
b00000000000000010111010100100010 .
#850
0(
1*
#851
1#
b00000000000000010100000111010100 %
1(
0-
#852
0(
0*
#853
0#
b00000000000000101011011011110110 &
1(
1-
b00000000000000101011011011110110 .
#854
0(
1*
#855
1#
b00000000000000010100101101110000 %
1(
0-
#856
0(
0*
#857
0#
b00000000000001000000001001100110 &
1(
1-
b00000000000001000000001001100110 .
#858
0(
1*
#859
1#
b11111111111111111110011000000011 %
1(
0-
#860
0(
0*
#861
0#
b00000000000000111110100001101001 &
1(
1-
b00000000000000111110100001101001 .
#862
0(
1*
#863
1#
b11111111111111111001000011110110 %
1(
0-
#864
0(
0*
#865
0#
b00000000000000110111100101011111 &
1(
1-
b00000000000000110111100101011111 .
#866
0(
1*
#867
1#
b11111111111111110010000101000011 %
1(
0-
#868
0(
0*
#869
0#
b00000000000000101001101010100010 &
1(
1-
b00000000000000101001101010100010 .
#870
0(
1*
1+
#871
1#
1$
b00000000000000000100100010011100 %
1(
0-
#872
0(
0*
0+
#873
0#
0$
b00000000000000000100100010011100 &
1(
1-
b00000000000000000100100010011100 .
#874
0(
1*
#875
1#
b11111111111111110110100001100100 %
1(
0-
#876
0(
0*
#877
0#
b11111111111111111011000100000000 &
1(
1-
b11111111111111111011000100000000 .
#878
0(
1*
1+
#879
1#
1$
b00000000000000000010000001110111 %
1(
0-
#880
0(
0*
0+
#881
0#
0$
b00000000000000000010000001110111 &
1(
1-
b00000000000000000010000001110111 .
#882
0(
1*
1+
#883
1#
1$
b00000000000000010100101111000011 %
1(
0-
#884
0(
0*
0+
#885
0#
0$
b00000000000000010100101111000011 &
1(
1-
b00000000000000010100101111000011 .
#886
0(
1*
#887
1#
b11111111111111111110010100000110 %
1(
0-
#888
0(
0*
#889
0#
b00000000000000010011000011001001 &
1(
1-
b00000000000000010011000011001001 .
#890
0(
1*
#891
1#
b11111111111111111100100001001011 %
1(
0-
#892
0(
0*
#893
0#
b00000000000000001111100100010100 &
1(
1-
b00000000000000001111100100010100 .
#894
0(
1*
#895
1#
b11111111111111111110110110110001 %
1(
0-
#896
0(
0*
#897
0#
b00000000000000001110011011000101 &
1(
1-
b00000000000000001110011011000101 .
#898
0(
1*
#899
1#
b00000000000000000010111000000001 %
1(
0-
#900
0(
0*
#901
0#
b00000000000000010001010011000110 &
1(
1-
b00000000000000010001010011000110 .
#902
0(
1*
#903
1#
b11111111111111110100001000100110 %
1(
0-
#904
0(
0*
#905
0#
b00000000000000000101011011101100 &
1(
1-
b00000000000000000101011011101100 .
#906
0(
1*
1+
#907
1#
1$
b11111111111111111101011010100100 %
1(
0-
#908
0(
0*
0+
#909
0#
0$
b11111111111111111101011010100100 &
1(
1-
b11111111111111111101011010100100 .
#910
0(
1*
1+
#911
1#
1$
b11111111111111111101011100001111 %
1(
0-
#912
0(
0*
0+
#913
0#
0$
b11111111111111111101011100001111 &
1(
1-
b11111111111111111101011100001111 .
#914
0(
1*
#915
1#
b00000000000000000101000110011001 %
1(
0-
#916
0(
0*
#917
0#
b00000000000000000010100010101000 &
1(
1-
b00000000000000000010100010101000 .
#918
0(
1*
1+
#919
1#
1$
b11111111111111110011101111010100 %
1(
0-
#920
0(
0*
0+
#921
0#
0$
b11111111111111110011101111010100 &
1(
1-
b11111111111111110011101111010100 .
#922
0(
1*
#923
1#
b11111111111111110010100011110010 %
1(
0-
#924
0(
0*
#925
0#
b11111111111111100110010011000110 &
1(
1-
b11111111111111100110010011000110 .
#926
0(
1*
#927
1#
b00000000000000100011000010001000 %
1(
0-
#928
0(
0*
#929
0#
b00000000000000001001010101001110 &
1(
1-
b00000000000000001001010101001110 .
#930
0(
1*
#931
1#
b11111111111111111010010000100001 %
1(
0-
#932
0(
0*
#933
0#
b00000000000000000011100101101111 &
1(
1-
b00000000000000000011100101101111 .
#934
0(
1*
1+
#935
1#
1$
b00000000000000000100001111010011 %
1(
0-
#936
0(
0*
0+
#937
0#
0$
b00000000000000000100001111010011 &
1(
1-
b00000000000000000100001111010011 .
#938
0(
1*
#939
1#
b11111111111111101011001010100001 %
1(
0-
#940
0(
0*
#941
0#
b11111111111111101111011001110100 &
1(
1-
b11111111111111101111011001110100 .
#942
0(
1*
#943
1#
b00000000000000010011111100100000 %
1(
0-
#944
0(
0*
#945
0#
b00000000000000000011010110010100 &
1(
1-
b00000000000000000011010110010100 .
#946
0(
1*
#947
1#
b00000000000000001111100101110110 %
1(
0-
#948
0(
0*
#949
0#
b00000000000000010010111100001010 &
1(
1-
b00000000000000010010111100001010 .
#950
0(
1*
#951
1#
b11111111111111111101000101101001 %
1(
0-
#952
0(
0*
#953
0#
b00000000000000010000000001110011 &
1(
1-
b00000000000000010000000001110011 .
#954
0(
1*
#955
1#
b11111111111111101110110100000110 %
1(
0-
#956
0(
0*
#957
0#
b11111111111111111110110101111001 &
1(
1-
b11111111111111111110110101111001 .
#958
0(
1*
1+
#959
1#
1$
b11111111111111111110110010101110 %
1(
0-
#960
0(
0*
0+
#961
0#
0$
b11111111111111111110110010101110 &
1(
1-
b11111111111111111110110010101110 .
#962
0(
1*
#963
1#
b00000000000000000111010000100010 %
1(
0-
#964
0(
0*
#965
0#
b00000000000000000110000011010000 &
1(
1-
b00000000000000000110000011010000 .
#966
0(
1*
#967
1#
b11111111111111111101100110000001 %
1(
0-
#968
0(
0*
#969
0#
b00000000000000000011101001010001 &
1(
1-
b00000000000000000011101001010001 .
#970
0(
1*
#971
1#
b11111111111111110001111110011010 %
1(
0-
#972
0(
0*
#973
0#
b11111111111111110101100111101011 &
1(
1-
b11111111111111110101100111101011 .
#974
0(
1*
#975
1#
b00000000000000000000110010010110 %
1(
0-
#976
0(
0*
#977
0#
b11111111111111110110011010000001 &
1(
1-
b11111111111111110110011010000001 .
#978
0(
1*
#979
1#
b00000000000000001000001010111010 %
1(
0-
#980
0(
0*
#981
0#
b11111111111111111110100100111011 &
1(
1-
b11111111111111111110100100111011 .
#982
0(
1*
#983
1#
b11111111111111100100000111000000 %
1(
0-
#984
0(
0*
#985
0#
b11111111111111100010101011111011 &
1(
1-
b11111111111111100010101011111011 .
#986
0(
1*
#987
1#
b00000000000000101000000001101110 %
1(
0-
#988
0(
0*
#989
0#
b00000000000000001010101101101001 &
1(
1-
b00000000000000001010101101101001 .
#990
0(
1*
#991
1#
b00000000000000001001010110010011 %
1(
0-
#992
0(
0*
#993
0#
b00000000000000010100000011111100 &
1(
1-
b00000000000000010100000011111100 .
#994
0(
1*
#995
1#
b11111111111111111110010111101100 %
1(
0-
#996
0(
0*
#997
0#
b00000000000000010010011011101000 &
1(
1-
b00000000000000010010011011101000 .
#998
0(
1*
#999
1#
b11111111111111111101100110011000 %
1(
0-
#1000
0(
0*
#1001
0#
b00000000000000010000000010000000 &
1(
1-
b00000000000000010000000010000000 .
#1002
0(
1*
#1003
1#
b11111111111111110010100101001010 %
1(
0-
#1004
0(
0*
#1005
0#
b00000000000000000010100111001010 &
1(
1-
b00000000000000000010100111001010 .
#1006
0(
1*
1+
#1007
1#
1$
b00000000000000000011010011011110 %
1(
0-
#1008
0(
0*
0+
#1009
0#
0$
b00000000000000000011010011011110 &
1(
1-
b00000000000000000011010011011110 .
#1010
0(
1*
#1011
1#
b00000000000000011111010011110011 %
1(
0-
#1012
0(
0*
#1013
0#
b00000000000000100010100111010001 &
1(
1-
b00000000000000100010100111010001 .
#1014
0(
1*
#1015
1#
b00000000000000001001111010001000 %
1(
0-
#1016
0(
0*
#1017
0#
b00000000000000101100100001011001 &
1(
1-
b00000000000000101100100001011001 .
#1018
0(
1*
1+
#1019
1#
1$
b00000000000000000001111011011000 %
1(
0-
#1020
0(
0*
0+
#1021
0#
0$
b00000000000000000001111011011000 &
1(
1-
b00000000000000000001111011011000 .
#1022
0(
1*
#1023
1#
b00000000000000001001011100110110 %
1(
0-
#1024
0(
0*
#1025
0#
b00000000000000001011011000001110 &
1(
1-
b00000000000000001011011000001110 .
#1026
0(
1*
1+
#1027
1#
1$
b11111111111111101101111101100101 %
1(
0-
#1028
0(
0*
0+
#1029
0#
0$
b11111111111111101101111101100101 &
1(
1-
b11111111111111101101111101100101 .
#1030
0(
1*
#1031
1#
b00000000000000011001000101000000 %
1(
0-
#1032
0(
0*
#1033
0#
b00000000000000000111000010100101 &
1(
1-
b00000000000000000111000010100101 .
#1034
0(
1*
#1035
1#
b00000000000000001001010100010001 %
1(
0-
#1036
0(
0*
#1037
0#
b00000000000000010000010110110110 &
1(
1-
b00000000000000010000010110110110 .
#1038
0(
1*
#1039
1#
b00000000000000001111001111110000 %
1(
0-
#1040
0(
0*
#1041
0#
b00000000000000011111100110100110 &
1(
1-
b00000000000000011111100110100110 .
#1042
0(
1*
#1043
1#
b11111111111111110111100110100000 %
1(
0-
#1044
0(
0*
#1045
0#
b00000000000000010111001101000110 &
1(
1-
b00000000000000010111001101000110 .
#1046
0(
1*
#1047
1#
b11111111111111111101100100011111 %
1(
0-
#1048
0(
0*
#1049
0#
b00000000000000010100110001100101 &
1(
1-
b00000000000000010100110001100101 .
#1050
0(
1*
1+
#1051
1#
1$
b11111111111111110111101100111110 %
1(
0-
#1052
0(
0*
0+
#1053
0#
0$
b11111111111111110111101100111110 &
1(
1-
b11111111111111110111101100111110 .
#1054
0(
1*
1+
#1055
1#
1$
b00000000000000001000101100011101 %
1(
0-
#1056
0(
0*
0+
#1057
0#
0$
b00000000000000001000101100011101 &
1(
1-
b00000000000000001000101100011101 .
#1058
0(
1*
#1059
1#
b00000000000000010100101110110010 %
1(
0-
#1060
0(
0*
#1061
0#
b00000000000000011101011011001111 &
1(
1-
b00000000000000011101011011001111 .
#1062
0(
1*
1+
#1063
1#
1$
b00000000000000001111000101110110 %
1(
0-
#1064
0(
0*
0+
#1065
0#
0$
b00000000000000001111000101110110 &
1(
1-
b00000000000000001111000101110110 .
#1066
0(
1*
1+
#1067
1#
1$
b00000000000000010101010100010110 %
1(
0-
#1068
0(
0*
0+
#1069
0#
0$
b00000000000000010101010100010110 &
1(
1-
b00000000000000010101010100010110 .
#1070
0(
1*
1+
#1071
1#
1$
b11111111111111110001001101000100 %
1(
0-
#1072
0(
0*
0+
#1073
0#
0$
b11111111111111110001001101000100 &
1(
1-
b11111111111111110001001101000100 .
#1074
0(
1*
1+
#1075
1#
1$
b11111111111111100101000000101110 %
1(
0-
#1076
0(
0*
0+
#1077
0#
0$
b11111111111111100101000000101110 &
1(
1-
b11111111111111100101000000101110 .
#1078
0(
1*
#1079
1#
b11111111111111111111111100010111 %
1(
0-
#1080
0(
0*
#1081
0#
b11111111111111100100111101000101 &
1(
1-
b11111111111111100100111101000101 .
#1082
0(
1*
#1083
1#
b11111111111111101010010110010100 %
1(
0-
#1084
0(
0*
#1085
0#
b11111111111111001111010011011001 &
1(
1-
b11111111111111001111010011011001 .
#1086
0(
1*
#1087
1#
b11111111111111010011010000111100 %
1(
0-
#1088
0(
0*
#1089
0#
b11111111111110100010100100010101 &
1(
1-
b11111111111110100010100100010101 .
#1090
0(
1*
1+
#1091
1#
1$
b11111111111111111010111000011000 %
1(
0-
#1092
0(
0*
0+
#1093
0#
0$
b11111111111111111010111000011000 &
1(
1-
b11111111111111111010111000011000 .
#1094
0(
1*
#1095
1#
b00000000000000001001110100001110 %
1(
0-
#1096
0(
0*
#1097
0#
b00000000000000000100101100100110 &
1(
1-
b00000000000000000100101100100110 .
#1098
0(
1*
1+
#1099
1#
1$
b11111111111111110101101100100111 %
1(
0-
#1100
0(
0*
0+
#1101
0#
0$
b11111111111111110101101100100111 &
1(
1-
b11111111111111110101101100100111 .
#1102
0(
1*
1+
#1103
1#
1$
b11111111111111011110000011001001 %
1(
0-
#1104
0(
0*
0+
#1105
0#
0$
b11111111111111011110000011001001 &
1(
1-
b11111111111111011110000011001001 .
#1106
0(
1*
1+
#1107
1#
1$
b00000000000000000011001011000000 %
1(
0-
#1108
0(
0*
0+
#1109
0#
0$
b00000000000000000011001011000000 &
1(
1-
b00000000000000000011001011000000 .
#1110
0(
1*
#1111
1#
b00000000000000000000101001001100 %
1(
0-
#1112
0(
0*
#1113
0#
b00000000000000000011110100001100 &
1(
1-
b00000000000000000011110100001100 .
#1114
0(
1*
#1115
1#
b00000000000000010001001010010100 %
1(
0-
#1116
0(
0*
#1117
0#
b00000000000000010100111110100000 &
1(
1-
b00000000000000010100111110100000 .
#1118
0(
1*
1+
#1119
1#
1$
b11111111111111110010100111111001 %
1(
0-
#1120
0(
0*
0+
#1121
0#
0$
b11111111111111110010100111111001 &
1(
1-
b11111111111111110010100111111001 .
#1122
0(
1*
#1123
1#
b00000000000000000010000100101010 %
1(
0-
#1124
0(
0*
#1125
0#
b11111111111111110100101100100011 &
1(
1-
b11111111111111110100101100100011 .
#1126
0(
1*
#1127
1#
b11111111111111111101111111110010 %
1(
0-
#1128
0(
0*
#1129
0#
b11111111111111110010101100010101 &
1(
1-
b11111111111111110010101100010101 .
#1130
0(
1*
#1131
1#
b00000000000000010010011111111010 %
1(
0-
#1132
0(
0*
#1133
0#
b00000000000000000101001100001111 &
1(
1-
b00000000000000000101001100001111 .
#1134
0(
1*
1+
#1135
1#
1$
b11111111111111111101000000111100 %
1(
0-
#1136
0(
0*
0+
#1137
0#
0$
b11111111111111111101000000111100 &
1(
1-
b11111111111111111101000000111100 .
#1138
0(
1*
1+
#1139
1#
1$
b11111111111111111100111100001101 %
1(
0-
#1140
0(
0*
0+
#1141
0#
0$
b11111111111111111100111100001101 &
1(
1-
b11111111111111111100111100001101 .
#1142
0(
1*
#1143
1#
b00000000000000001011110011001011 %
1(
0-
#1144
0(
0*
#1145
0#
b00000000000000001000101111011000 &
1(
1-
b00000000000000001000101111011000 .
#1146
0(
1*
1+
#1147
1#
1$
b00000000000000001000001100001001 %
1(
0-
#1148
0(
0*
0+
#1149
0#
0$
b00000000000000001000001100001001 &
1(
1-
b00000000000000001000001100001001 .
#1150
0(
1*
1+
#1151
1#
1$
b00000000000000000110011010110010 %
1(
0-
#1152
0(
0*
0+
#1153
0#
0$
b00000000000000000110011010110010 &
1(
1-
b00000000000000000110011010110010 .
#1154
0(
1*
1+
#1155
1#
1$
b11111111111111110110010010000101 %
1(
0-
#1156
0(
0*
0+
#1157
0#
0$
b11111111111111110110010010000101 &
1(
1-
b11111111111111110110010010000101 .
#1158
0(
1*
#1159
1#
b11111111111111101111011001010101 %
1(
0-
#1160
0(
0*
#1161
0#
b11111111111111100101101011011010 &
1(
1-
b11111111111111100101101011011010 .
#1162
0(
1*
#1163
1#
b00000000000000001111100111011101 %
1(
0-
#1164
0(
0*
#1165
0#
b11111111111111110101010010110111 &
1(
1-
b11111111111111110101010010110111 .
#1166
0(
1*
1+
#1167
1#
1$
b11111111111111111100011111101100 %
1(
0-
#1168
0(
0*
0+
#1169
0#
0$
b11111111111111111100011111101100 &
1(
1-
b11111111111111111100011111101100 .
#1170
0(
1*
1+
#1171
1#
1$
b11111111111111111110111001101001 %
1(
0-
#1172
0(
0*
0+
#1173
0#
0$
b11111111111111111110111001101001 &
1(
1-
b11111111111111111110111001101001 .
#1174
0(
1*
1+
#1175
1#
1$
b11111111111111111110110001000111 %
1(
0-
#1176
0(
0*
0+
#1177
0#
0$
b11111111111111111110110001000111 &
1(
1-
b11111111111111111110110001000111 .
#1178
0(
1*
#1179
1#
b00000000000000010110111111010111 %
1(
0-
#1180
0(
0*
#1181
0#
b00000000000000010101110000011110 &
1(
1-
b00000000000000010101110000011110 .
#1182
0(
1*
#1183
1#
b11111111111111110011101101100110 %
1(
0-
#1184
0(
0*
#1185
0#
b00000000000000001001011110000100 &
1(
1-
b00000000000000001001011110000100 .
#1186
0(
1*
#1187
1#
b00000000000000000011101110001101 %
1(
0-
#1188
0(
0*
#1189
0#
b00000000000000001101001100010001 &
1(
1-
b00000000000000001101001100010001 .
#1190
0(
1*
#1191
1#
b11111111111111110100000100010010 %
1(
0-
#1192
0(
0*
#1193
0#
b00000000000000000001010000100011 &
1(
1-
b00000000000000000001010000100011 .
#1194
0(
1*
#1195
1#
b11111111111111100101000100100110 %
1(
0-
#1196
0(
0*
#1197
0#
b11111111111111100110010101001001 &
1(
1-
b11111111111111100110010101001001 .
#1198
0(
1*
#1199
1#
b11111111111111101111001111100000 %
1(
0-
#1200
0(
0*
#1201
0#
b11111111111111010101100100101001 &
1(
1-
b11111111111111010101100100101001 .
#1202
0(
1*
#1203
1#
b11111111111111111110110101110111 %
1(
0-
#1204
0(
0*
#1205
0#
b11111111111111010100011010100000 &
1(
1-
b11111111111111010100011010100000 .
#1206
0(
1*
#1207
1#
b00000000000000010111000100001011 %
1(
0-
#1208
0(
0*
#1209
0#
b11111111111111101011011110101011 &
1(
1-
b11111111111111101011011110101011 .
#1210
0(
1*
1+
#1211
1#
1$
b11111111111111110111101000111111 %
1(
0-
#1212
0(
0*
0+
#1213
0#
0$
b11111111111111110111101000111111 &
1(
1-
b11111111111111110111101000111111 .
#1214
0(
1*
#1215
1#
b11111111111111111100011100110001 %
1(
0-
#1216
0(
0*
#1217
0#
b11111111111111110100000101110000 &
1(
1-
b11111111111111110100000101110000 .
#1218
0(
1*
#1219
1#
b11111111111111110010101101111100 %
1(
0-
#1220
0(
0*
#1221
0#
b11111111111111100110110011101100 &
1(
1-
b11111111111111100110110011101100 .
#1222
0(
1*
#1223
1#
b11111111111111011101111101101001 %
1(
0-
#1224
0(
0*
#1225
0#
b11111111111111000100110001010101 &
1(
1-
b11111111111111000100110001010101 .
#1226
0(
1*
1+
#1227
1#
1$
b11111111111111110010010100011010 %
1(
0-
#1228
0(
0*
0+
#1229
0#
0$
b11111111111111110010010100011010 &
1(
1-
b11111111111111110010010100011010 .
#1230
0(
1*
#1231
1#
b11111111111111100011000111011000 %
1(
0-
#1232
0(
0*
#1233
0#
b11111111111111010101011011110010 &
1(
1-
b11111111111111010101011011110010 .
#1234
0(
1*
#1235
1#
b11111111111111011111101110100110 %
1(
0-
#1236
0(
0*
#1237
0#
b11111111111110110101001010011000 &
1(
1-
b11111111111110110101001010011000 .
#1238
0(
1*
1+
#1239
1#
1$
b11111111111111110111100101001000 %
1(
0-
#1240
0(
0*
0+
#1241
0#
0$
b11111111111111110111100101001000 &
1(
1-
b11111111111111110111100101001000 .
#1242
0(
1*
1+
#1243
1#
1$
b11111111111111111111111000100110 %
1(
0-
#1244
0(
0*
0+
#1245
0#
0$
b11111111111111111111111000100110 &
1(
1-
b11111111111111111111111000100110 .
#1246
0(
1*
#1247
1#
b00000000000000011010100010010110 %
1(
0-
#1248
0(
0*
#1249
0#
b00000000000000011010011010111100 &
1(
1-
b00000000000000011010011010111100 .
#1250
0(
1*
1+
#1251
1#
1$
b00000000000000000111101101111111 %
1(
0-
#1252
0(
0*
0+
#1253
0#
0$
b00000000000000000111101101111111 &
1(
1-
b00000000000000000111101101111111 .
#1254
0(
1*
#1255
1#
b00000000000000001111101010100100 %
1(
0-
#1256
0(
0*
#1257
0#
b00000000000000010111011000100011 &
1(
1-
b00000000000000010111011000100011 .
#1258
0(
1*
#1259
1#
b11111111111111110100111101111001 %
1(
0-
#1260
0(
0*
#1261
0#
b00000000000000001100010110011100 &
1(
1-
b00000000000000001100010110011100 .
#1262
0(
1*
1+
#1263
1#
1$
b11111111111111101000110011101001 %
1(
0-
#1264
0(
0*
0+
#1265
0#
0$
b11111111111111101000110011101001 &
1(
1-
b11111111111111101000110011101001 .
#1266
0(
1*
#1267
1#
b00000000000000001000001001100110 %
1(
0-
#1268
0(
0*
#1269
0#
b11111111111111110000111101001111 &
1(
1-
b11111111111111110000111101001111 .
#1270
0(
1*
#1271
1#
b11111111111111100100010010001000 %
1(
0-
#1272
0(
0*
#1273
0#
b11111111111111010101001111010111 &
1(
1-
b11111111111111010101001111010111 .
#1274
0(
1*
#1275
1#
b00000000000000010000111110100011 %
1(
0-
#1276
0(
0*
#1277
0#
b11111111111111100110001101111010 &
1(
1-
b11111111111111100110001101111010 .
#1278
0(
1*
#1279
1#
b11111111111111111011101101001100 %
1(
0-
#1280
0(
0*
#1281
0#
b11111111111111100001111011000110 &
1(
1-
b11111111111111100001111011000110 .
#1282
0(
1*
#1283
1#
b00000000000000001001101100011011 %
1(
0-
#1284
0(
0*
#1285
0#
b11111111111111101011100111100001 &
1(
1-
b11111111111111101011100111100001 .
#1286
0(
1*
#1287
1#
b11111111111111110110000011011010 %
1(
0-
#1288
0(
0*
#1289
0#
b11111111111111100001101010111011 &
1(
1-
b11111111111111100001101010111011 .
#1290
0(
1*
#1291
1#
b00000000000000000110101100000100 %
1(
0-
#1292
0(
0*
#1293
0#
b11111111111111101000010110111111 &
1(
1-
b11111111111111101000010110111111 .
#1294
0(
1*
1+
#1295
1#
1$
b00000000000000001010001000011101 %
1(
0-
#1296
0(
0*
0+
#1297
0#
0$
b00000000000000001010001000011101 &
1(
1-
b00000000000000001010001000011101 .
#1298
0(
1*
#1299
1#
b11111111111111101001100100000011 %
1(
0-
#1300
0(
0*
#1301
0#
b11111111111111110011101100100000 &
1(
1-
b11111111111111110011101100100000 .
#1302
0(
1*
1+
#1303
1#
1$
b00000000000000000100010100001110 %
1(
0-
#1304
0(
0*
0+
#1305
0#
0$
b00000000000000000100010100001110 &
1(
1-
b00000000000000000100010100001110 .
#1306
0(
1*
1+
#1307
1#
1$
b00000000000000001011010011001000 %
1(
0-
#1308
0(
0*
0+
#1309
0#
0$
b00000000000000001011010011001000 &
1(
1-
b00000000000000001011010011001000 .
#1310
0(
1*
1+
#1311
1#
1$
b11111111111111111110010110110001 %
1(
0-
#1312
0(
0*
0+
#1313
0#
0$
b11111111111111111110010110110001 &
1(
1-
b11111111111111111110010110110001 .
#1314
0(
1*
#1315
1#
b00000000000000000010101001111111 %
1(
0-
#1316
0(
0*
#1317
0#
b00000000000000000001000000110000 &
1(
1-
b00000000000000000001000000110000 .
#1318
0(
1*
1+
#1319
1#
1$
b11111111111111011101010001111010 %
1(
0-
#1320
0(
0*
0+
#1321
0#
0$
b11111111111111011101010001111010 &
1(
1-
b11111111111111011101010001111010 .
#1322
0(
1*
#1323
1#
b00000000000000000101110101111000 %
1(
0-
#1324
0(
0*
#1325
0#
b11111111111111100011000111110010 &
1(
1-
b11111111111111100011000111110010 .
#1326
0(
1*
#1327
1#
b00000000000000000110110101101100 %
1(
0-
#1328
0(
0*
#1329
0#
b11111111111111101001111101011110 &
1(
1-
b11111111111111101001111101011110 .
#1330
0(
1*
#1331
1#
b00000000000000010101010111101010 %
1(
0-
#1332
0(
0*
#1333
0#
b11111111111111111111010101001000 &
1(
1-
b11111111111111111111010101001000 .
#1334
0(
1*
1+
#1335
1#
1$
b11111111111111111101101110111111 %
1(
0-
#1336
0(
0*
0+
#1337
0#
0$
b11111111111111111101101110111111 &
1(
1-
b11111111111111111101101110111111 .
#1338
0(
1*
#1339
1#
b11111111111111101101011000010110 %
1(
0-
#1340
0(
0*
#1341
0#
b11111111111111101011000111010101 &
1(
1-
b11111111111111101011000111010101 .
#1342
0(
1*
#1343
1#
b00000000000000000111011001010001 %
1(
0-
#1344
0(
0*
#1345
0#
b11111111111111110010100000100110 &
1(
1-
b11111111111111110010100000100110 .
#1346
0(
1*
#1347
1#
b11111111111111110111110110000100 %
1(
0-
#1348
0(
0*
#1349
0#
b11111111111111101010010110101010 &
1(
1-
b11111111111111101010010110101010 .
#1350
0(
1*
1+
#1351
1#
1$
b11111111111111110001000000001111 %
1(
0-
#1352
0(
0*
0+
#1353
0#
0$
b11111111111111110001000000001111 &
1(
1-
b11111111111111110001000000001111 .
#1354
0(
1*
#1355
1#
b00000000000000000010101001101101 %
1(
0-
#1356
0(
0*
#1357
0#
b11111111111111110011101001111100 &
1(
1-
b11111111111111110011101001111100 .
#1358
0(
1*
#1359
1#
b00000000000000001111010110100010 %
1(
0-
#1360
0(
0*
#1361
0#
b00000000000000000011000000011110 &
1(
1-
b00000000000000000011000000011110 .
#1362
0(
1*
#1363
1#
b00000000000000000111010011110000 %
1(
0-
#1364
0(
0*
#1365
0#
b00000000000000001010010100001110 &
1(
1-
b00000000000000001010010100001110 .
#1366
0(
1*
#1367
1#
b00000000000000000100010000111001 %
1(
0-
#1368
0(
0*
#1369
0#
b00000000000000001110100101000111 &
1(
1-
b00000000000000001110100101000111 .
#1370
0(
1*
#1371
1#
b11111111111111110110010010010101 %
1(
0-
#1372
0(
0*
#1373
0#
b00000000000000000100110111011100 &
1(
1-
b00000000000000000100110111011100 .
#1374
0(
1*
1+
#1375
1#
1$
b11111111111111111111000111101010 %
1(
0-
#1376
0(
0*
0+
#1377
0#
0$
b11111111111111111111000111101010 &
1(
1-
b11111111111111111111000111101010 .
#1378
0(
1*
#1379
1#
b00000000000000010111001001100000 %
1(
0-
#1380
0(
0*
#1381
0#
b00000000000000010110010001001010 &
1(
1-
b00000000000000010110010001001010 .
#1382
0(
1*
#1383
1#
b11111111111111111110100001011001 %
1(
0-
#1384
0(
0*
#1385
0#
b00000000000000010100110010100011 &
1(
1-
b00000000000000010100110010100011 .
#1386
0(
1*
#1387
1#
b11111111111111101111110111001001 %
1(
0-
#1388
0(
0*
#1389
0#
b00000000000000000100101001101100 &
1(
1-
b00000000000000000100101001101100 .
#1390
0(
1*
#1391
1#
b11111111111111111010011011100000 %
1(
0-
#1392
0(
0*
#1393
0#
b11111111111111111111000101001100 &
1(
1-
b11111111111111111111000101001100 .
#1394
0(
1*
#1395
1#
b00000000000000000101000011101010 %
1(
0-
#1396
0(
0*
#1397
0#
b00000000000000000100001000110110 &
1(
1-
b00000000000000000100001000110110 .
#1398
0(
1*
#1399
1#
b00000000000000001100111000111011 %
1(
0-
#1400
0(
0*
#1401
0#
b00000000000000010001000001110001 &
1(
1-
b00000000000000010001000001110001 .
#1402
0(
1*
#1403
1#
b11111111111111111101101111100101 %
1(
0-
#1404
0(
0*
#1405
0#
b00000000000000001110110001010110 &
1(
1-
b00000000000000001110110001010110 .
#1406
0(
1*
1+
#1407
1#
1$
b11111111111111111011110100111101 %
1(
0-
#1408
0(
0*
0+
#1409
0#
0$
b11111111111111111011110100111101 &
1(
1-
b11111111111111111011110100111101 .
#1410
0(
1*
#1411
1#
b11111111111111111100001100101010 %
1(
0-
#1412
0(
0*
#1413
0#
b11111111111111111000000001100111 &
1(
1-
b11111111111111111000000001100111 .
#1414
0(
1*
#1415
1#
b00000000000000000000110011000000 %
1(
0-
#1416
0(
0*
#1417
0#
b11111111111111111000110100100111 &
1(
1-
b11111111111111111000110100100111 .
#1418
0(
1*
1+
#1419
1#
1$
b11111111111111111111000000111001 %
1(
0-
#1420
0(
0*
0+
#1421
0#
0$
b11111111111111111111000000111001 &
1(
1-
b11111111111111111111000000111001 .
#1422
0(
1*
#1423
1#
b11111111111111111100010110011111 %
1(
0-
#1424
0(
0*
#1425
0#
b11111111111111111011010111011000 &
1(
1-
b11111111111111111011010111011000 .
#1426
0(
1*
#1427
1#
b11111111111111111111001101000001 %
1(
0-
#1428
0(
0*
#1429
0#
b11111111111111111010100100011001 &
1(
1-
b11111111111111111010100100011001 .
#1430
0(
1*
1+
#1431
1#
1$
b11111111111111111111011110110011 %
1(
0-
#1432
0(
0*
0+
#1433
0#
0$
b11111111111111111111011110110011 &
1(
1-
b11111111111111111111011110110011 .
#1434
0(
1*
1+
#1435
1#
1$
b00000000000000000001001100001100 %
1(
0-
#1436
0(
0*
0+
#1437
0#
0$
b00000000000000000001001100001100 &
1(
1-
b00000000000000000001001100001100 .
#1438
0(
1*
#1439
1#
b00000000000000001100110100000010 %
1(
0-
#1440
0(
0*
#1441
0#
b00000000000000001110000000001110 &
1(
1-
b00000000000000001110000000001110 .
#1442
0(
1*
#1443
1#
b00000000000000101100011011110101 %
1(
0-
#1444
0(
0*
#1445
0#
b00000000000000111010011100000011 &
1(
1-
b00000000000000111010011100000011 .
#1446
0(
1*
1+
#1447
1#
1$
b00000000000000010010110111010011 %
1(
0-
#1448
0(
0*
0+
#1449
0#
0$
b00000000000000010010110111010011 &
1(
1-
b00000000000000010010110111010011 .
#1450
0(
1*
1+
#1451
1#
1$
b11111111111111111001101101111111 %
1(
0-
#1452
0(
0*
0+
#1453
0#
0$
b11111111111111111001101101111111 &
1(
1-
b11111111111111111001101101111111 .
#1454
0(
1*
#1455
1#
b11111111111111111111000111001100 %
1(
0-
#1456
0(
0*
#1457
0#
b11111111111111111000110101001011 &
1(
1-
b11111111111111111000110101001011 .
#1458
0(
1*
1+
#1459
1#
1$
b00000000000000000111101000111111 %
1(
0-
#1460
0(
0*
0+
#1461
0#
0$
b00000000000000000111101000111111 &
1(
1-
b00000000000000000111101000111111 .
#1462
0(
1*
#1463
1#
b00000000000000010000100000101100 %
1(
0-
#1464
0(
0*
#1465
0#
b00000000000000011000001001101011 &
1(
1-
b00000000000000011000001001101011 .
#1466
0(
1*
#1467
1#
b11111111111111110100010111000111 %
1(
0-
#1468
0(
0*
#1469
0#
b00000000000000001100100000110010 &
1(
1-
b00000000000000001100100000110010 .
#1470
0(
1*
1+
#1471
1#
1$
b11111111111111101111010011010110 %
1(
0-
#1472
0(
0*
0+
#1473
0#
0$
b11111111111111101111010011010110 &
1(
1-
b11111111111111101111010011010110 .
#1474
0(
1*
#1475
1#
b11111111111111110111100001000111 %
1(
0-
#1476
0(
0*
#1477
0#
b11111111111111100110110100011101 &
1(
1-
b11111111111111100110110100011101 .
#1478
0(
1*
1+
#1479
1#
1$
b00000000000000010001100011101000 %
1(
0-
#1480
0(
0*
0+
#1481
0#
0$
b00000000000000010001100011101000 &
1(
1-
b00000000000000010001100011101000 .
#1482
0(
1*
#1483
1#
b11111111111111110011100101001001 %
1(
0-
#1484
0(
0*
#1485
0#
b00000000000000000101001000110001 &
1(
1-
b00000000000000000101001000110001 .
#1486
0(
1*
1+
#1487
1#
1$
b00000000000000001010100011010001 %
1(
0-
#1488
0(
0*
0+
#1489
0#
0$
b00000000000000001010100011010001 &
1(
1-
b00000000000000001010100011010001 .
#1490
0(
1*
#1491
1#
b00000000000000001001011001110001 %
1(
0-
#1492
0(
0*
#1493
0#
b00000000000000010011111101000010 &
1(
1-
b00000000000000010011111101000010 .
#1494
0(
1*
#1495
1#
b11111111111111110000011010111011 %
1(
0-
#1496
0(
0*
#1497
0#
b00000000000000000100010111111101 &
1(
1-
b00000000000000000100010111111101 .
#1498
0(
1*
#1499
1#
b11111111111111101110110011101011 %
1(
0-
#1500
0(
0*
#1501
0#
b11111111111111110011001011101000 &
1(
1-
b11111111111111110011001011101000 .
#1502
0(
1*
#1503
1#
b00000000000000000000111101011011 %
1(
0-
#1504
0(
0*
#1505
0#
b11111111111111110100001001000011 &
1(
1-
b11111111111111110100001001000011 .
#1506
0(
1*
#1507
1#
b00000000000000000011100111011101 %
1(
0-
#1508
0(
0*
#1509
0#
b11111111111111110111110000100000 &
1(
1-
b11111111111111110111110000100000 .
#1510
0(
1*
#1511
1#
b11111111111111110100010101000110 %
1(
0-
#1512
0(
0*
#1513
0#
b11111111111111101100000101100110 &
1(
1-
b11111111111111101100000101100110 .
#1514
0(
1*
#1515
1#
b11111111111111111000100100010011 %
1(
0-
#1516
0(
0*
#1517
0#
b11111111111111100100101001111001 &
1(
1-
b11111111111111100100101001111001 .
#1518
0(
1*
#1519
1#
b00000000000000000101010000111101 %
1(
0-
#1520
0(
0*
#1521
0#
b11111111111111101001111010110110 &
1(
1-
b11111111111111101001111010110110 .
#1522
0(
1*
#1523
1#
b00000000000000011100010100010111 %
1(
0-
#1524
0(
0*
#1525
0#
b00000000000000000110001111001101 &
1(
1-
b00000000000000000110001111001101 .
#1526
0(
1*
#1527
1#
b11111111111111101101111001111001 %
1(
0-
#1528
0(
0*
#1529
0#
b11111111111111110100001001000110 &
1(
1-
b11111111111111110100001001000110 .
#1530
0(
1*
1+
#1531
1#
1$
b00000000000000010011111110010011 %
1(
0-
#1532
0(
0*
0+
#1533
0#
0$
b00000000000000010011111110010011 &
1(
1-
b00000000000000010011111110010011 .
#1534
0(
1*
#1535
1#
b11111111111111101110111101011110 %
1(
0-
#1536
0(
0*
#1537
0#
b00000000000000000010111011110001 &
1(
1-
b00000000000000000010111011110001 .
#1538
0(
1*
1+
#1539
1#
1$
b00000000000000000110101000110001 %
1(
0-
#1540
0(
0*
0+
#1541
0#
0$
b00000000000000000110101000110001 &
1(
1-
b00000000000000000110101000110001 .
#1542
0(
1*
#1543
1#
b00000000000000000001010110101011 %
1(
0-
#1544
0(
0*
#1545
0#
b00000000000000000111111111011100 &
1(
1-
b00000000000000000111111111011100 .
#1546
0(
1*
1+
#1547
1#
1$
b11111111111111101101001010011110 %
1(
0-
#1548
0(
0*
0+
#1549
0#
0$
b11111111111111101101001010011110 &
1(
1-
b11111111111111101101001010011110 .
#1550
0(
1*
1+
#1551
1#
1$
b11111111111111110100101010011111 %
1(
0-
#1552
0(
0*
0+
#1553
0#
0$
b11111111111111110100101010011111 &
1(
1-
b11111111111111110100101010011111 .
#1554
0(
1*
#1555
1#
b00000000000000000001000011101110 %
1(
0-
#1556
0(
0*
#1557
0#
b11111111111111110101101110001101 &
1(
1-
b11111111111111110101101110001101 .
#1558
0(
1*
#1559
1#
b11111111111111111000100010000101 %
1(
0-
#1560
0(
0*
#1561
0#
b11111111111111101110010000010010 &
1(
1-
b11111111111111101110010000010010 .
#1562
0(
1*
1+
#1563
1#
1$
b11111111111111110011010010010010 %
1(
0-
#1564
0(
0*
0+
#1565
0#
0$
b11111111111111110011010010010010 &
1(
1-
b11111111111111110011010010010010 .
#1566
0(
1*
#1567
1#
b11111111111111101100010111110101 %
1(
0-
#1568
0(
0*
#1569
0#
b11111111111111011111101010000111 &
1(
1-
b11111111111111011111101010000111 .
#1570
0(
1*
1+
#1571
1#
1$
b11111111111111111000010111000101 %
1(
0-
#1572
0(
0*
0+
#1573
0#
0$
b11111111111111111000010111000101 &
1(
1-
b11111111111111111000010111000101 .
#1574
0(
1*
1+
#1575
1#
1$
b11111111111111110111000100001111 %
1(
0-
#1576
0(
0*
0+
#1577
0#
0$
b11111111111111110111000100001111 &
1(
1-
b11111111111111110111000100001111 .
#1578
0(
1*
#1579
1#
b11111111111111101011110011100110 %
1(
0-
#1580
0(
0*
#1581
0#
b11111111111111100010110111110101 &
1(
1-
b11111111111111100010110111110101 .
#1582
0(
1*
#1583
1#
b11111111111111111101000001011100 %
1(
0-
#1584
0(
0*
#1585
0#
b11111111111111011111111001010001 &
1(
1-
b11111111111111011111111001010001 .
#1586
0(
1*
#1587
1#
b00000000000000000101010111111011 %
1(
0-
#1588
0(
0*
#1589
0#
b11111111111111100101010001001100 &
1(
1-
b11111111111111100101010001001100 .
#1590
0(
1*
1+
#1591
1#
1$
b00000000000000011010010111000011 %
1(
0-
#1592
0(
0*
0+
#1593
0#
0$
b00000000000000011010010111000011 &
1(
1-
b00000000000000011010010111000011 .
#1594
0(
1*
#1595
1#
b00000000000000001111110101010101 %
1(
0-
#1596
0(
0*
#1597
0#
b00000000000000101010001100011000 &
1(
1-
b00000000000000101010001100011000 .
#1598
0(
1*
#1599
1#
b11111111111111110011111110010010 %
1(
0-
#1600
0(
0*
#1601
0#
b00000000000000011110001010101010 &
1(
1-
b00000000000000011110001010101010 .
#1602
0(
1*
#1603
1#
b11111111111111111011001000100101 %
1(
0-
#1604
0(
0*
#1605
0#
b00000000000000011001010011001111 &
1(
1-
b00000000000000011001010011001111 .
#1606
0(
1*
#1607
1#
b11111111111111111001111000111001 %
1(
0-
#1608
0(
0*
#1609
0#
b00000000000000010011001100001000 &
1(
1-
b00000000000000010011001100001000 .
#1610
0(
1*
#1611
1#
b00000000000000001111111010100011 %
1(
0-
#1612
0(
0*
#1613
0#
b00000000000000100011000110101011 &
1(
1-
b00000000000000100011000110101011 .
#1614
0(
1*
#1615
1#
b11111111111111101011000000101001 %
1(
0-
#1616
0(
0*
#1617
0#
b00000000000000001110000111010100 &
1(
1-
b00000000000000001110000111010100 .
#1618
0(
1*
1+
#1619
1#
1$
b11111111111111111000100011100011 %
1(
0-
#1620
0(
0*
0+
#1621
0#
0$
b11111111111111111000100011100011 &
1(
1-
b11111111111111111000100011100011 .
#1622
0(
1*
#1623
1#
b11111111111111110101100101011010 %
1(
0-
#1624
0(
0*
#1625
0#
b11111111111111101110001000111101 &
1(
1-
b11111111111111101110001000111101 .
#1626
0(
1*
#1627
1#
b11111111111111111010001110001001 %
1(
0-
#1628
0(
0*
#1629
0#
b11111111111111101000010111000110 &
1(
1-
b11111111111111101000010111000110 .
#1630
0(
1*
#1631
1#
b11111111111111110110001001101010 %
1(
0-
#1632
0(
0*
#1633
0#
b11111111111111011110100000110000 &
1(
1-
b11111111111111011110100000110000 .
#1634
0(
1*
#1635
1#
b00000000000000001110000110100010 %
1(
0-
#1636
0(
0*
#1637
0#
b11111111111111101100100111010010 &
1(
1-
b11111111111111101100100111010010 .
#1638
0(
1*
#1639
1#
b00000000000000011110001110111000 %
1(
0-
#1640
0(
0*
#1641
0#
b00000000000000001010110110001010 &
1(
1-
b00000000000000001010110110001010 .
#1642
0(
1*
#1643
1#
b11111111111111111010010011111000 %
1(
0-
#1644
0(
0*
#1645
0#
b00000000000000000101001010000010 &
1(
1-
b00000000000000000101001010000010 .
#1646
0(
1*
1+
#1647
1#
1$
b00000000000000001100101110010010 %
1(
0-
#1648
0(
0*
0+
#1649
0#
0$
b00000000000000001100101110010010 &
1(
1-
b00000000000000001100101110010010 .
#1650
0(
1*
1+
#1651
1#
1$
b00000000000000010011110100011000 %
1(
0-
#1652
0(
0*
0+
#1653
0#
0$
b00000000000000010011110100011000 &
1(
1-
b00000000000000010011110100011000 .
#1654
0(
1*
#1655
1#
b11111111111111101010000111111110 %
1(
0-
#1656
0(
0*
#1657
0#
b11111111111111111101111100010110 &
1(
1-
b11111111111111111101111100010110 .
#1658
0(
1*
#1659
1#
b11111111111111010110011000000100 %
1(
0-
#1660
0(
0*
#1661
0#
b11111111111111010100010100011010 &
1(
1-
b11111111111111010100010100011010 .
#1662
0(
1*
#1663
1#
b11111111111111110010110100001110 %
1(
0-
#1664
0(
0*
#1665
0#
b11111111111111000111001000101000 &
1(
1-
b11111111111111000111001000101000 .
#1666
0(
1*
1+
#1667
1#
1$
b11111111111111101100101100011101 %
1(
0-
#1668
0(
0*
0+
#1669
0#
0$
b11111111111111101100101100011101 &
1(
1-
b11111111111111101100101100011101 .
#1670
0(
1*
#1671
1#
b00000000000000001111011011010111 %
1(
0-
#1672
0(
0*
#1673
0#
b11111111111111111100000111110100 &
1(
1-
b11111111111111111100000111110100 .
#1674
0(
1*
#1675
1#
b00000000000000000010110100011000 %
1(
0-
#1676
0(
0*
#1677
0#
b11111111111111111110111100001100 &
1(
1-
b11111111111111111110111100001100 .
#1678
0(
1*
#1679
1#
b00000000000000001001011001100100 %
1(
0-
#1680
0(
0*
#1681
0#
b00000000000000001000010101110000 &
1(
1-
b00000000000000001000010101110000 .
#1682
0(
1*
1+
#1683
1#
1$
b00000000000000000011100111011101 %
1(
0-
#1684
0(
0*
0+
#1685
0#
0$
b00000000000000000011100111011101 &
1(
1-
b00000000000000000011100111011101 .
#1686
0(
1*
1+
#1687
1#
1$
b00000000000000011001011001010111 %
1(
0-
#1688
0(
0*
0+
#1689
0#
0$
b00000000000000011001011001010111 &
1(
1-
b00000000000000011001011001010111 .
#1690
0(
1*
1+
#1691
1#
1$
b11111111111111111101101010010101 %
1(
0-
#1692
0(
0*
0+
#1693
0#
0$
b11111111111111111101101010010101 &
1(
1-
b11111111111111111101101010010101 .
#1694
0(
1*
#1695
1#
b00000000000000001110100010100000 %
1(
0-
#1696
0(
0*
#1697
0#
b00000000000000001100001100110101 &
1(
1-
b00000000000000001100001100110101 .
#1698
0(
1*
#1699
1#
b11111111111111111101111100100101 %
1(
0-
#1700
0(
0*
#1701
0#
b00000000000000001010001001011010 &
1(
1-
b00000000000000001010001001011010 .
#1702
0(
1*
#1703
1#
b00000000000000000111010010001111 %
1(
0-
#1704
0(
0*
#1705
0#
b00000000000000010001011011101001 &
1(
1-
b00000000000000010001011011101001 .
#1706
0(
1*
#1707
1#
b11111111111111110011111100101001 %
1(
0-
#1708
0(
0*
#1709
0#
b00000000000000000101011000010010 &
1(
1-
b00000000000000000101011000010010 .
#1710
0(
1*
1+
#1711
1#
1$
b00000000000000000010111011010101 %
1(
0-
#1712
0(
0*
0+
#1713
0#
0$
b00000000000000000010111011010101 &
1(
1-
b00000000000000000010111011010101 .
#1714
0(
1*
1+
#1715
1#
1$
b11111111111111111100100111010101 %
1(
0-
#1716
0(
0*
0+
#1717
0#
0$
b11111111111111111100100111010101 &
1(
1-
b11111111111111111100100111010101 .
#1718
0(
1*
#1719
1#
b11111111111111110010001000111010 %
1(
0-
#1720
0(
0*
#1721
0#
b11111111111111101110110000001111 &
1(
1-
b11111111111111101110110000001111 .
#1722
0(
1*
#1723
1#
b11111111111111011110001010011101 %
1(
0-
#1724
0(
0*
#1725
0#
b11111111111111001100111010101100 &
1(
1-
b11111111111111001100111010101100 .
#1726
0(
1*
#1727
1#
b00000000000000001010101001000101 %
1(
0-
#1728
0(
0*
#1729
0#
b11111111111111010111100011110001 &
1(
1-
b11111111111111010111100011110001 .
#1730
0(
1*
1+
#1731
1#
1$
b11111111111111110000111000110111 %
1(
0-
#1732
0(
0*
0+
#1733
0#
0$
b11111111111111110000111000110111 &
1(
1-
b11111111111111110000111000110111 .
#1734
0(
1*
#1735
1#
b11111111111111111110010110011011 %
1(
0-
#1736
0(
0*
#1737
0#
b11111111111111101111001111010010 &
1(
1-
b11111111111111101111001111010010 .
#1738
0(
1*
#1739
1#
b00000000000000001011010000000001 %
1(
0-
#1740
0(
0*
#1741
0#
b11111111111111111010011111010011 &
1(
1-
b11111111111111111010011111010011 .
#1742
0(
1*
1+
#1743
1#
1$
b00000000000000010101000011011110 %
1(
0-
#1744
0(
0*
0+
#1745
0#
0$
b00000000000000010101000011011110 &
1(
1-
b00000000000000010101000011011110 .
#1746
0(
1*
#1747
1#
b00000000000000001111000001010000 %
1(
0-
#1748
0(
0*
#1749
0#
b00000000000000100100000100101110 &
1(
1-
b00000000000000100100000100101110 .
#1750
0(
1*
1+
#1751
1#
1$
b11111111111111010100111100000000 %
1(
0-
#1752
0(
0*
0+
#1753
0#
0$
b11111111111111010100111100000000 &
1(
1-
b11111111111111010100111100000000 .
#1754
0(
1*
#1755
1#
b11111111111111111101110000001000 %
1(
0-
#1756
0(
0*
#1757
0#
b11111111111111010010101100001000 &
1(
1-
b11111111111111010010101100001000 .
#1758
0(
1*
#1759
1#
b00000000000000000001001000011011 %
1(
0-
#1760
0(
0*
#1761
0#
b11111111111111010011110100100011 &
1(
1-
b11111111111111010011110100100011 .
#1762
0(
1*
#1763
1#
b11111111111111111011011010110010 %
1(
0-
#1764
0(
0*
#1765
0#
b11111111111111001111001111010101 &
1(
1-
b11111111111111001111001111010101 .
#1766
0(
1*
#1767
1#
b11111111111111111001111011010101 %
1(
0-
#1768
0(
0*
#1769
0#
b11111111111111001001001010101010 &
1(
1-
b11111111111111001001001010101010 .
#1770
0(
1*
#1771
1#
b00000000000000000100010100100001 %
1(
0-
#1772
0(
0*
#1773
0#
b11111111111111001101011111001011 &
1(
1-
b11111111111111001101011111001011 .
#1774
0(
1*
#1775
1#
b00000000000000010000010101110100 %
1(
0-
#1776
0(
0*
#1777
0#
b11111111111111011101110100111111 &
1(
1-
b11111111111111011101110100111111 .
#1778
0(
1*
1+
#1779
1#
1$
b11111111111111110100010000100000 %
1(
0-
#1780
0(
0*
0+
#1781
0#
0$
b11111111111111110100010000100000 &
1(
1-
b11111111111111110100010000100000 .
#1782
0(
1*
1+
#1783
1#
1$
b11111111111111110110000010101010 %
1(
0-
#1784
0(
0*
0+
#1785
0#
0$
b11111111111111110110000010101010 &
1(
1-
b11111111111111110110000010101010 .
#1786
0(
1*
1+
#1787
1#
1$
b00000000000000000001000100001010 %
1(
0-
#1788
0(
0*
0+
#1789
0#
0$
b00000000000000000001000100001010 &
1(
1-
b00000000000000000001000100001010 .
#1790
0(
1*
#1791
1#
b11111111111111111000100101111011 %
1(
0-
#1792
0(
0*
#1793
0#
b11111111111111111001101010000101 &
1(
1-
b11111111111111111001101010000101 .
#1794
0(
1*
#1795
1#
b11111111111111101101000010110100 %
1(
0-
#1796
0(
0*
#1797
0#
b11111111111111100110101100111001 &
1(
1-
b11111111111111100110101100111001 .
#1798
0(
1*
#1799
1#
b00000000000000001110111101010010 %
1(
0-
#1800
0(
0*
#1801
0#
b11111111111111110101101010001011 &
1(
1-
b11111111111111110101101010001011 .
#1802
0(
1*
#1803
1#
b11111111111111110010111111011001 %
1(
0-
#1804
0(
0*
#1805
0#
b11111111111111101000101001100100 &
1(
1-
b11111111111111101000101001100100 .
#1806
0(
1*
#1807
1#
b11111111111111100010011000001101 %
1(
0-
#1808
0(
0*
#1809
0#
b11111111111111001011000001110001 &
1(
1-
b11111111111111001011000001110001 .
#1810
0(
1*
#1811
1#
b00000000000000000100100010101010 %
1(
0-
#1812
0(
0*
#1813
0#
b11111111111111001111100100011011 &
1(
1-
b11111111111111001111100100011011 .
#1814
0(
1*
1+
#1815
1#
1$
b11111111111111111110010010110101 %
1(
0-
#1816
0(
0*
0+
#1817
0#
0$
b11111111111111111110010010110101 &
1(
1-
b11111111111111111110010010110101 .
#1818
0(
1*
1+
#1819
1#
1$
b11111111111111110111101001110011 %
1(
0-
#1820
0(
0*
0+
#1821
0#
0$
b11111111111111110111101001110011 &
1(
1-
b11111111111111110111101001110011 .
#1822
0(
1*
1+
#1823
1#
1$
b00000000000000000101000111101011 %
1(
0-
#1824
0(
0*
0+
#1825
0#
0$
b00000000000000000101000111101011 &
1(
1-
b00000000000000000101000111101011 .
#1826
0(
1*
1+
#1827
1#
1$
b00000000000000011111001010101010 %
1(
0-
#1828
0(
0*
0+
#1829
0#
0$
b00000000000000011111001010101010 &
1(
1-
b00000000000000011111001010101010 .
#1830
0(
1*
#1831
1#
b00000000000000011101011100000110 %
1(
0-
#1832
0(
0*
#1833
0#
b00000000000000111100100110110000 &
1(
1-
b00000000000000111100100110110000 .
#1834
0(
1*
#1835
1#
b11111111111111101101010011011000 %
1(
0-
#1836
0(
0*
#1837
0#
b00000000000000101001111010001000 &
1(
1-
b00000000000000101001111010001000 .
#1838
0(
1*
#1839
1#
b11111111111111111000011011100001 %
1(
0-
#1840
0(
0*
#1841
0#
b00000000000000100010010101101001 &
1(
1-
b00000000000000100010010101101001 .
#1842
0(
1*
#1843
1#
b00000000000000000111001001110111 %
1(
0-
#1844
0(
0*
#1845
0#
b00000000000000101001011111100000 &
1(
1-
b00000000000000101001011111100000 .
#1846
0(
1*
1+
#1847
1#
1$
b11111111111111110111001001000011 %
1(
0-
#1848
0(
0*
0+
#1849
0#
0$
b11111111111111110111001001000011 &
1(
1-
b11111111111111110111001001000011 .
#1850
0(
1*
1+
#1851
1#
1$
b00000000000000010111010010101011 %
1(
0-
#1852
0(
0*
0+
#1853
0#
0$
b00000000000000010111010010101011 &
1(
1-
b00000000000000010111010010101011 .
#1854
0(
1*
#1855
1#
b11111111111111101010000010100011 %
1(
0-
#1856
0(
0*
#1857
0#
b00000000000000000001010101001110 &
1(
1-
b00000000000000000001010101001110 .
#1858
0(
1*
#1859
1#
b11111111111111110100110000010001 %
1(
0-
#1860
0(
0*
#1861
0#
b11111111111111110110000101011111 &
1(
1-
b11111111111111110110000101011111 .
#1862
0(
1*
#1863
1#
b00000000000000000001110100011101 %
1(
0-
#1864
0(
0*
#1865
0#
b11111111111111110111111001111100 &
1(
1-
b11111111111111110111111001111100 .
#1866
0(
1*
#1867
1#
b11111111111111110100111110000110 %
1(
0-
#1868
0(
0*
#1869
0#
b11111111111111101100111000000010 &
1(
1-
b11111111111111101100111000000010 .
#1870
0(
1*
#1871
1#
b00000000000000001001001011000111 %
1(
0-
#1872
0(
0*
#1873
0#
b11111111111111110110000011001001 &
1(
1-
b11111111111111110110000011001001 .
#1874
0(
1*
1+
#1875
1#
1$
b00000000000000010101101110100010 %
1(
0-
#1876
0(
0*
0+
#1877
0#
0$
b00000000000000010101101110100010 &
1(
1-
b00000000000000010101101110100010 .
#1878
0(
1*
#1879
1#
b11111111111111101101111111111100 %
1(
0-
#1880
0(
0*
#1881
0#
b00000000000000000011101110011110 &
1(
1-
b00000000000000000011101110011110 .
#1882
0(
1*
1+
#1883
1#
1$
b00000000000000000101001100000101 %
1(
0-
#1884
0(
0*
0+
#1885
0#
0$
b00000000000000000101001100000101 &
1(
1-
b00000000000000000101001100000101 .
#1886
0(
1*
#1887
1#
b11111111111111111001011101001100 %
1(
0-
#1888
0(
0*
#1889
0#
b11111111111111111110101001010001 &
1(
1-
b11111111111111111110101001010001 .
#1890
0(
1*
1+
#1891
1#
1$
b00000000000000001011000101111001 %
1(
0-
#1892
0(
0*
0+
#1893
0#
0$
b00000000000000001011000101111001 &
1(
1-
b00000000000000001011000101111001 .
#1894
0(
1*
#1895
1#
b00000000000000001000101110101001 %
1(
0-
#1896
0(
0*
#1897
0#
b00000000000000010011110100100010 &
1(
1-
b00000000000000010011110100100010 .
#1898
0(
1*
#1899
1#
b00000000000000001000111110010000 %
1(
0-
#1900
0(
0*
#1901
0#
b00000000000000011100110010110010 &
1(
1-
b00000000000000011100110010110010 .
#1902
0(
1*
#1903
1#
b00000000000000001001111110111110 %
1(
0-
#1904
0(
0*
#1905
0#
b00000000000000100110110001110000 &
1(
1-
b00000000000000100110110001110000 .
#1906
0(
1*
#1907
1#
b00000000000000010001111001001000 %
1(
0-
#1908
0(
0*
#1909
0#
b00000000000000111000101010111000 &
1(
1-
b00000000000000111000101010111000 .
#1910
0(
1*
#1911
1#
b11111111111111101110111101110001 %
1(
0-
#1912
0(
0*
#1913
0#
b00000000000000100111101000101001 &
1(
1-
b00000000000000100111101000101001 .
#1914
0(
1*
#1915
1#
b11111111111111111001000001000010 %
1(
0-
#1916
0(
0*
#1917
0#
b00000000000000100000101001101011 &
1(
1-
b00000000000000100000101001101011 .
#1918
0(
1*
#1919
1#
b00000000000000011110011110100000 %
1(
0-
#1920
0(
0*
#1921
0#
b00000000000000111111001000001011 &
1(
1-
b00000000000000111111001000001011 .
#1922
0(
1*
#1923
1#
b00000000000000010011111000111110 %
1(
0-
#1924
0(
0*
#1925
0#
b00000000000001010011000001001001 &
1(
1-
b00000000000001010011000001001001 .
#1926
0(
1*
1+
#1927
1#
1$
b00000000000000001100000000100100 %
1(
0-
#1928
0(
0*
0+
#1929
0#
0$
b00000000000000001100000000100100 &
1(
1-
b00000000000000001100000000100100 .
#1930
0(
1*
#1931
1#
b11111111111111111100011110011001 %
1(
0-
#1932
0(
0*
#1933
0#
b00000000000000001000011110111101 &
1(
1-
b00000000000000001000011110111101 .
#1934
0(
1*
#1935
1#
b11111111111111111010000001101010 %
1(
0-
#1936
0(
0*
#1937
0#
b00000000000000000010100000100111 &
1(
1-
b00000000000000000010100000100111 .
#1938
0(
1*
#1939
1#
b11111111111111111110000111110001 %
1(
0-
#1940
0(
0*
#1941
0#
b00000000000000000000101000011000 &
1(
1-
b00000000000000000000101000011000 .
#1942
0(
1*
#1943
1#
b11111111111111110111111110010111 %
1(
0-
#1944
0(
0*
#1945
0#
b11111111111111111000100110101111 &
1(
1-
b11111111111111111000100110101111 .
#1946
0(
1*
1+
#1947
1#
1$
b00000000000000000110000100011001 %
1(
0-
#1948
0(
0*
0+
#1949
0#
0$
b00000000000000000110000100011001 &
1(
1-
b00000000000000000110000100011001 .
#1950
0(
1*
#1951
1#
b00000000000000001110100010000111 %
1(
0-
#1952
0(
0*
#1953
0#
b00000000000000010100100110100000 &
1(
1-
b00000000000000010100100110100000 .
#1954
0(
1*
#1955
1#
b00000000000000000000110001001000 %
1(
0-
#1956
0(
0*
#1957
0#
b00000000000000010101010111101000 &
1(
1-
b00000000000000010101010111101000 .
#1958
0(
1*
#1959
1#
b00000000000000010100011010101111 %
1(
0-
#1960
0(
0*
#1961
0#
b00000000000000101001110010010111 &
1(
1-
b00000000000000101001110010010111 .
#1962
0(
1*
1+
#1963
1#
1$
b11111111111111111111000110111110 %
1(
0-
#1964
0(
0*
0+
#1965
0#
0$
b11111111111111111111000110111110 &
1(
1-
b11111111111111111111000110111110 .
#1966
0(
1*
#1967
1#
b00000000000000000001110110111111 %
1(
0-
#1968
0(
0*
#1969
0#
b00000000000000000000111101111101 &
1(
1-
b00000000000000000000111101111101 .
#1970
0(
1*
#1971
1#
b00000000000000000110010100011101 %
1(
0-
#1972
0(
0*
#1973
0#
b00000000000000000111010010011010 &
1(
1-
b00000000000000000111010010011010 .
#1974
0(
1*
#1975
1#
b11111111111111111001000000001100 %
1(
0-
#1976
0(
0*
#1977
0#
b00000000000000000000010010100110 &
1(
1-
b00000000000000000000010010100110 .
#1978
0(
1*
#1979
1#
b00000000000000001111000000110010 %
1(
0-
#1980
0(
0*
#1981
0#
b00000000000000001111010011011000 &
1(
1-
b00000000000000001111010011011000 .
#1982
0(
1*
1+
#1983
1#
1$
b11111111111111011101011100000011 %
1(
0-
#1984
0(
0*
0+
#1985
0#
0$
b11111111111111011101011100000011 &
1(
1-
b11111111111111011101011100000011 .
#1986
0(
1*
1+
#1987
1#
1$
b11111111111111111001000111000001 %
1(
0-
#1988
0(
0*
0+
#1989
0#
0$
b11111111111111111001000111000001 &
1(
1-
b11111111111111111001000111000001 .
#1990
0(
1*
#1991
1#
b00000000000000000011100001111010 %
1(
0-
#1992
0(
0*
#1993
0#
b11111111111111111100101000111011 &
1(
1-
b11111111111111111100101000111011 .
#1994
0(
1*
1+
#1995
1#
1$
b00000000000000011101101000100110 %
1(
0-
#1996
0(
0*
0+
#1997
0#
0$
b00000000000000011101101000100110 &
1(
1-
b00000000000000011101101000100110 .
#1998
0(
1*
#1999
1#
b11111111111111111110100011001000 %
1(
0-
#2000
0(
0*
#2001
0#
b00000000000000011100001011101110 &
1(
1-
b00000000000000011100001011101110 .
#2002
0(
1*
1+
#2003
1#
1$
b00000000000000001001010100110111 %
1(
0-
#2004
0(
0*
0+
#2005
0#
0$
b00000000000000001001010100110111 &
1(
1-
b00000000000000001001010100110111 .
#2006
0(
1*
#2007
1#
b00000000000000010100101111111010 %
1(
0-
#2008
0(
0*
#2009
0#
b00000000000000011110000100110001 &
1(
1-
b00000000000000011110000100110001 .
#2010
0(
1*
#2011
1#
b00000000000000001100101110010110 %
1(
0-
#2012
0(
0*
#2013
0#
b00000000000000101010110011000111 &
1(
1-
b00000000000000101010110011000111 .
#2014
0(
1*
#2015
1#
b00000000000000011110011101101001 %
1(
0-
#2016
0(
0*
#2017
0#
b00000000000001001001010000110000 &
1(
1-
b00000000000001001001010000110000 .
#2018
0(
1*
#2019
1#
b00000000000000000010111011011111 %
1(
0-
#2020
0(
0*
#2021
0#
b00000000000001001100001100001111 &
1(
1-
b00000000000001001100001100001111 .
#2022
0(
1*
#2023
1#
b11111111111111101100100011110000 %
1(
0-
#2024
0(
0*
#2025
0#
b00000000000000111000101111111111 &
1(
1-
b00000000000000111000101111111111 .
#2026
0(
1*
#2027
1#
b00000000000000000110001100110100 %
1(
0-
#2028
0(
0*
#2029
0#
b00000000000000111110111100110011 &
1(
1-
b00000000000000111110111100110011 .
#2030
0(
1*
#2031
1#
b11111111111111111101110000110010 %
1(
0-
#2032
0(
0*
#2033
0#
b00000000000000111100101101100101 &
1(
1-
b00000000000000111100101101100101 .
#2034
0(
1*
#2035
1#
b11111111111111110010111000011110 %
1(
0-
#2036
0(
0*
#2037
0#
b00000000000000101111100110000011 &
1(
1-
b00000000000000101111100110000011 .
#2038
0(
1*
#2039
1#
b11111111111111111010100100001110 %
1(
0-
#2040
0(
0*
#2041
0#
b00000000000000101010001010010001 &
1(
1-
b00000000000000101010001010010001 .
#2042
0(
1*
#2043
1#
b00000000000000010011110101100010 %
1(
0-
#2044
0(
0*
#2045
0#
b00000000000000111101111111110011 &
1(
1-
b00000000000000111101111111110011 .
#2046
0(
1*
#2047
1#
b11111111111111111101001100100011 %
1(
0-
#2048
0(
0*
#2049
0#
b00000000000000111011001100010110 &
1(
1-
b00000000000000111011001100010110 .
#2050
0(
1*
#2051
1#
b11111111111111110101001001001101 %
1(
0-
#2052
0(
0*
#2053
0#
b00000000000000110000010101100011 &
1(
1-
b00000000000000110000010101100011 .
#2054
0(
1*
#2055
1#
b11111111111111111101101111011111 %
1(
0-
#2056
0(
0*
#2057
0#
b00000000000000101110000101000010 &
1(
1-
b00000000000000101110000101000010 .
#2058
0(
1*
#2059
1#
b11111111111111101010011110111001 %
1(
0-
#2060
0(
0*
#2061
0#
b00000000000000011000100011111011 &
1(
1-
b00000000000000011000100011111011 .
#2062
0(
1*
#2063
1#
b00000000000000001000000100011010 %
1(
0-
#2064
0(
0*
#2065
0#
b00000000000000100000101000010101 &
1(
1-
b00000000000000100000101000010101 .
#2066
0(
1*
#2067
1#
b00000000000000000010001111001101 %
1(
0-
#2068
0(
0*
#2069
0#
b00000000000000100010110111100010 &
1(
1-
b00000000000000100010110111100010 .
#2070
0(
1*
#2071
1#
b00000000000000000101110011001111 %
1(
0-
#2072
0(
0*
#2073
0#
b00000000000000101000101010110001 &
1(
1-
b00000000000000101000101010110001 .
#2074
0(
1*
#2075
1#
b00000000000000010010011001100001 %
1(
0-
#2076
0(
0*
#2077
0#
b00000000000000111011000100010010 &
1(
1-
b00000000000000111011000100010010 .
#2078
0(
1*
1+
#2079
1#
1$
b11111111111111110000111011001101 %
1(
0-
#2080
0(
0*
0+
#2081
0#
0$
b11111111111111110000111011001101 &
1(
1-
b11111111111111110000111011001101 .
#2082
0(
1*
1+
#2083
1#
1$
b11111111111111111001011110001010 %
1(
0-
#2084
0(
0*
0+
#2085
0#
0$
b11111111111111111001011110001010 &
1(
1-
b11111111111111111001011110001010 .
#2086
0(
1*
#2087
1#
b11111111111111101110010001101000 %
1(
0-
#2088
0(
0*
#2089
0#
b11111111111111100111101111110010 &
1(
1-
b11111111111111100111101111110010 .
#2090
0(
1*
1+
#2091
1#
1$
b11111111111111100100011101101001 %
1(
0-
#2092
0(
0*
0+
#2093
0#
0$
b11111111111111100100011101101001 &
1(
1-
b11111111111111100100011101101001 .
#2094
0(
1*
#2095
1#
b00000000000000011000110110110101 %
1(
0-
#2096
0(
0*
#2097
0#
b11111111111111111101010100011110 &
1(
1-
b11111111111111111101010100011110 .
#2098
0(
1*
#2099
1#
b00000000000000001010110110001110 %
1(
0-
#2100
0(
0*
#2101
0#
b00000000000000001000001010101100 &
1(
1-
b00000000000000001000001010101100 .
#2102
0(
1*
1+
#2103
1#
1$
b00000000000000000011001101010010 %
1(
0-
#2104
0(
0*
0+
#2105
0#
0$
b00000000000000000011001101010010 &
1(
1-
b00000000000000000011001101010010 .
#2106
0(
1*
1+
#2107
1#
1$
b00000000000000001111110101100010 %
1(
0-
#2108
0(
0*
0+
#2109
0#
0$
b00000000000000001111110101100010 &
1(
1-
b00000000000000001111110101100010 .
#2110
0(
1*
#2111
1#
b11111111111111101010110010110000 %
1(
0-
#2112
0(
0*
#2113
0#
b11111111111111111010101000010010 &
1(
1-
b11111111111111111010101000010010 .
#2114
0(
1*
#2115
1#
b11111111111111111000010100100001 %
1(
0-
#2116
0(
0*
#2117
0#
b11111111111111110010111100110011 &
1(
1-
b11111111111111110010111100110011 .
#2118
0(
1*
#2119
1#
b00000000000000001011101101010111 %
1(
0-
#2120
0(
0*
#2121
0#
b11111111111111111110101010001010 &
1(
1-
b11111111111111111110101010001010 .
#2122
0(
1*
#2123
1#
b11111111111111101101000101110101 %
1(
0-
#2124
0(
0*
#2125
0#
b11111111111111101011101111111111 &
1(
1-
b11111111111111101011101111111111 .
#2126
0(
1*
1+
#2127
1#
1$
b00000000000000001110010011110100 %
1(
0-
#2128
0(
0*
0+
#2129
0#
0$
b00000000000000001110010011110100 &
1(
1-
b00000000000000001110010011110100 .
#2130
0(
1*
#2131
1#
b11111111111111111111010101010001 %
1(
0-
#2132
0(
0*
#2133
0#
b00000000000000001101101001000101 &
1(
1-
b00000000000000001101101001000101 .
#2134
0(
1*
1+
#2135
1#
1$
b00000000000000010111011111010010 %
1(
0-
#2136
0(
0*
0+
#2137
0#
0$
b00000000000000010111011111010010 &
1(
1-
b00000000000000010111011111010010 .
#2138
0(
1*
#2139
1#
b11111111111111111010000010111010 %
1(
0-
#2140
0(
0*
#2141
0#
b00000000000000010001100010001100 &
1(
1-
b00000000000000010001100010001100 .
#2142
0(
1*
#2143
1#
b00000000000000010000000101101100 %
1(
0-
#2144
0(
0*
#2145
0#
b00000000000000100001100111111000 &
1(
1-
b00000000000000100001100111111000 .
#2146
0(
1*
#2147
1#
b00000000000000001000100010010101 %
1(
0-
#2148
0(
0*
#2149
0#
b00000000000000101010001010001101 &
1(
1-
b00000000000000101010001010001101 .
#2150
0(
1*
#2151
1#
b00000000000000001100001010110011 %
1(
0-
#2152
0(
0*
#2153
0#
b00000000000000110110010101000000 &
1(
1-
b00000000000000110110010101000000 .
#2154
0(
1*
#2155
1#
b11111111111111111101010100011000 %
1(
0-
#2156
0(
0*
#2157
0#
b00000000000000110011101001011000 &
1(
1-
b00000000000000110011101001011000 .
#2158
0(
1*
#2159
1#
b00000000000000010010100101111100 %
1(
0-
#2160
0(
0*
#2161
0#
b00000000000001000110001111010100 &
1(
1-
b00000000000001000110001111010100 .
#2162
0(
1*
1+
#2163
1#
1$
b00000000000000010000111111101101 %
1(
0-
#2164
0(
0*
0+
#2165
0#
0$
b00000000000000010000111111101101 &
1(
1-
b00000000000000010000111111101101 .
#2166
0(
1*
1+
#2167
1#
1$
b00000000000000001111000010010100 %
1(
0-
#2168
0(
0*
0+
#2169
0#
0$
b00000000000000001111000010010100 &
1(
1-
b00000000000000001111000010010100 .
#2170
0(
1*
#2171
1#
b11111111111111111000100010010000 %
1(
0-
#2172
0(
0*
#2173
0#
b00000000000000000111100100100100 &
1(
1-
b00000000000000000111100100100100 .
#2174
0(
1*
#2175
1#
b00000000000000000111000001101001 %
1(
0-
#2176
0(
0*
#2177
0#
b00000000000000001110100110001101 &
1(
1-
b00000000000000001110100110001101 .
#2178
0(
1*
1+
#2179
1#
1$
b11111111111111110000111000000100 %
1(
0-
#2180
0(
0*
0+
#2181
0#
0$
b11111111111111110000111000000100 &
1(
1-
b11111111111111110000111000000100 .
#2182
0(
1*
#2183
1#
b00000000000000000011110010000101 %
1(
0-
#2184
0(
0*
#2185
0#
b11111111111111110100101010001001 &
1(
1-
b11111111111111110100101010001001 .
#2186
0(
1*
#2187
1#
b11111111111111110100110101011001 %
1(
0-
#2188
0(
0*
#2189
0#
b11111111111111101001011111100010 &
1(
1-
b11111111111111101001011111100010 .
#2190
0(
1*
#2191
1#
b11111111111111111111011001000011 %
1(
0-
#2192
0(
0*
#2193
0#
b11111111111111101000111000100101 &
1(
1-
b11111111111111101000111000100101 .
#2194
0(
1*
#2195
1#
b00000000000000000000100011000100 %
1(
0-
#2196
0(
0*
#2197
0#
b11111111111111101001011011101001 &
1(
1-
b11111111111111101001011011101001 .
#2198
0(
1*
#2199
1#
b00000000000000000001101001101110 %
1(
0-
#2200
0(
0*
#2201
0#
b11111111111111101011000101010111 &
1(
1-
b11111111111111101011000101010111 .
#2202
0(
1*
1+
#2203
1#
1$
b11111111111111111010110010101101 %
1(
0-
#2204
0(
0*
0+
#2205
0#
0$
b11111111111111111010110010101101 &
1(
1-
b11111111111111111010110010101101 .
#2206
0(
1*
#2207
1#
b11111111111111111011010100100110 %
1(
0-
#2208
0(
0*
#2209
0#
b11111111111111110110000111010011 &
1(
1-
b11111111111111110110000111010011 .
#2210
0(
1*
1+
#2211
1#
1$
b00000000000000000101111000011111 %
1(
0-
#2212
0(
0*
0+
#2213
0#
0$
b00000000000000000101111000011111 &
1(
1-
b00000000000000000101111000011111 .
#2214
0(
1*
1+
#2215
1#
1$
b00000000000000010010001010011110 %
1(
0-
#2216
0(
0*
0+
#2217
0#
0$
b00000000000000010010001010011110 &
1(
1-
b00000000000000010010001010011110 .
#2218
0(
1*
#2219
1#
b11111111111111101111010001011100 %
1(
0-
#2220
0(
0*
#2221
0#
b00000000000000000001011011111010 &
1(
1-
b00000000000000000001011011111010 .
#2222
0(
1*
#2223
1#
b00000000000000011110001010000011 %
1(
0-
#2224
0(
0*
#2225
0#
b00000000000000011111100101111101 &
1(
1-
b00000000000000011111100101111101 .
#2226
0(
1*
1+
#2227
1#
1$
b00000000000000000110010011101111 %
1(
0-
#2228
0(
0*
0+
#2229
0#
0$
b00000000000000000110010011101111 &
1(
1-
b00000000000000000110010011101111 .
#2230
0(
1*
#2231
1#
b00000000000000001000010001111011 %
1(
0-
#2232
0(
0*
#2233
0#
b00000000000000001110100101101010 &
1(
1-
b00000000000000001110100101101010 .
#2234
0(
1*
#2235
1#
b11111111111111110000100011110010 %
1(
0-
#2236
0(
0*
#2237
0#
b11111111111111111111001001011100 &
1(
1-
b11111111111111111111001001011100 .
#2238
0(
1*
#2239
1#
b00000000000000010001011011110110 %
1(
0-
#2240
0(
0*
#2241
0#
b00000000000000010000100101010010 &
1(
1-
b00000000000000010000100101010010 .
#2242
0(
1*
#2243
1#
b11111111111111111101110111111010 %
1(
0-
#2244
0(
0*
#2245
0#
b00000000000000001110011101001100 &
1(
1-
b00000000000000001110011101001100 .
#2246
0(
1*
1+
#2247
1#
1$
b00000000000000000011001010001001 %
1(
0-
#2248
0(
0*
0+
#2249
0#
0$
b00000000000000000011001010001001 &
1(
1-
b00000000000000000011001010001001 .
#2250
0(
1*
#2251
1#
b11111111111111111111011110100100 %
1(
0-
#2252
0(
0*
#2253
0#
b00000000000000000010101000101101 &
1(
1-
b00000000000000000010101000101101 .
#2254
0(
1*
1+
#2255
1#
1$
b00000000000000010001010000111000 %
1(
0-
#2256
0(
0*
0+
#2257
0#
0$
b00000000000000010001010000111000 &
1(
1-
b00000000000000010001010000111000 .
#2258
0(
1*
1+
#2259
1#
1$
b00000000000000000110010011111111 %
1(
0-
#2260
0(
0*
0+
#2261
0#
0$
b00000000000000000110010011111111 &
1(
1-
b00000000000000000110010011111111 .
#2262
0(
1*
1+
#2263
1#
1$
b11111111111111110101110110010101 %
1(
0-
#2264
0(
0*
0+
#2265
0#
0$
b11111111111111110101110110010101 &
1(
1-
b11111111111111110101110110010101 .
#2266
0(
1*
1+
#2267
1#
1$
b00000000000000000101101111101010 %
1(
0-
#2268
0(
0*
0+
#2269
0#
0$
b00000000000000000101101111101010 &
1(
1-
b00000000000000000101101111101010 .
#2270
0(
1*
#2271
1#
b00000000000000000110000011111000 %
1(
0-
#2272
0(
0*
#2273
0#
b00000000000000001011110011100010 &
1(
1-
b00000000000000001011110011100010 .
#2274
0(
1*
1+
#2275
1#
1$
b11111111111111110110010011101110 %
1(
0-
#2276
0(
0*
0+
#2277
0#
0$
b11111111111111110110010011101110 &
1(
1-
b11111111111111110110010011101110 .
#2278
0(
1*
1+
#2279
1#
1$
b00000000000000001000101100111110 %
1(
0-
#2280
0(
0*
0+
#2281
0#
0$
b00000000000000001000101100111110 &
1(
1-
b00000000000000001000101100111110 .
#2282
0(
1*
#2283
1#
b00000000000000000000000101000011 %
1(
0-
#2284
0(
0*
#2285
0#
b00000000000000001000110010000001 &
1(
1-
b00000000000000001000110010000001 .
#2286
0(
1*
1+
#2287
1#
1$
b00000000000000000110001101010001 %
1(
0-
#2288
0(
0*
0+
#2289
0#
0$
b00000000000000000110001101010001 &
1(
1-
b00000000000000000110001101010001 .
#2290
0(
1*
#2291
1#
b00000000000000001100100010101010 %
1(
0-
#2292
0(
0*
#2293
0#
b00000000000000010010101111111011 &
1(
1-
b00000000000000010010101111111011 .
#2294
0(
1*
#2295
1#
b11111111111111110011011000010000 %
1(
0-
#2296
0(
0*
#2297
0#
b00000000000000000110001000001011 &
1(
1-
b00000000000000000110001000001011 .
#2298
0(
1*
#2299
1#
b11111111111111110001101011011101 %
1(
0-
#2300
0(
0*
#2301
0#
b11111111111111110111110011101000 &
1(
1-
b11111111111111110111110011101000 .
#2302
0(
1*
1+
#2303
1#
1$
b11111111111111101111101111001100 %
1(
0-
#2304
0(
0*
0+
#2305
0#
0$
b11111111111111101111101111001100 &
1(
1-
b11111111111111101111101111001100 .
#2306
0(
1*
#2307
1#
b00000000000000011111110101101001 %
1(
0-
#2308
0(
0*
#2309
0#
b00000000000000001111100100110101 &
1(
1-
b00000000000000001111100100110101 .
#2310
0(
1*
#2311
1#
b11111111111111111001011011111001 %
1(
0-
#2312
0(
0*
#2313
0#
b00000000000000001001000000101110 &
1(
1-
b00000000000000001001000000101110 .
#2314
0(
1*
#2315
1#
b11111111111111111111100011010011 %
1(
0-
#2316
0(
0*
#2317
0#
b00000000000000001000100100000001 &
1(
1-
b00000000000000001000100100000001 .
#2318
0(
1*
#2319
1#
b00000000000000000000001011010010 %
1(
0-
#2320
0(
0*
#2321
0#
b00000000000000001000101111010011 &
1(
1-
b00000000000000001000101111010011 .
#2322
0(
1*
#2323
1#
b00000000000000001010000100100011 %
1(
0-
#2324
0(
0*
#2325
0#
b00000000000000010010110011110110 &
1(
1-
b00000000000000010010110011110110 .
#2326
0(
1*
1+
#2327
1#
1$
b11111111111111111110001010001100 %
1(
0-
#2328
0(
0*
0+
#2329
0#
0$
b11111111111111111110001010001100 &
1(
1-
b11111111111111111110001010001100 .
#2330
0(
1*
1+
#2331
1#
1$
b00000000000000000110011010100010 %
1(
0-
#2332
0(
0*
0+
#2333
0#
0$
b00000000000000000110011010100010 &
1(
1-
b00000000000000000110011010100010 .
#2334
0(
1*
1+
#2335
1#
1$
b00000000000000011110111100010011 %
1(
0-
#2336
0(
0*
0+
#2337
0#
0$
b00000000000000011110111100010011 &
1(
1-
b00000000000000011110111100010011 .
#2338
0(
1*
#2339
1#
b00000000000000001000000000110001 %
1(
0-
#2340
0(
0*
#2341
0#
b00000000000000100110111101000100 &
1(
1-
b00000000000000100110111101000100 .
#2342
0(
1*
#2343
1#
b11111111111111101101101111100110 %
1(
0-
#2344
0(
0*
#2345
0#
b00000000000000010100101100101010 &
1(
1-
b00000000000000010100101100101010 .
#2346
0(
1*
#2347
1#
b00000000000000000110010111110000 %
1(
0-
#2348
0(
0*
#2349
0#
b00000000000000011011000100011010 &
1(
1-
b00000000000000011011000100011010 .
#2350
0(
1*
1+
#2351
1#
1$
b00000000000000001110100010111100 %
1(
0-
#2352
0(
0*
0+
#2353
0#
0$
b00000000000000001110100010111100 &
1(
1-
b00000000000000001110100010111100 .
#2354
0(
1*
#2355
1#
b00000000000000000110000011011010 %
1(
0-
#2356
0(
0*
#2357
0#
b00000000000000010100100110010110 &
1(
1-
b00000000000000010100100110010110 .
#2358
0(
1*
#2359
1#
b00000000000000000010011010100011 %
1(
0-
#2360
0(
0*
#2361
0#
b00000000000000010111000000111001 &
1(
1-
b00000000000000010111000000111001 .
#2362
0(
1*
1+
#2363
1#
1$
b11111111111111110011100010100101 %
1(
0-
#2364
0(
0*
0+
#2365
0#
0$
b11111111111111110011100010100101 &
1(
1-
b11111111111111110011100010100101 .
#2366
0(
1*
#2367
1#
b00000000000000001110100000000011 %
1(
0-
#2368
0(
0*
#2369
0#
b00000000000000000010000010101000 &
1(
1-
b00000000000000000010000010101000 .
#2370
0(
1*
#2371
1#
b00000000000000000100000100100010 %
1(
0-
#2372
0(
0*
#2373
0#
b00000000000000000110000111001010 &
1(
1-
b00000000000000000110000111001010 .
#2374
0(
1*
1+
#2375
1#
1$
b11111111111111101000101011010001 %
1(
0-
#2376
0(
0*
0+
#2377
0#
0$
b11111111111111101000101011010001 &
1(
1-
b11111111111111101000101011010001 .
#2378
0(
1*
#2379
1#
b11111111111111111110001010101001 %
1(
0-
#2380
0(
0*
#2381
0#
b11111111111111100110110101111010 &
1(
1-
b11111111111111100110110101111010 .
#2382
0(
1*
#2383
1#
b00000000000000001001110101001001 %
1(
0-
#2384
0(
0*
#2385
0#
b11111111111111110000101011000011 &
1(
1-
b11111111111111110000101011000011 .
#2386
0(
1*
1+
#2387
1#
1$
b00000000000000000000100010001010 %
1(
0-
#2388
0(
0*
0+
#2389
0#
0$
b00000000000000000000100010001010 &
1(
1-
b00000000000000000000100010001010 .
#2390
0(
1*
#2391
1#
b11111111111111101010110000110101 %
1(
0-
#2392
0(
0*
#2393
0#
b11111111111111101011010010111111 &
1(
1-
b11111111111111101011010010111111 .
#2394
0(
1*
#2395
1#
b00000000000000001110101111111000 %
1(
0-
#2396
0(
0*
#2397
0#
b11111111111111111010000010110111 &
1(
1-
b11111111111111111010000010110111 .
#2398
0(
1*
#2399
1#
b00000000000000001100111110100100 %
1(
0-
#2400
0(
0*
#2401
0#
b00000000000000000111000001011011 &
1(
1-
b00000000000000000111000001011011 .
#2402
0(
1*
#2403
1#
b11111111111111100011000111011100 %
1(
0-
#2404
0(
0*
#2405
0#
b11111111111111101010001000110111 &
1(
1-
b11111111111111101010001000110111 .
#2406
0(
1*
#2407
1#
b00000000000000000110000010010001 %
1(
0-
#2408
0(
0*
#2409
0#
b11111111111111110000001011001000 &
1(
1-
b11111111111111110000001011001000 .
#2410
0(
1*
#2411
1#
b11111111111111111100100000010011 %
1(
0-
#2412
0(
0*
#2413
0#
b11111111111111101100101011011011 &
1(
1-
b11111111111111101100101011011011 .
#2414
0(
1*
#2415
1#
b11111111111111110000110000111001 %
1(
0-
#2416
0(
0*
#2417
0#
b11111111111111011101011100010100 &
1(
1-
b11111111111111011101011100010100 .
#2418
0(
1*
#2419
1#
b11111111111111011101011111011000 %
1(
0-
#2420
0(
0*
#2421
0#
b11111111111110111010111011101100 &
1(
1-
b11111111111110111010111011101100 .
#2422
0(
1*
1+
#2423
1#
1$
b11111111111111111111010111111011 %
1(
0-
#2424
0(
0*
0+
#2425
0#
0$
b11111111111111111111010111111011 &
1(
1-
b11111111111111111111010111111011 .
#2426
0(
1*
#2427
1#
b00000000000000100010010111000111 %
1(
0-
#2428
0(
0*
#2429
0#
b00000000000000100001101111000010 &
1(
1-
b00000000000000100001101111000010 .
#2430
0(
1*
#2431
1#
b11111111111111111100100001000100 %
1(
0-
#2432
0(
0*
#2433
0#
b00000000000000011110010000000110 &
1(
1-
b00000000000000011110010000000110 .
#2434
0(
1*
#2435
1#
b11111111111111110111110001101101 %
1(
0-
#2436
0(
0*
#2437
0#
b00000000000000010110000001110011 &
1(
1-
b00000000000000010110000001110011 .
#2438
0(
1*
1+
#2439
1#
1$
b00000000000000001110010001110111 %
1(
0-
#2440
0(
0*
0+
#2441
0#
0$
b00000000000000001110010001110111 &
1(
1-
b00000000000000001110010001110111 .
#2442
0(
1*
#2443
1#
b11111111111111101000000101101101 %
1(
0-
#2444
0(
0*
#2445
0#
b11111111111111110110010111100100 &
1(
1-
b11111111111111110110010111100100 .
#2446
0(
1*
#2447
1#
b11111111111111111110101111010110 %
1(
0-
#2448
0(
0*
#2449
0#
b11111111111111110101000110111010 &
1(
1-
b11111111111111110101000110111010 .
#2450
0(
1*
1+
#2451
1#
1$
b00000000000000010100110011010011 %
1(
0-
#2452
0(
0*
0+
#2453
0#
0$
b00000000000000010100110011010011 &
1(
1-
b00000000000000010100110011010011 .
#2454
0(
1*
#2455
1#
b11111111111111110100111010010011 %
1(
0-
#2456
0(
0*
#2457
0#
b00000000000000001001101101100110 &
1(
1-
b00000000000000001001101101100110 .
#2458
0(
1*
#2459
1#
b00000000000000011000100111111110 %
1(
0-
#2460
0(
0*
#2461
0#
b00000000000000100010010101100100 &
1(
1-
b00000000000000100010010101100100 .
#2462
0(
1*
1+
#2463
1#
1$
b11111111111111111110100000110010 %
1(
0-
#2464
0(
0*
0+
#2465
0#
0$
b11111111111111111110100000110010 &
1(
1-
b11111111111111111110100000110010 .
#2466
0(
1*
1+
#2467
1#
1$
b11111111111111110010110011001001 %
1(
0-
#2468
0(
0*
0+
#2469
0#
0$
b11111111111111110010110011001001 &
1(
1-
b11111111111111110010110011001001 .
#2470
0(
1*
1+
#2471
1#
1$
b00000000000000011111010000001001 %
1(
0-
#2472
0(
0*
0+
#2473
0#
0$
b00000000000000011111010000001001 &
1(
1-
b00000000000000011111010000001001 .
#2474
0(
1*
1+
#2475
1#
1$
b00000000000000000000111111001000 %
1(
0-
#2476
0(
0*
0+
#2477
0#
0$
b00000000000000000000111111001000 &
1(
1-
b00000000000000000000111111001000 .
#2478
0(
1*
#2479
1#
b11111111111111110000101101100100 %
1(
0-
#2480
0(
0*
#2481
0#
b11111111111111110001101100101100 &
1(
1-
b11111111111111110001101100101100 .
#2482
0(
1*
1+
#2483
1#
1$
b11111111111111110111101111111010 %
1(
0-
#2484
0(
0*
0+
#2485
0#
0$
b11111111111111110111101111111010 &
1(
1-
b11111111111111110111101111111010 .
#2486
0(
1*
1+
#2487
1#
1$
b11111111111111101110110101111100 %
1(
0-
#2488
0(
0*
0+
#2489
0#
0$
b11111111111111101110110101111100 &
1(
1-
b11111111111111101110110101111100 .
#2490
0(
1*
#2491
1#
b00000000000000001000010100010011 %
1(
0-
#2492
0(
0*
#2493
0#
b11111111111111110111001010001111 &
1(
1-
b11111111111111110111001010001111 .
#2494
0(
1*
#2495
1#
b00000000000000000101011010001000 %
1(
0-
#2496
0(
0*
#2497
0#
b11111111111111111100100100010111 &
1(
1-
b11111111111111111100100100010111 .
#2498
0(
1*
#2499
1#
b00000000000000001110000010001101 %
1(
0-
#2500
0(
0*
#2501
0#
b00000000000000001010100110100100 &
1(
1-
b00000000000000001010100110100100 .
#2502
0(
1*
#2503
1#
b00000000000000001000101011111110 %
1(
0-
#2504
0(
0*
#2505
0#
b00000000000000010011010010100010 &
1(
1-
b00000000000000010011010010100010 .
#2506
0(
1*
1+
#2507
1#
1$
b00000000000000000001000111010001 %
1(
0-
#2508
0(
0*
0+
#2509
0#
0$
b00000000000000000001000111010001 &
1(
1-
b00000000000000000001000111010001 .
#2510
0(
1*
#2511
1#
b11111111111111111101000001010101 %
1(
0-
#2512
0(
0*
#2513
0#
b11111111111111111110001000100110 &
1(
1-
b11111111111111111110001000100110 .
#2514
0(
1*
#2515
1#
b11111111111111111110100110101111 %
1(
0-
#2516
0(
0*
#2517
0#
b11111111111111111100101111010101 &
1(
1-
b11111111111111111100101111010101 .
#2518
0(
1*
#2519
1#
b00000000000000001110011111011110 %
1(
0-
#2520
0(
0*
#2521
0#
b00000000000000001011001110110011 &
1(
1-
b00000000000000001011001110110011 .
#2522
0(
1*
#2523
1#
b00000000000000000100000011011100 %
1(
0-
#2524
0(
0*
#2525
0#
b00000000000000001111010010001111 &
1(
1-
b00000000000000001111010010001111 .
#2526
0(
1*
1+
#2527
1#
1$
b00000000000000000011111101111011 %
1(
0-
#2528
0(
0*
0+
#2529
0#
0$
b00000000000000000011111101111011 &
1(
1-
b00000000000000000011111101111011 .
#2530
0(
1*
1+
#2531
1#
1$
b00000000000000100000000100000010 %
1(
0-
#2532
0(
0*
0+
#2533
0#
0$
b00000000000000100000000100000010 &
1(
1-
b00000000000000100000000100000010 .
#2534
0(
1*
#2535
1#
b00000000000000100001111111100101 %
1(
0-
#2536
0(
0*
#2537
0#
b00000000000001000010000011100111 &
1(
1-
b00000000000001000010000011100111 .
#2538
0(
1*
#2539
1#
b00000000000000001011011110110100 %
1(
0-
#2540
0(
0*
#2541
0#
b00000000000001001101100010011011 &
1(
1-
b00000000000001001101100010011011 .
#2542
0(
1*
1+
#2543
1#
1$
b00000000000000001100111001100010 %
1(
0-
#2544
0(
0*
0+
#2545
0#
0$
b00000000000000001100111001100010 &
1(
1-
b00000000000000001100111001100010 .
#2546
0(
1*
#2547
1#
b00000000000000010111111010110111 %
1(
0-
#2548
0(
0*
#2549
0#
b00000000000000100100110100011001 &
1(
1-
b00000000000000100100110100011001 .
#2550
0(
1*
1+
#2551
1#
1$
b11111111111111101100111011111100 %
1(
0-
#2552
0(
0*
0+
#2553
0#
0$
b11111111111111101100111011111100 &
1(
1-
b11111111111111101100111011111100 .
#2554
0(
1*
1+
#2555
1#
1$
b11111111111111101101010010000110 %
1(
0-
#2556
0(
0*
0+
#2557
0#
0$
b11111111111111101101010010000110 &
1(
1-
b11111111111111101101010010000110 .
#2558
0(
1*
1+
#2559
1#
1$
b00000000000000001010001110000110 %
1(
0-
#2560
0(
0*
0+
#2561
0#
0$
b00000000000000001010001110000110 &
1(
1-
b00000000000000001010001110000110 .
#2562
0(
1*
#2563
1#
b11111111111111110010000110001011 %
1(
0-
#2564
0(
0*
#2565
0#
b11111111111111111100010100010001 &
1(
1-
b11111111111111111100010100010001 .
#2566
0(
1*
#2567
1#
b11111111111111101000001001101010 %
1(
0-
#2568
0(
0*
#2569
0#
b11111111111111100100011101111011 &
1(
1-
b11111111111111100100011101111011 .
#2570
0(
1*
#2571
1#
b00000000000000010110111110111001 %
1(
0-
#2572
0(
0*
#2573
0#
b11111111111111111011011100110100 &
1(
1-
b11111111111111111011011100110100 .
#2574
0(
1*
1+
#2575
1#
1$
b00000000000000010011011001010101 %
1(
0-
#2576
0(
0*
0+
#2577
0#
0$
b00000000000000010011011001010101 &
1(
1-
b00000000000000010011011001010101 .
#2578
0(
1*
1+
#2579
1#
1$
b00000000000000011000101010000000 %
1(
0-
#2580
0(
0*
0+
#2581
0#
0$
b00000000000000011000101010000000 &
1(
1-
b00000000000000011000101010000000 .
#2582
0(
1*
1+
#2583
1#
1$
b11111111111111101100110000111100 %
1(
0-
#2584
0(
0*
0+
#2585
0#
0$
b11111111111111101100110000111100 &
1(
1-
b11111111111111101100110000111100 .
#2586
0(
1*
#2587
1#
b00000000000000001010011101011010 %
1(
0-
#2588
0(
0*
#2589
0#
b11111111111111110111001110010110 &
1(
1-
b11111111111111110111001110010110 .
#2590
0(
1*
1+
#2591
1#
1$
b11111111111111111111110101101010 %
1(
0-
#2592
0(
0*
0+
#2593
0#
0$
b11111111111111111111110101101010 &
1(
1-
b11111111111111111111110101101010 .
#2594
0(
1*
#2595
1#
b11111111111111101100111010010111 %
1(
0-
#2596
0(
0*
#2597
0#
b11111111111111101100110000000001 &
1(
1-
b11111111111111101100110000000001 .
#2598
0(
1*
1+
#2599
1#
1$
b00000000000000011001000011110001 %
1(
0-
#2600
0(
0*
0+
#2601
0#
0$
b00000000000000011001000011110001 &
1(
1-
b00000000000000011001000011110001 .
#2602
0(
1*
#2603
1#
b11111111111111110001011110011111 %
1(
0-
#2604
0(
0*
#2605
0#
b00000000000000001010100010010000 &
1(
1-
b00000000000000001010100010010000 .
#2606
0(
1*
1+
#2607
1#
1$
b00000000000000010001011011000111 %
1(
0-
#2608
0(
0*
0+
#2609
0#
0$
b00000000000000010001011011000111 &
1(
1-
b00000000000000010001011011000111 .
#2610
0(
1*
#2611
1#
b00000000000000001101000011011111 %
1(
0-
#2612
0(
0*
#2613
0#
b00000000000000011110011110100110 &
1(
1-
b00000000000000011110011110100110 .
#2614
0(
1*
#2615
1#
b00000000000000000000100100011111 %
1(
0-
#2616
0(
0*
#2617
0#
b00000000000000011111000011000101 &
1(
1-
b00000000000000011111000011000101 .
#2618
0(
1*
#2619
1#
b11111111111111110111100011101011 %
1(
0-
#2620
0(
0*
#2621
0#
b00000000000000010110100110110000 &
1(
1-
b00000000000000010110100110110000 .
#2622
0(
1*
1+
#2623
1#
1$
b00000000000000001010001100010001 %
1(
0-
#2624
0(
0*
0+
#2625
0#
0$
b00000000000000001010001100010001 &
1(
1-
b00000000000000001010001100010001 .
#2626
0(
1*
#2627
1#
b11111111111111111011110001010100 %
1(
0-
#2628
0(
0*
#2629
0#
b00000000000000000101111101100101 &
1(
1-
b00000000000000000101111101100101 .
#2630
0(
1*
#2631
1#
b11111111111111110110001011000110 %
1(
0-
#2632
0(
0*
#2633
0#
b11111111111111111100001000101011 &
1(
1-
b11111111111111111100001000101011 .
#2634
0(
1*
1+
#2635
1#
1$
b11111111111111110011000101011101 %
1(
0-
#2636
0(
0*
0+
#2637
0#
0$
b11111111111111110011000101011101 &
1(
1-
b11111111111111110011000101011101 .
#2638
0(
1*
#2639
1#
b00000000000000001100000000110100 %
1(
0-
#2640
0(
0*
#2641
0#
b11111111111111111111000110010001 &
1(
1-
b11111111111111111111000110010001 .
#2642
0(
1*
#2643
1#
b00000000000000001000101100010111 %
1(
0-
#2644
0(
0*
#2645
0#
b00000000000000000111110010101000 &
1(
1-
b00000000000000000111110010101000 .
#2646
0(
1*
#2647
1#
b11111111111111111010000101111110 %
1(
0-
#2648
0(
0*
#2649
0#
b00000000000000000001111000100110 &
1(
1-
b00000000000000000001111000100110 .
#2650
0(
1*
1+
#2651
1#
1$
b00000000000000000111101110001001 %
1(
0-
#2652
0(
0*
0+
#2653
0#
0$
b00000000000000000111101110001001 &
1(
1-
b00000000000000000111101110001001 .
#2654
0(
1*
1+
#2655
1#
1$
b00000000000000000011101011001001 %
1(
0-
#2656
0(
0*
0+
#2657
0#
0$
b00000000000000000011101011001001 &
1(
1-
b00000000000000000011101011001001 .
#2658
0(
1*
1+
#2659
1#
1$
b00000000000000100011111100101101 %
1(
0-
#2660
0(
0*
0+
#2661
0#
0$
b00000000000000100011111100101101 &
1(
1-
b00000000000000100011111100101101 .
#2662
0(
1*
#2663
1#
b11111111111111111110000000010111 %
1(
0-
#2664
0(
0*
#2665
0#
b00000000000000100001111101000100 &
1(
1-
b00000000000000100001111101000100 .
#2666
0(
1*
1+
#2667
1#
1$
b00000000000000010010010100110110 %
1(
0-
#2668
0(
0*
0+
#2669
0#
0$
b00000000000000010010010100110110 &
1(
1-
b00000000000000010010010100110110 .
#2670
0(
1*
#2671
1#
b11111111111111111100010101101001 %
1(
0-
#2672
0(
0*
#2673
0#
b00000000000000001110101010011111 &
1(
1-
b00000000000000001110101010011111 .
#2674
0(
1*
1+
#2675
1#
1$
b00000000000000000101100010101110 %
1(
0-
#2676
0(
0*
0+
#2677
0#
0$
b00000000000000000101100010101110 &
1(
1-
b00000000000000000101100010101110 .
#2678
0(
1*
#2679
1#
b00000000000000011001110111001100 %
1(
0-
#2680
0(
0*
#2681
0#
b00000000000000011111011001111010 &
1(
1-
b00000000000000011111011001111010 .
#2682
0(
1*
#2683
1#
b00000000000000001011101010000110 %
1(
0-
#2684
0(
0*
#2685
0#
b00000000000000101011000100000000 &
1(
1-
b00000000000000101011000100000000 .
#2686
0(
1*
#2687
1#
b00000000000000101001001000110010 %
1(
0-
#2688
0(
0*
#2689
0#
b00000000000001010100001100110010 &
1(
1-
b00000000000001010100001100110010 .
#2690
0(
1*
1+
#2691
1#
1$
b11111111111111111110011010110100 %
1(
0-
#2692
0(
0*
0+
#2693
0#
0$
b11111111111111111110011010110100 &
1(
1-
b11111111111111111110011010110100 .
#2694
0(
1*
#2695
1#
b11111111111111101011001101100110 %
1(
0-
#2696
0(
0*
#2697
0#
b11111111111111101001101000011010 &
1(
1-
b11111111111111101001101000011010 .
#2698
0(
1*
#2699
1#
b00000000000000010001110101011000 %
1(
0-
#2700
0(
0*
#2701
0#
b11111111111111111011011101110010 &
1(
1-
b11111111111111111011011101110010 .
#2702
0(
1*
1+
#2703
1#
1$
b11111111111111110111010110100000 %
1(
0-
#2704
0(
0*
0+
#2705
0#
0$
b11111111111111110111010110100000 &
1(
1-
b11111111111111110111010110100000 .
#2706
0(
1*
#2707
1#
b00000000000000001100110111010100 %
1(
0-
#2708
0(
0*
#2709
0#
b00000000000000000100001101110100 &
1(
1-
b00000000000000000100001101110100 .
#2710
0(
1*
1+
#2711
1#
1$
b00000000000000010010111101110100 %
1(
0-
#2712
0(
0*
0+
#2713
0#
0$
b00000000000000010010111101110100 &
1(
1-
b00000000000000010010111101110100 .
#2714
0(
1*
#2715
1#
b11111111111111111101111111001000 %
1(
0-
#2716
0(
0*
#2717
0#
b00000000000000010000111100111100 &
1(
1-
b00000000000000010000111100111100 .
#2718
0(
1*
#2719
1#
b11111111111111010000000110110110 %
1(
0-
#2720
0(
0*
#2721
0#
b11111111111111100001000011110010 &
1(
1-
b11111111111111100001000011110010 .
#2722
0(
1*
1+
#2723
1#
1$
b00000000000000000001000101110001 %
1(
0-
#2724
0(
0*
0+
#2725
0#
0$
b00000000000000000001000101110001 &
1(
1-
b00000000000000000001000101110001 .
#2726
0(
1*
#2727
1#
b00000000000000001001110101110100 %
1(
0-
#2728
0(
0*
#2729
0#
b00000000000000001010111011100101 &
1(
1-
b00000000000000001010111011100101 .
#2730
0(
1*
#2731
1#
b11111111111111111000111111000001 %
1(
0-
#2732
0(
0*
#2733
0#
b00000000000000000011111010100110 &
1(
1-
b00000000000000000011111010100110 .
#2734
0(
1*
#2735
1#
b00000000000000001100011001010011 %
1(
0-
#2736
0(
0*
#2737
0#
b00000000000000010000010011111001 &
1(
1-
b00000000000000010000010011111001 .
#2738
0(
1*
#2739
1#
b11111111111111101101111011110001 %
1(
0-
#2740
0(
0*
#2741
0#
b11111111111111111110001111101010 &
1(
1-
b11111111111111111110001111101010 .
#2742
0(
1*
#2743
1#
b11111111111111111000001001011010 %
1(
0-
#2744
0(
0*
#2745
0#
b11111111111111110110011001000100 &
1(
1-
b11111111111111110110011001000100 .
#2746
0(
1*
#2747
1#
b11111111111111111111100101101001 %
1(
0-
#2748
0(
0*
#2749
0#
b11111111111111110101111110101101 &
1(
1-
b11111111111111110101111110101101 .
#2750
0(
1*
#2751
1#
b00000000000000010111001111011000 %
1(
0-
#2752
0(
0*
#2753
0#
b00000000000000001101001110000101 &
1(
1-
b00000000000000001101001110000101 .
#2754
0(
1*
#2755
1#
b00000000000000011001001111101010 %
1(
0-
#2756
0(
0*
#2757
0#
b00000000000000100110011101101111 &
1(
1-
b00000000000000100110011101101111 .
#2758
0(
1*
#2759
1#
b11111111111111110101101101001010 %
1(
0-
#2760
0(
0*
#2761
0#
b00000000000000011100001010111001 &
1(
1-
b00000000000000011100001010111001 .
#2762
0(
1*
#2763
1#
b00000000000000000010010000100000 %
1(
0-
#2764
0(
0*
#2765
0#
b00000000000000011110011011011001 &
1(
1-
b00000000000000011110011011011001 .
#2766
0(
1*
#2767
1#
b00000000000000000000100101110011 %
1(
0-
#2768
0(
0*
#2769
0#
b00000000000000011111000001001100 &
1(
1-
b00000000000000011111000001001100 .
#2770
0(
1*
#2771
1#
b11111111111111101010010110011010 %
1(
0-
#2772
0(
0*
#2773
0#
b00000000000000001001010111100110 &
1(
1-
b00000000000000001001010111100110 .
#2774
0(
1*
#2775
1#
b11111111111111111000111010110110 %
1(
0-
#2776
0(
0*
#2777
0#
b00000000000000000010010010011100 &
1(
1-
b00000000000000000010010010011100 .
#2778
0(
1*
#2779
1#
b00000000000000001111100100001101 %
1(
0-
#2780
0(
0*
#2781
0#
b00000000000000010001110110101001 &
1(
1-
b00000000000000010001110110101001 .
#2782
0(
1*
#2783
1#
b11111111111111111001000000001000 %
1(
0-
#2784
0(
0*
#2785
0#
b00000000000000001010110110110001 &
1(
1-
b00000000000000001010110110110001 .
#2786
0(
1*
#2787
1#
b00000000000000001000100010101111 %
1(
0-
#2788
0(
0*
#2789
0#
b00000000000000010011011001100000 &
1(
1-
b00000000000000010011011001100000 .
#2790
0(
1*
#2791
1#
b00000000000000001000110011010110 %
1(
0-
#2792
0(
0*
#2793
0#
b00000000000000011100001100110110 &
1(
1-
b00000000000000011100001100110110 .
#2794
0(
1*
#2795
1#
b00000000000000000100010101001111 %
1(
0-
#2796
0(
0*
#2797
0#
b00000000000000100000100010000101 &
1(
1-
b00000000000000100000100010000101 .
#2798
0(
1*
1+
#2799
1#
1$
b11111111111111111110001011010001 %
1(
0-
#2800
0(
0*
0+
#2801
0#
0$
b11111111111111111110001011010001 &
1(
1-
b11111111111111111110001011010001 .
#2802
0(
1*
#2803
1#
b11111111111111111111100001010110 %
1(
0-
#2804
0(
0*
#2805
0#
b11111111111111111101101100100111 &
1(
1-
b11111111111111111101101100100111 .
#2806
0(
1*
#2807
1#
b11111111111111111111101000011011 %
1(
0-
#2808
0(
0*
#2809
0#
b11111111111111111101010101000010 &
1(
1-
b11111111111111111101010101000010 .
#2810
0(
1*
1+
#2811
1#
1$
b11111111111111111111101111110111 %
1(
0-
#2812
0(
0*
0+
#2813
0#
0$
b11111111111111111111101111110111 &
1(
1-
b11111111111111111111101111110111 .
#2814
0(
1*
1+
#2815
1#
1$
b00000000000000001111001001110100 %
1(
0-
#2816
0(
0*
0+
#2817
0#
0$
b00000000000000001111001001110100 &
1(
1-
b00000000000000001111001001110100 .
#2818
0(
1*
1+
#2819
1#
1$
b11111111111111101010100011001110 %
1(
0-
#2820
0(
0*
0+
#2821
0#
0$
b11111111111111101010100011001110 &
1(
1-
b11111111111111101010100011001110 .
#2822
0(
1*
#2823
1#
b11111111111111111000011010001110 %
1(
0-
#2824
0(
0*
#2825
0#
b11111111111111100010111101011100 &
1(
1-
b11111111111111100010111101011100 .
#2826
0(
1*
#2827
1#
b00000000000000000110110010100001 %
1(
0-
#2828
0(
0*
#2829
0#
b11111111111111101001101111111101 &
1(
1-
b11111111111111101001101111111101 .
#2830
0(
1*
#2831
1#
b00000000000000010001101100101100 %
1(
0-
#2832
0(
0*
#2833
0#
b11111111111111111011011100101001 &
1(
1-
b11111111111111111011011100101001 .
#2834
0(
1*
#2835
1#
b00000000000000001111001000110011 %
1(
0-
#2836
0(
0*
#2837
0#
b00000000000000001010100101011100 &
1(
1-
b00000000000000001010100101011100 .
#2838
0(
1*
#2839
1#
b11111111111111110000100010000110 %
1(
0-
#2840
0(
0*
#2841
0#
b11111111111111111011000111100010 &
1(
1-
b11111111111111111011000111100010 .
#2842
0(
1*
#2843
1#
b00000000000000001111111010101101 %
1(
0-
#2844
0(
0*
#2845
0#
b00000000000000001011000010001111 &
1(
1-
b00000000000000001011000010001111 .
#2846
0(
1*
1+
#2847
1#
1$
b00000000000000000010001111010101 %
1(
0-
#2848
0(
0*
0+
#2849
0#
0$
b00000000000000000010001111010101 &
1(
1-
b00000000000000000010001111010101 .
#2850
0(
1*
1+
#2851
1#
1$
b00000000000000001100000000110001 %
1(
0-
#2852
0(
0*
0+
#2853
0#
0$
b00000000000000001100000000110001 &
1(
1-
b00000000000000001100000000110001 .
#2854
0(
1*
#2855
1#
b11111111111111111001011000001101 %
1(
0-
#2856
0(
0*
#2857
0#
b00000000000000000101011000111110 &
1(
1-
b00000000000000000101011000111110 .
#2858
0(
1*
#2859
1#
b11111111111111111100111110100101 %
1(
0-
#2860
0(
0*
#2861
0#
b00000000000000000010010111100011 &
1(
1-
b00000000000000000010010111100011 .
#2862
0(
1*
1+
#2863
1#
1$
b00000000000000001010000111000110 %
1(
0-
#2864
0(
0*
0+
#2865
0#
0$
b00000000000000001010000111000110 &
1(
1-
b00000000000000001010000111000110 .
#2866
0(
1*
#2867
1#
b00000000000000100010010111100101 %
1(
0-
#2868
0(
0*
#2869
0#
b00000000000000101100011110101011 &
1(
1-
b00000000000000101100011110101011 .
#2870
0(
1*
1+
#2871
1#
1$
b00000000000000000011100101101111 %
1(
0-
#2872
0(
0*
0+
#2873
0#
0$
b00000000000000000011100101101111 &
1(
1-
b00000000000000000011100101101111 .
#2874
0(
1*
1+
#2875
1#
1$
b00000000000000001110001101001111 %
1(
0-
#2876
0(
0*
0+
#2877
0#
0$
b00000000000000001110001101001111 &
1(
1-
b00000000000000001110001101001111 .
#2878
0(
1*
#2879
1#
b11111111111111101100110100101101 %
1(
0-
#2880
0(
0*
#2881
0#
b11111111111111111011000001111100 &
1(
1-
b11111111111111111011000001111100 .
#2882
0(
1*
#2883
1#
b11111111111111101000001100010110 %
1(
0-
#2884
0(
0*
#2885
0#
b11111111111111100011001110010010 &
1(
1-
b11111111111111100011001110010010 .
#2886
0(
1*
#2887
1#
b00000000000000010110100110000000 %
1(
0-
#2888
0(
0*
#2889
0#
b11111111111111111001110100010010 &
1(
1-
b11111111111111111001110100010010 .
#2890
0(
1*
#2891
1#
b11111111111111100101100010011011 %
1(
0-
#2892
0(
0*
#2893
0#
b11111111111111011111010110101101 &
1(
1-
b11111111111111011111010110101101 .
#2894
0(
1*
#2895
1#
b00000000000000000010001101111110 %
1(
0-
#2896
0(
0*
#2897
0#
b11111111111111100001100100101011 &
1(
1-
b11111111111111100001100100101011 .
#2898
0(
1*
#2899
1#
b11111111111111110000110100101010 %
1(
0-
#2900
0(
0*
#2901
0#
b11111111111111010010011001010101 &
1(
1-
b11111111111111010010011001010101 .
#2902
0(
1*
#2903
1#
b00000000000000001001101010001100 %
1(
0-
#2904
0(
0*
#2905
0#
b11111111111111011100000011100001 &
1(
1-
b11111111111111011100000011100001 .
#2906
0(
1*
#2907
1#
b00000000000000001101011100011100 %
1(
0-
#2908
0(
0*
#2909
0#
b11111111111111101001011111111101 &
1(
1-
b11111111111111101001011111111101 .
#2910
0(
1*
1+
#2911
1#
1$
b11111111111111011111011111111010 %
1(
0-
#2912
0(
0*
0+
#2913
0#
0$
b11111111111111011111011111111010 &
1(
1-
b11111111111111011111011111111010 .
#2914
0(
1*
#2915
1#
b00000000000000000111001111100111 %
1(
0-
#2916
0(
0*
#2917
0#
b11111111111111100110101111100001 &
1(
1-
b11111111111111100110101111100001 .
#2918
0(
1*
#2919
1#
b00000000000000001010000110101000 %
1(
0-
#2920
0(
0*
#2921
0#
b11111111111111110000110110001001 &
1(
1-
b11111111111111110000110110001001 .
#2922
0(
1*
1+
#2923
1#
1$
b00000000000000010100010100110010 %
1(
0-
#2924
0(
0*
0+
#2925
0#
0$
b00000000000000010100010100110010 &
1(
1-
b00000000000000010100010100110010 .
#2926
0(
1*
1+
#2927
1#
1$
b00000000000000010110100100011001 %
1(
0-
#2928
0(
0*
0+
#2929
0#
0$
b00000000000000010110100100011001 &
1(
1-
b00000000000000010110100100011001 .
#2930
0(
1*
#2931
1#
b00000000000000010001000100111110 %
1(
0-
#2932
0(
0*
#2933
0#
b00000000000000100111101001010111 &
1(
1-
b00000000000000100111101001010111 .
#2934
0(
1*
#2935
1#
b11111111111111101110110101010010 %
1(
0-
#2936
0(
0*
#2937
0#
b00000000000000010110011110101001 &
1(
1-
b00000000000000010110011110101001 .
#2938
0(
1*
1+
#2939
1#
1$
b11111111111111111010100110010011 %
1(
0-
#2940
0(
0*
0+
#2941
0#
0$
b11111111111111111010100110010011 &
1(
1-
b11111111111111111010100110010011 .
#2942
0(
1*
#2943
1#
b11111111111111111010111110011110 %
1(
0-
#2944
0(
0*
#2945
0#
b11111111111111110101100100110001 &
1(
1-
b11111111111111110101100100110001 .
#2946
0(
1*
1+
#2947
1#
1$
b11111111111111110111000110111110 %
1(
0-
#2948
0(
0*
0+
#2949
0#
0$
b11111111111111110111000110111110 &
1(
1-
b11111111111111110111000110111110 .
#2950
0(
1*
#2951
1#
b00000000000000000000100111000110 %
1(
0-
#2952
0(
0*
#2953
0#
b11111111111111110111101110000100 &
1(
1-
b11111111111111110111101110000100 .
#2954
0(
1*
#2955
1#
b00000000000000001110111111001000 %
1(
0-
#2956
0(
0*
#2957
0#
b00000000000000000110101101001100 &
1(
1-
b00000000000000000110101101001100 .
#2958
0(
1*
#2959
1#
b00000000000000000100111100011110 %
1(
0-
#2960
0(
0*
#2961
0#
b00000000000000001011101001101010 &
1(
1-
b00000000000000001011101001101010 .
#2962
0(
1*
#2963
1#
b11111111111111101010111001100000 %
1(
0-
#2964
0(
0*
#2965
0#
b11111111111111110110100011001010 &
1(
1-
b11111111111111110110100011001010 .
#2966
0(
1*
#2967
1#
b11111111111111111100001100001010 %
1(
0-
#2968
0(
0*
#2969
0#
b11111111111111110010101111010100 &
1(
1-
b11111111111111110010101111010100 .
#2970
0(
1*
#2971
1#
b00000000000000001001111001111010 %
1(
0-
#2972
0(
0*
#2973
0#
b11111111111111111100101001001110 &
1(
1-
b11111111111111111100101001001110 .
#2974
0(
1*
#2975
1#
b00000000000000011011010000000101 %
1(
0-
#2976
0(
0*
#2977
0#
b00000000000000010111111001010011 &
1(
1-
b00000000000000010111111001010011 .
#2978
0(
1*
1+
#2979
1#
1$
b00000000000000000010101111100001 %
1(
0-
#2980
0(
0*
0+
#2981
0#
0$
b00000000000000000010101111100001 &
1(
1-
b00000000000000000010101111100001 .
#2982
0(
1*
#2983
1#
b11111111111111111100011100011110 %
1(
0-
#2984
0(
0*
#2985
0#
b11111111111111111111001011111111 &
1(
1-
b11111111111111111111001011111111 .
#2986
0(
1*
1+
#2987
1#
1$
b11111111111111110101111111011101 %
1(
0-
#2988
0(
0*
0+
#2989
0#
0$
b11111111111111110101111111011101 &
1(
1-
b11111111111111110101111111011101 .
#2990
0(
1*
#2991
1#
b11111111111111111101111100110101 %
1(
0-
#2992
0(
0*
#2993
0#
b11111111111111110011111100010010 &
1(
1-
b11111111111111110011111100010010 .
#2994
0(
1*
1+
#2995
1#
1$
b00000000000000000110101000011001 %
1(
0-
#2996
0(
0*
0+
#2997
0#
0$
b00000000000000000110101000011001 &
1(
1-
b00000000000000000110101000011001 .
#2998
0(
1*
1+
#2999
1#
1$
b00000000000000000010111101101000 %
1(
0-
#3000
0(
0*
0+
#3001
0#
0$
b00000000000000000010111101101000 &
1(
1-
b00000000000000000010111101101000 .
#3002
0(
1*
#3003
1#
b00000000000000000101110110001110 %
1(
0-
#3004
0(
0*
#3005
0#
b00000000000000001000110011110110 &
1(
1-
b00000000000000001000110011110110 .
#3006
0(
1*
1+
#3007
1#
1$
b11111111111111101111000011111101 %
1(
0-
#3008
0(
0*
0+
#3009
0#
0$
b11111111111111101111000011111101 &
1(
1-
b11111111111111101111000011111101 .
#3010
0(
1*
#3011
1#
b11111111111111110110010111101001 %
1(
0-
#3012
0(
0*
#3013
0#
b11111111111111100101011011100110 &
1(
1-
b11111111111111100101011011100110 .
#3014
0(
1*
#3015
1#
b00000000000000001101010100001001 %
1(
0-
#3016
0(
0*
#3017
0#
b11111111111111110010101111101111 &
1(
1-
b11111111111111110010101111101111 .
#3018
0(
1*
#3019
1#
b11111111111111111111101000111011 %
1(
0-
#3020
0(
0*
#3021
0#
b11111111111111110010011000101010 &
1(
1-
b11111111111111110010011000101010 .
#3022
0(
1*
#3023
1#
b00000000000000001000011111000011 %
1(
0-
#3024
0(
0*
#3025
0#
b11111111111111111010110111101101 &
1(
1-
b11111111111111111010110111101101 .
#3026
0(
1*
#3027
1#
b00000000000000011111010001010001 %
1(
0-
#3028
0(
0*
#3029
0#
b00000000000000011010001000111110 &
1(
1-
b00000000000000011010001000111110 .
#3030
0(
1*
#3031
1#
b00000000000000001101101111101100 %
1(
0-
#3032
0(
0*
#3033
0#
b00000000000000100111111000101010 &
1(
1-
b00000000000000100111111000101010 .
#3034
0(
1*
1+
#3035
1#
1$
b00000000000000010000101110011101 %
1(
0-
#3036
0(
0*
0+
#3037
0#
0$
b00000000000000010000101110011101 &
1(
1-
b00000000000000010000101110011101 .
#3038
0(
1*
#3039
1#
b00000000000000011001110010001111 %
1(
0-
#3040
0(
0*
#3041
0#
b00000000000000101010100000101100 &
1(
1-
b00000000000000101010100000101100 .
#3042
0(
1*
#3043
1#
b00000000000000000101110101010101 %
1(
0-
#3044
0(
0*
#3045
0#
b00000000000000110000010110000001 &
1(
1-
b00000000000000110000010110000001 .
#3046
0(
1*
#3047
1#
b11111111111111111100000000100010 %
1(
0-
#3048
0(
0*
#3049
0#
b00000000000000101100010110100011 &
1(
1-
b00000000000000101100010110100011 .
#3050
0(
1*
#3051
1#
b00000000000000001101001110110101 %
1(
0-
#3052
0(
0*
#3053
0#
b00000000000000111001100101011000 &
1(
1-
b00000000000000111001100101011000 .
#3054
0(
1*
#3055
1#
b00000000000000000101100010100001 %
1(
0-
#3056
0(
0*
#3057
0#
b00000000000000111111000111111001 &
1(
1-
b00000000000000111111000111111001 .
#3058
0(
1*
1+
#3059
1#
1$
b00000000000000000100010101111101 %
1(
0-
#3060
0(
0*
0+
#3061
0#
0$
b00000000000000000100010101111101 &
1(
1-
b00000000000000000100010101111101 .
#3062
0(
1*
#3063
1#
b11111111111111111110001000111010 %
1(
0-
#3064
0(
0*
#3065
0#
b00000000000000000010011110110111 &
1(
1-
b00000000000000000010011110110111 .
#3066
0(
1*
#3067
1#
b00000000000000001101011000001110 %
1(
0-
#3068
0(
0*
#3069
0#
b00000000000000001111110111000101 &
1(
1-
b00000000000000001111110111000101 .
#3070
0(
1*
1+
#3071
1#
1$
b11111111111111101110011000010000 %
1(
0-
#3072
0(
0*
0+
#3073
0#
0$
b11111111111111101110011000010000 &
1(
1-
b11111111111111101110011000010000 .
#3074
0(
1*
#3075
1#
b00000000000000010100010111101001 %
1(
0-
#3076
0(
0*
#3077
0#
b00000000000000000010101111111001 &
1(
1-
b00000000000000000010101111111001 .
#3078
0(
1*
1+
#3079
1#
1$
b11111111111111111001000100110111 %
1(
0-
#3080
0(
0*
0+
#3081
0#
0$
b11111111111111111001000100110111 &
1(
1-
b11111111111111111001000100110111 .
#3082
0(
1*
#3083
1#
b00000000000000000101100011101010 %
1(
0-
#3084
0(
0*
#3085
0#
b11111111111111111110101000100001 &
1(
1-
b11111111111111111110101000100001 .
#3086
0(
1*
#3087
1#
b00000000000000001010010100101111 %
1(
0-
#3088
0(
0*
#3089
0#
b00000000000000001000111101010000 &
1(
1-
b00000000000000001000111101010000 .
#3090
0(
1*
1+
#3091
1#
1$
b00000000000000010100100011111111 %
1(
0-
#3092
0(
0*
0+
#3093
0#
0$
b00000000000000010100100011111111 &
1(
1-
b00000000000000010100100011111111 .
#3094
0(
1*
#3095
1#
b00000000000000010010000000100000 %
1(
0-
#3096
0(
0*
#3097
0#
b00000000000000100110100100011111 &
1(
1-
b00000000000000100110100100011111 .
#3098
0(
1*
#3099
1#
b00000000000000001110110100010011 %
1(
0-
#3100
0(
0*
#3101
0#
b00000000000000110101011000110010 &
1(
1-
b00000000000000110101011000110010 .
#3102
0(
1*
1+
#3103
1#
1$
b11111111111111101110101001100111 %
1(
0-
#3104
0(
0*
0+
#3105
0#
0$
b11111111111111101110101001100111 &
1(
1-
b11111111111111101110101001100111 .
#3106
0(
1*
#3107
1#
b11111111111111100011100111111110 %
1(
0-
#3108
0(
0*
#3109
0#
b11111111111111010010010001100101 &
1(
1-
b11111111111111010010010001100101 .
#3110
0(
1*
#3111
1#
b11111111111111111111011000000000 %
1(
0-
#3112
0(
0*
#3113
0#
b11111111111111010001101001100101 &
1(
1-
b11111111111111010001101001100101 .
#3114
0(
1*
#3115
1#
b00000000000000000101111011100111 %
1(
0-
#3116
0(
0*
#3117
0#
b11111111111111010111100101001100 &
1(
1-
b11111111111111010111100101001100 .
#3118
0(
1*
#3119
1#
b11111111111111111101111001110101 %
1(
0-
#3120
0(
0*
#3121
0#
b11111111111111010101011111000001 &
1(
1-
b11111111111111010101011111000001 .
#3122
0(
1*
#3123
1#
b11111111111111111110100011100100 %
1(
0-
#3124
0(
0*
#3125
0#
b11111111111111010100000010100101 &
1(
1-
b11111111111111010100000010100101 .
#3126
0(
1*
1+
#3127
1#
1$
b00000000000000000100001000000000 %
1(
0-
#3128
0(
0*
0+
#3129
0#
0$
b00000000000000000100001000000000 &
1(
1-
b00000000000000000100001000000000 .
#3130
0(
1*
#3131
1#
b00000000000000001010000010100100 %
1(
0-
#3132
0(
0*
#3133
0#
b00000000000000001110001010100100 &
1(
1-
b00000000000000001110001010100100 .
#3134
0(
1*
#3135
1#
b00000000000000001011101001001111 %
1(
0-
#3136
0(
0*
#3137
0#
b00000000000000011001110011110011 &
1(
1-
b00000000000000011001110011110011 .
#3138
0(
1*
#3139
1#
b00000000000000001111101111011100 %
1(
0-
#3140
0(
0*
#3141
0#
b00000000000000101001100011001111 &
1(
1-
b00000000000000101001100011001111 .
#3142
0(
1*
#3143
1#
b00000000000000000011000110101010 %
1(
0-
#3144
0(
0*
#3145
0#
b00000000000000101100101001111001 &
1(
1-
b00000000000000101100101001111001 .
#3146
0(
1*
#3147
1#
b00000000000000001001101111111101 %
1(
0-
#3148
0(
0*
#3149
0#
b00000000000000110110011001110110 &
1(
1-
b00000000000000110110011001110110 .
#3150
0(
1*
#3151
1#
b11111111111111110010010101001110 %
1(
0-
#3152
0(
0*
#3153
0#
b00000000000000101000101111000100 &
1(
1-
b00000000000000101000101111000100 .
#3154
0(
1*
#3155
1#
b11111111111111111101111100000100 %
1(
0-
#3156
0(
0*
#3157
0#
b00000000000000100110101011001000 &
1(
1-
b00000000000000100110101011001000 .
#3158
0(
1*
#3159
1#
b00000000000000001010101000101011 %
1(
0-
#3160
0(
0*
#3161
0#
b00000000000000110001010011110011 &
1(
1-
b00000000000000110001010011110011 .
#3162
0(
1*
#3163
1#
b11111111111111111011001010010010 %
1(
0-
#3164
0(
0*
#3165
0#
b00000000000000101100011110000101 &
1(
1-
b00000000000000101100011110000101 .
#3166
0(
1*
#3167
1#
b00000000000000001001000001000011 %
1(
0-
#3168
0(
0*
#3169
0#
b00000000000000110101011111001000 &
1(
1-
b00000000000000110101011111001000 .
#3170
0(
1*
1+
#3171
1#
1$
b11111111111111110111000100000111 %
1(
0-
#3172
0(
0*
0+
#3173
0#
0$
b11111111111111110111000100000111 &
1(
1-
b11111111111111110111000100000111 .
#3174
0(
1*
#3175
1#
b11111111111111111010001100111111 %
1(
0-
#3176
0(
0*
#3177
0#
b11111111111111110001010001000110 &
1(
1-
b11111111111111110001010001000110 .
#3178
0(
1*
#3179
1#
b11111111111111101000011010010110 %
1(
0-
#3180
0(
0*
#3181
0#
b11111111111111011001101011011100 &
1(
1-
b11111111111111011001101011011100 .
#3182
0(
1*
#3183
1#
b00000000000000010111001100101011 %
1(
0-
#3184
0(
0*
#3185
0#
b11111111111111110000111000000111 &
1(
1-
b11111111111111110000111000000111 .
#3186
0(
1*
#3187
1#
b11111111111111110111011011010101 %
1(
0-
#3188
0(
0*
#3189
0#
b11111111111111101000010011011100 &
1(
1-
b11111111111111101000010011011100 .
#3190
0(
1*
1+
#3191
1#
1$
b11111111111111100011111000010110 %
1(
0-
#3192
0(
0*
0+
#3193
0#
0$
b11111111111111100011111000010110 &
1(
1-
b11111111111111100011111000010110 .
#3194
0(
1*
#3195
1#
b00000000000000000101110011010011 %
1(
0-
#3196
0(
0*
#3197
0#
b11111111111111101001101011101001 &
1(
1-
b11111111111111101001101011101001 .
#3198
0(
1*
#3199
1#
b00000000000000000111010011010100 %
1(
0-
#3200
0(
0*
#3201
0#
b11111111111111110000111110111101 &
1(
1-
b11111111111111110000111110111101 .
#3202
0(
1*
1+
#3203
1#
1$
b11111111111111101010011010011001 %
1(
0-
#3204
0(
0*
0+
#3205
0#
0$
b11111111111111101010011010011001 &
1(
1-
b11111111111111101010011010011001 .
#3206
0(
1*
#3207
1#
b11111111111111111100111011111011 %
1(
0-
#3208
0(
0*
#3209
0#
b11111111111111100111010110010100 &
1(
1-
b11111111111111100111010110010100 .
#3210
0(
1*
#3211
1#
b11111111111111110110000000001100 %
1(
0-
#3212
0(
0*
#3213
0#
b11111111111111011101010110100000 &
1(
1-
b11111111111111011101010110100000 .
#3214
0(
1*
1+
#3215
1#
1$
b11111111111111111010111100111011 %
1(
0-
#3216
0(
0*
0+
#3217
0#
0$
b11111111111111111010111100111011 &
1(
1-
b11111111111111111010111100111011 .
#3218
0(
1*
#3219
1#
b11111111111111110101011001001100 %
1(
0-
#3220
0(
0*
#3221
0#
b11111111111111110000010110000111 &
1(
1-
b11111111111111110000010110000111 .
#3222
0(
1*
#3223
1#
b00000000000000000111100110110100 %
1(
0-
#3224
0(
0*
#3225
0#
b11111111111111110111111100111011 &
1(
1-
b11111111111111110111111100111011 .
#3226
0(
1*
#3227
1#
b00000000000000000011110011010110 %
1(
0-
#3228
0(
0*
#3229
0#
b11111111111111111011110000010001 &
1(
1-
b11111111111111111011110000010001 .
#3230
0(
1*
#3231
1#
b11111111111111101001111000100111 %
1(
0-
#3232
0(
0*
#3233
0#
b11111111111111100101101000111000 &
1(
1-
b11111111111111100101101000111000 .
#3234
0(
1*
#3235
1#
b00000000000000000011010101000100 %
1(
0-
#3236
0(
0*
#3237
0#
b11111111111111101000111101111100 &
1(
1-
b11111111111111101000111101111100 .
#3238
0(
1*
1+
#3239
1#
1$
b11111111111111111100110101100001 %
1(
0-
#3240
0(
0*
0+
#3241
0#
0$
b11111111111111111100110101100001 &
1(
1-
b11111111111111111100110101100001 .
#3242
0(
1*
#3243
1#
b11111111111111100010001001010010 %
1(
0-
#3244
0(
0*
#3245
0#
b11111111111111011110111110110011 &
1(
1-
b11111111111111011110111110110011 .
#3246
0(
1*
1+
#3247
1#
1$
b11111111111111110101110000010000 %
1(
0-
#3248
0(
0*
0+
#3249
0#
0$
b11111111111111110101110000010000 &
1(
1-
b11111111111111110101110000010000 .
#3250
0(
1*
#3251
1#
b00000000000000001010000111110001 %
1(
0-
#3252
0(
0*
#3253
0#
b11111111111111111111111000000001 &
1(
1-
b11111111111111111111111000000001 .
#3254
0(
1*
#3255
1#
b00000000000000001001100110110001 %
1(
0-
#3256
0(
0*
#3257
0#
b00000000000000001001011110110010 &
1(
1-
b00000000000000001001011110110010 .
#3258
0(
1*
#3259
1#
b00000000000000000000011000100010 %
1(
0-
#3260
0(
0*
#3261
0#
b00000000000000001001110111010100 &
1(
1-
b00000000000000001001110111010100 .
#3262
0(
1*
1+
#3263
1#
1$
b00000000000000000101110100001011 %
1(
0-
#3264
0(
0*
0+
#3265
0#
0$
b00000000000000000101110100001011 &
1(
1-
b00000000000000000101110100001011 .
#3266
0(
1*
1+
#3267
1#
1$
b00000000000000001110111000011011 %
1(
0-
#3268
0(
0*
0+
#3269
0#
0$
b00000000000000001110111000011011 &
1(
1-
b00000000000000001110111000011011 .
#3270
0(
1*
#3271
1#
b11111111111111110101000001110100 %
1(
0-
#3272
0(
0*
#3273
0#
b00000000000000000011111010001111 &
1(
1-
b00000000000000000011111010001111 .
#3274
0(
1*
#3275
1#
b11111111111111110111001001101001 %
1(
0-
#3276
0(
0*
#3277
0#
b11111111111111111011000011111000 &
1(
1-
b11111111111111111011000011111000 .
#3278
0(
1*
#3279
1#
b11111111111111111101111010101011 %
1(
0-
#3280
0(
0*
#3281
0#
b11111111111111111000111110100011 &
1(
1-
b11111111111111111000111110100011 .
#3282
0(
1*
#3283
1#
b00000000000000000110010011111000 %
1(
0-
#3284
0(
0*
#3285
0#
b11111111111111111111010010011011 &
1(
1-
b11111111111111111111010010011011 .
#3286
0(
1*
#3287
1#
b11111111111111110000010011000101 %
1(
0-
#3288
0(
0*
#3289
0#
b11111111111111101111100101100000 &
1(
1-
b11111111111111101111100101100000 .
#3290
0(
1*
1+
#3291
1#
1$
b00000000000000000011010011011110 %
1(
0-
#3292
0(
0*
0+
#3293
0#
0$
b00000000000000000011010011011110 &
1(
1-
b00000000000000000011010011011110 .
#3294
0(
1*
#3295
1#
b11111111111111101100101011101110 %
1(
0-
#3296
0(
0*
#3297
0#
b11111111111111101111111111001100 &
1(
1-
b11111111111111101111111111001100 .
#3298
0(
1*
#3299
1#
b00000000000000000001111000011001 %
1(
0-
#3300
0(
0*
#3301
0#
b11111111111111110001110111100101 &
1(
1-
b11111111111111110001110111100101 .
#3302
0(
1*
#3303
1#
b00000000000000000101110100100011 %
1(
0-
#3304
0(
0*
#3305
0#
b11111111111111110111101100001000 &
1(
1-
b11111111111111110111101100001000 .
#3306
0(
1*
#3307
1#
b11111111111111100000101110010111 %
1(
0-
#3308
0(
0*
#3309
0#
b11111111111111011000011010011111 &
1(
1-
b11111111111111011000011010011111 .
#3310
0(
1*
1+
#3311
1#
1$
b11111111111111100111001110101100 %
1(
0-
#3312
0(
0*
0+
#3313
0#
0$
b11111111111111100111001110101100 &
1(
1-
b11111111111111100111001110101100 .
#3314
0(
1*
#3315
1#
b11111111111111111111001000101001 %
1(
0-
#3316
0(
0*
#3317
0#
b11111111111111100110010111010101 &
1(
1-
b11111111111111100110010111010101 .
#3318
0(
1*
#3319
1#
b00000000000000001010001111000100 %
1(
0-
#3320
0(
0*
#3321
0#
b11111111111111110000100110011001 &
1(
1-
b11111111111111110000100110011001 .
#3322
0(
1*
#3323
1#
b11111111111111101010000010101001 %
1(
0-
#3324
0(
0*
#3325
0#
b11111111111111011010101001000010 &
1(
1-
b11111111111111011010101001000010 .
#3326
0(
1*
#3327
1#
b00000000000000000010001100100101 %
1(
0-
#3328
0(
0*
#3329
0#
b11111111111111011100110101100111 &
1(
1-
b11111111111111011100110101100111 .
#3330
0(
1*
1+
#3331
1#
1$
b00000000000000011101110001100001 %
1(
0-
#3332
0(
0*
0+
#3333
0#
0$
b00000000000000011101110001100001 &
1(
1-
b00000000000000011101110001100001 .
#3334
0(
1*
#3335
1#
b11111111111111110111001000101011 %
1(
0-
#3336
0(
0*
#3337
0#
b00000000000000010100111010001100 &
1(
1-
b00000000000000010100111010001100 .
#3338
0(
1*
#3339
1#
b11111111111111101001001010001100 %
1(
0-
#3340
0(
0*
#3341
0#
b11111111111111111110000100011000 &
1(
1-
b11111111111111111110000100011000 .
#3342
0(
1*
#3343
1#
b11111111111111110010011110100111 %
1(
0-
#3344
0(
0*
#3345
0#
b11111111111111110000100010111111 &
1(
1-
b11111111111111110000100010111111 .
#3346
0(
1*
1+
#3347
1#
1$
b00000000000000010000001000100000 %
1(
0-
#3348
0(
0*
0+
#3349
0#
0$
b00000000000000010000001000100000 &
1(
1-
b00000000000000010000001000100000 .
#3350
0(
1*
#3351
1#
b11111111111111111000111011110101 %
1(
0-
#3352
0(
0*
#3353
0#
b00000000000000001001000100010101 &
1(
1-
b00000000000000001001000100010101 .
#3354
0(
1*
#3355
1#
b11111111111111111001000001001011 %
1(
0-
#3356
0(
0*
#3357
0#
b00000000000000000010000101100000 &
1(
1-
b00000000000000000010000101100000 .
#3358
0(
1*
#3359
1#
b00000000000000000111110010000011 %
1(
0-
#3360
0(
0*
#3361
0#
b00000000000000001001110111100011 &
1(
1-
b00000000000000001001110111100011 .
#3362
0(
1*
1+
#3363
1#
1$
b11111111111111110010010111100110 %
1(
0-
#3364
0(
0*
0+
#3365
0#
0$
b11111111111111110010010111100110 &
1(
1-
b11111111111111110010010111100110 .
#3366
0(
1*
#3367
1#
b11111111111111110101010010111001 %
1(
0-
#3368
0(
0*
#3369
0#
b11111111111111100111101010011111 &
1(
1-
b11111111111111100111101010011111 .
#3370
0(
1*
#3371
1#
b11111111111111110000101010011100 %
1(
0-
#3372
0(
0*
#3373
0#
b11111111111111011000010100111011 &
1(
1-
b11111111111111011000010100111011 .
#3374
0(
1*
1+
#3375
1#
1$
b00000000000000000011101111110000 %
1(
0-
#3376
0(
0*
0+
#3377
0#
0$
b00000000000000000011101111110000 &
1(
1-
b00000000000000000011101111110000 .
#3378
0(
1*
#3379
1#
b11111111111111111001101100110001 %
1(
0-
#3380
0(
0*
#3381
0#
b11111111111111111101011100100001 &
1(
1-
b11111111111111111101011100100001 .
#3382
0(
1*
1+
#3383
1#
1$
b00000000000000010111110011001101 %
1(
0-
#3384
0(
0*
0+
#3385
0#
0$
b00000000000000010111110011001101 &
1(
1-
b00000000000000010111110011001101 .
#3386
0(
1*
#3387
1#
b11111111111111101111101111100101 %
1(
0-
#3388
0(
0*
#3389
0#
b00000000000000000111100010110010 &
1(
1-
b00000000000000000111100010110010 .
#3390
0(
1*
#3391
1#
b11111111111111111010111110111011 %
1(
0-
#3392
0(
0*
#3393
0#
b00000000000000000010100001101101 &
1(
1-
b00000000000000000010100001101101 .
#3394
0(
1*
#3395
1#
b00000000000000000011101100001100 %
1(
0-
#3396
0(
0*
#3397
0#
b00000000000000000110001101111001 &
1(
1-
b00000000000000000110001101111001 .
#3398
0(
1*
1+
#3399
1#
1$
b11111111111111111000001100100101 %
1(
0-
#3400
0(
0*
0+
#3401
0#
0$
b11111111111111111000001100100101 &
1(
1-
b11111111111111111000001100100101 .
#3402
0(
1*
#3403
1#
b00000000000000001010100111011100 %
1(
0-
#3404
0(
0*
#3405
0#
b00000000000000000010110100000001 &
1(
1-
b00000000000000000010110100000001 .
#3406
0(
1*
#3407
1#
b00000000000000001000101110000011 %
1(
0-
#3408
0(
0*
#3409
0#
b00000000000000001011100010000100 &
1(
1-
b00000000000000001011100010000100 .
#3410
0(
1*
#3411
1#
b00000000000000000110111100100011 %
1(
0-
#3412
0(
0*
#3413
0#
b00000000000000010010011110100111 &
1(
1-
b00000000000000010010011110100111 .
#3414
0(
1*
1+
#3415
1#
1$
b00000000000000011100011110001101 %
1(
0-
#3416
0(
0*
0+
#3417
0#
0$
b00000000000000011100011110001101 &
1(
1-
b00000000000000011100011110001101 .
#3418
0(
1*
1+
#3419
1#
1$
b00000000000000001010111011111000 %
1(
0-
#3420
0(
0*
0+
#3421
0#
0$
b00000000000000001010111011111000 &
1(
1-
b00000000000000001010111011111000 .
#3422
0(
1*
#3423
1#
b00000000000000000011111100001111 %
1(
0-
#3424
0(
0*
#3425
0#
b00000000000000001110111000000111 &
1(
1-
b00000000000000001110111000000111 .
#3426
0(
1*
1+
#3427
1#
1$
b11111111111111101101100100010000 %
1(
0-
#3428
0(
0*
0+
#3429
0#
0$
b11111111111111101101100100010000 &
1(
1-
b11111111111111101101100100010000 .
#3430
0(
1*
#3431
1#
b11111111111111111100001100100000 %
1(
0-
#3432
0(
0*
#3433
0#
b11111111111111101001110000110000 &
1(
1-
b11111111111111101001110000110000 .
#3434
0(
1*
#3435
1#
b11111111111111111000111001000110 %
1(
0-
#3436
0(
0*
#3437
0#
b11111111111111100010101001110110 &
1(
1-
b11111111111111100010101001110110 .
#3438
0(
1*
1+
#3439
1#
1$
b11111111111111110111000000000111 %
1(
0-
#3440
0(
0*
0+
#3441
0#
0$
b11111111111111110111000000000111 &
1(
1-
b11111111111111110111000000000111 .
#3442
0(
1*
1+
#3443
1#
1$
b00000000000000001000100111110100 %
1(
0-
#3444
0(
0*
0+
#3445
0#
0$
b00000000000000001000100111110100 &
1(
1-
b00000000000000001000100111110100 .
#3446
0(
1*
1+
#3447
1#
1$
b11111111111111110101000011100111 %
1(
0-
#3448
0(
0*
0+
#3449
0#
0$
b11111111111111110101000011100111 &
1(
1-
b11111111111111110101000011100111 .
#3450
0(
1*
#3451
1#
b11111111111111010101001110001111 %
1(
0-
#3452
0(
0*
#3453
0#
b11111111111111001010010001110110 &
1(
1-
b11111111111111001010010001110110 .
#3454
0(
1*
#3455
1#
b11111111111111101011000101101000 %
1(
0-
#3456
0(
0*
#3457
0#
b11111111111110110101010111011110 &
1(
1-
b11111111111110110101010111011110 .
#3458
0(
1*
#3459
1#
b11111111111111010011101010101000 %
1(
0-
#3460
0(
0*
#3461
0#
b11111111111110001001000010000110 &
1(
1-
b11111111111110001001000010000110 .
#3462
0(
1*
1+
#3463
1#
1$
b00000000000000001110001001011011 %
1(
0-
#3464
0(
0*
0+
#3465
0#
0$
b00000000000000001110001001011011 &
1(
1-
b00000000000000001110001001011011 .
#3466
0(
1*
1+
#3467
1#
1$
b11111111111111101110110000000000 %
1(
0-
#3468
0(
0*
0+
#3469
0#
0$
b11111111111111101110110000000000 &
1(
1-
b11111111111111101110110000000000 .
#3470
0(
1*
1+
#3471
1#
1$
b11111111111111110101010001101101 %
1(
0-
#3472
0(
0*
0+
#3473
0#
0$
b11111111111111110101010001101101 &
1(
1-
b11111111111111110101010001101101 .
#3474
0(
1*
#3475
1#
b00000000000000001010110001000011 %
1(
0-
#3476
0(
0*
#3477
0#
b00000000000000000000000010110000 &
1(
1-
b00000000000000000000000010110000 .
#3478
0(
1*
1+
#3479
1#
1$
b11111111111111100100100000011101 %
1(
0-
#3480
0(
0*
0+
#3481
0#
0$
b11111111111111100100100000011101 &
1(
1-
b11111111111111100100100000011101 .
#3482
0(
1*
#3483
1#
b11111111111111111010010010100101 %
1(
0-
#3484
0(
0*
#3485
0#
b11111111111111011110110011000010 &
1(
1-
b11111111111111011110110011000010 .
#3486
0(
1*
#3487
1#
b00000000000000000001100101101111 %
1(
0-
#3488
0(
0*
#3489
0#
b11111111111111100000011000110001 &
1(
1-
b11111111111111100000011000110001 .
#3490
0(
1*
1+
#3491
1#
1$
b00000000000000001000000001100001 %
1(
0-
#3492
0(
0*
0+
#3493
0#
0$
b00000000000000001000000001100001 &
1(
1-
b00000000000000001000000001100001 .
#3494
0(
1*
#3495
1#
b11111111111111101100011011111001 %
1(
0-
#3496
0(
0*
#3497
0#
b11111111111111110100011101011010 &
1(
1-
b11111111111111110100011101011010 .
#3498
0(
1*
#3499
1#
b11111111111111111101110001001001 %
1(
0-
#3500
0(
0*
#3501
0#
b11111111111111110010001110100011 &
1(
1-
b11111111111111110010001110100011 .
#3502
0(
1*
1+
#3503
1#
1$
b00000000000000011010100011000000 %
1(
0-
#3504
0(
0*
0+
#3505
0#
0$
b00000000000000011010100011000000 &
1(
1-
b00000000000000011010100011000000 .
#3506
0(
1*
#3507
1#
b11111111111111110101000110101001 %
1(
0-
#3508
0(
0*
#3509
0#
b00000000000000001111101001101001 &
1(
1-
b00000000000000001111101001101001 .
#3510
0(
1*
#3511
1#
b00000000000000001111111000000101 %
1(
0-
#3512
0(
0*
#3513
0#
b00000000000000011111100001101110 &
1(
1-
b00000000000000011111100001101110 .
#3514
0(
1*
#3515
1#
b00000000000000010001101001110001 %
1(
0-
#3516
0(
0*
#3517
0#
b00000000000000110001001011011111 &
1(
1-
b00000000000000110001001011011111 .
#3518
0(
1*
#3519
1#
b00000000000000000000010100110001 %
1(
0-
#3520
0(
0*
#3521
0#
b00000000000000110001100000010000 &
1(
1-
b00000000000000110001100000010000 .
#3522
0(
1*
#3523
1#
b00000000000000101011111111101100 %
1(
0-
#3524
0(
0*
#3525
0#
b00000000000001011101011111111100 &
1(
1-
b00000000000001011101011111111100 .
#3526
0(
1*
1+
#3527
1#
1$
b11111111111111111100000100000010 %
1(
0-
#3528
0(
0*
0+
#3529
0#
0$
b11111111111111111100000100000010 &
1(
1-
b11111111111111111100000100000010 .
#3530
0(
1*
#3531
1#
b00000000000000011100101111010101 %
1(
0-
#3532
0(
0*
#3533
0#
b00000000000000011000110011010111 &
1(
1-
b00000000000000011000110011010111 .
#3534
0(
1*
#3535
1#
b00000000000000000100011111001101 %
1(
0-
#3536
0(
0*
#3537
0#
b00000000000000011101010010100100 &
1(
1-
b00000000000000011101010010100100 .
#3538
0(
1*
#3539
1#
b00000000000000100011110110001110 %
1(
0-
#3540
0(
0*
#3541
0#
b00000000000001000001001000110010 &
1(
1-
b00000000000001000001001000110010 .
#3542
0(
1*
1+
#3543
1#
1$
b00000000000000000100101101001010 %
1(
0-
#3544
0(
0*
0+
#3545
0#
0$
b00000000000000000100101101001010 &
1(
1-
b00000000000000000100101101001010 .
#3546
0(
1*
#3547
1#
b11111111111111111111101110000100 %
1(
0-
#3548
0(
0*
#3549
0#
b00000000000000000100011011001110 &
1(
1-
b00000000000000000100011011001110 .
#3550
0(
1*
#3551
1#
b00000000000000000111111001101100 %
1(
0-
#3552
0(
0*
#3553
0#
b00000000000000001100010100111010 &
1(
1-
b00000000000000001100010100111010 .
#3554
0(
1*
#3555
1#
b00000000000000000010100011010001 %
1(
0-
#3556
0(
0*
#3557
0#
b00000000000000001110111000001011 &
1(
1-
b00000000000000001110111000001011 .
#3558
0(
1*
1+
#3559
1#
1$
b00000000000000011010001001001101 %
1(
0-
#3560
0(
0*
0+
#3561
0#
0$
b00000000000000011010001001001101 &
1(
1-
b00000000000000011010001001001101 .
#3562
0(
1*
#3563
1#
b11111111111111110101101111101001 %
1(
0-
#3564
0(
0*
#3565
0#
b00000000000000001111111000110110 &
1(
1-
b00000000000000001111111000110110 .
#3566
0(
1*
#3567
1#
b11111111111111110110110001101101 %
1(
0-
#3568
0(
0*
#3569
0#
b00000000000000000110101010100011 &
1(
1-
b00000000000000000110101010100011 .
#3570
0(
1*
#3571
1#
b11111111111111111000110010000010 %
1(
0-
#3572
0(
0*
#3573
0#
b11111111111111111111011100100101 &
1(
1-
b11111111111111111111011100100101 .
#3574
0(
1*
#3575
1#
b11111111111111101010011011111111 %
1(
0-
#3576
0(
0*
#3577
0#
b11111111111111101001111000100100 &
1(
1-
b11111111111111101001111000100100 .
#3578
0(
1*
#3579
1#
b11111111111111111110000011000000 %
1(
0-
#3580
0(
0*
#3581
0#
b11111111111111100111111011100100 &
1(
1-
b11111111111111100111111011100100 .
#3582
0(
1*
#3583
1#
b11111111111111101100010111110010 %
1(
0-
#3584
0(
0*
#3585
0#
b11111111111111010100010011010110 &
1(
1-
b11111111111111010100010011010110 .
#3586
0(
1*
#3587
1#
b00000000000000001000011010100001 %
1(
0-
#3588
0(
0*
#3589
0#
b11111111111111011100101101110111 &
1(
1-
b11111111111111011100101101110111 .
#3590
0(
1*
#3591
1#
b00000000000000000000110010000000 %
1(
0-
#3592
0(
0*
#3593
0#
b11111111111111011101011111110111 &
1(
1-
b11111111111111011101011111110111 .
#3594
0(
1*
1+
#3595
1#
1$
b00000000000000001100010111101001 %
1(
0-
#3596
0(
0*
0+
#3597
0#
0$
b00000000000000001100010111101001 &
1(
1-
b00000000000000001100010111101001 .
#3598
0(
1*
1+
#3599
1#
1$
b00000000000000010101111111110011 %
1(
0-
#3600
0(
0*
0+
#3601
0#
0$
b00000000000000010101111111110011 &
1(
1-
b00000000000000010101111111110011 .
#3602
0(
1*
#3603
1#
b11111111111111110011111101110111 %
1(
0-
#3604
0(
0*
#3605
0#
b00000000000000001001111101101010 &
1(
1-
b00000000000000001001111101101010 .
#3606
0(
1*
1+
#3607
1#
1$
b11111111111111111100001000110010 %
1(
0-
#3608
0(
0*
0+
#3609
0#
0$
b11111111111111111100001000110010 &
1(
1-
b11111111111111111100001000110010 .
#3610
0(
1*
#3611
1#
b11111111111111110110101010111011 %
1(
0-
#3612
0(
0*
#3613
0#
b11111111111111110010110011101101 &
1(
1-
b11111111111111110010110011101101 .
#3614
0(
1*
#3615
1#
b00000000000000010001001110110010 %
1(
0-
#3616
0(
0*
#3617
0#
b00000000000000000100000010011111 &
1(
1-
b00000000000000000100000010011111 .
#3618
0(
1*
#3619
1#
b00000000000000000000110000111111 %
1(
0-
#3620
0(
0*
#3621
0#
b00000000000000000100110011011110 &
1(
1-
b00000000000000000100110011011110 .
#3622
0(
1*
1+
#3623
1#
1$
b11111111111111100100010001111110 %
1(
0-
#3624
0(
0*
0+
#3625
0#
0$
b11111111111111100100010001111110 &
1(
1-
b11111111111111100100010001111110 .
#3626
0(
1*
1+
#3627
1#
1$
b00000000000000010100111000000011 %
1(
0-
#3628
0(
0*
0+
#3629
0#
0$
b00000000000000010100111000000011 &
1(
1-
b00000000000000010100111000000011 .
#3630
0(
1*
#3631
1#
b00000000000000001010001101011001 %
1(
0-
#3632
0(
0*
#3633
0#
b00000000000000011111000101011100 &
1(
1-
b00000000000000011111000101011100 .
#3634
0(
1*
#3635
1#
b00000000000000000001000110010001 %
1(
0-
#3636
0(
0*
#3637
0#
b00000000000000100000001011101101 &
1(
1-
b00000000000000100000001011101101 .
#3638
0(
1*
#3639
1#
b11111111111111100011111111111110 %
1(
0-
#3640
0(
0*
#3641
0#
b00000000000000000100001011101011 &
1(
1-
b00000000000000000100001011101011 .
#3642
0(
1*
1+
#3643
1#
1$
b11111111111111110000001011101000 %
1(
0-
#3644
0(
0*
0+
#3645
0#
0$
b11111111111111110000001011101000 &
1(
1-
b11111111111111110000001011101000 .
#3646
0(
1*
#3647
1#
b11111111111111111110011010110101 %
1(
0-
#3648
0(
0*
#3649
0#
b11111111111111101110100110011101 &
1(
1-
b11111111111111101110100110011101 .
#3650
0(
1*
1+
#3651
1#
1$
b11111111111111110110111001000100 %
1(
0-
#3652
0(
0*
0+
#3653
0#
0$
b11111111111111110110111001000100 &
1(
1-
b11111111111111110110111001000100 .
#3654
0(
1*
#3655
1#
b11111111111111110000110100101100 %
1(
0-
#3656
0(
0*
#3657
0#
b11111111111111100111101101110000 &
1(
1-
b11111111111111100111101101110000 .
#3658
0(
1*
#3659
1#
b11111111111111110101011000100110 %
1(
0-
#3660
0(
0*
#3661
0#
b11111111111111011101000110010110 &
1(
1-
b11111111111111011101000110010110 .
#3662
0(
1*
1+
#3663
1#
1$
b00000000000000000100001001000011 %
1(
0-
#3664
0(
0*
0+
#3665
0#
0$
b00000000000000000100001001000011 &
1(
1-
b00000000000000000100001001000011 .
#3666
0(
1*
#3667
1#
b11111111111111110111100010100011 %
1(
0-
#3668
0(
0*
#3669
0#
b11111111111111111011101011100110 &
1(
1-
b11111111111111111011101011100110 .
#3670
0(
1*
1+
#3671
1#
1$
b00000000000000000110111011101110 %
1(
0-
#3672
0(
0*
0+
#3673
0#
0$
b00000000000000000110111011101110 &
1(
1-
b00000000000000000110111011101110 .
#3674
0(
1*
#3675
1#
b11111111111111111100100111011101 %
1(
0-
#3676
0(
0*
#3677
0#
b00000000000000000011100011001011 &
1(
1-
b00000000000000000011100011001011 .
#3678
0(
1*
#3679
1#
b11111111111111110000101111010011 %
1(
0-
#3680
0(
0*
#3681
0#
b11111111111111110100010010011110 &
1(
1-
b11111111111111110100010010011110 .
#3682
0(
1*
#3683
1#
b00000000000000000001101001100110 %
1(
0-
#3684
0(
0*
#3685
0#
b11111111111111110101111100000100 &
1(
1-
b11111111111111110101111100000100 .
#3686
0(
1*
#3687
1#
b00000000000000010000001101001010 %
1(
0-
#3688
0(
0*
#3689
0#
b00000000000000000110001001001110 &
1(
1-
b00000000000000000110001001001110 .
#3690
0(
1*
#3691
1#
b00000000000000000011101010101111 %
1(
0-
#3692
0(
0*
#3693
0#
b00000000000000001001110011111101 &
1(
1-
b00000000000000001001110011111101 .
#3694
0(
1*
#3695
1#
b00000000000000010001001110010010 %
1(
0-
#3696
0(
0*
#3697
0#
b00000000000000011011000010001111 &
1(
1-
b00000000000000011011000010001111 .
#3698
0(
1*
#3699
1#
b00000000000000010011011100100000 %
1(
0-
#3700
0(
0*
#3701
0#
b00000000000000101110011110101111 &
1(
1-
b00000000000000101110011110101111 .
#3702
0(
1*
#3703
1#
b00000000000000001001100011010101 %
1(
0-
#3704
0(
0*
#3705
0#
b00000000000000111000000010000100 &
1(
1-
b00000000000000111000000010000100 .
#3706
0(
1*
1+
#3707
1#
1$
b11111111111111111111100110100101 %
1(
0-
#3708
0(
0*
0+
#3709
0#
0$
b11111111111111111111100110100101 &
1(
1-
b11111111111111111111100110100101 .
#3710
0(
1*
#3711
1#
b11111111111111110011100000011100 %
1(
0-
#3712
0(
0*
#3713
0#
b11111111111111110011000111000001 &
1(
1-
b11111111111111110011000111000001 .
#3714
0(
1*
1+
#3715
1#
1$
b11111111111111101100111010000101 %
1(
0-
#3716
0(
0*
0+
#3717
0#
0$
b11111111111111101100111010000101 &
1(
1-
b11111111111111101100111010000101 .
#3718
0(
1*
#3719
1#
b00000000000000011000001101011010 %
1(
0-
#3720
0(
0*
#3721
0#
b00000000000000000101000111011111 &
1(
1-
b00000000000000000101000111011111 .
#3722
0(
1*
1+
#3723
1#
1$
b00000000000000001011000010101100 %
1(
0-
#3724
0(
0*
0+
#3725
0#
0$
b00000000000000001011000010101100 &
1(
1-
b00000000000000001011000010101100 .
#3726
0(
1*
1+
#3727
1#
1$
b11111111111111111100010111011101 %
1(
0-
#3728
0(
0*
0+
#3729
0#
0$
b11111111111111111100010111011101 &
1(
1-
b11111111111111111100010111011101 .
#3730
0(
1*
#3731
1#
b11111111111111110011110100010100 %
1(
0-
#3732
0(
0*
#3733
0#
b11111111111111110000001011110001 &
1(
1-
b11111111111111110000001011110001 .
#3734
0(
1*
#3735
1#
b11111111111111101110100001101100 %
1(
0-
#3736
0(
0*
#3737
0#
b11111111111111011110101101011101 &
1(
1-
b11111111111111011110101101011101 .
#3738
0(
1*
#3739
1#
b00000000000000001101110101100000 %
1(
0-
#3740
0(
0*
#3741
0#
b11111111111111101100100010111101 &
1(
1-
b11111111111111101100100010111101 .
#3742
0(
1*
#3743
1#
b11111111111111110111110101001001 %
1(
0-
#3744
0(
0*
#3745
0#
b11111111111111100100011000000110 &
1(
1-
b11111111111111100100011000000110 .
#3746
0(
1*
#3747
1#
b11111111111111111001000001111101 %
1(
0-
#3748
0(
0*
#3749
0#
b11111111111111011101011010000011 &
1(
1-
b11111111111111011101011010000011 .
#3750
0(
1*
#3751
1#
b00000000000000010010110101111010 %
1(
0-
#3752
0(
0*
#3753
0#
b11111111111111110000001111111101 &
1(
1-
b11111111111111110000001111111101 .
#3754
0(
1*
#3755
1#
b00000000000000000010101000001111 %
1(
0-
#3756
0(
0*
#3757
0#
b11111111111111110010111000001100 &
1(
1-
b11111111111111110010111000001100 .
#3758
0(
1*
#3759
1#
b11111111111111110110010011110111 %
1(
0-
#3760
0(
0*
#3761
0#
b11111111111111101001001100000011 &
1(
1-
b11111111111111101001001100000011 .
#3762
0(
1*
1+
#3763
1#
1$
b11111111111111111111011101100111 %
1(
0-
#3764
0(
0*
0+
#3765
0#
0$
b11111111111111111111011101100111 &
1(
1-
b11111111111111111111011101100111 .
#3766
0(
1*
#3767
1#
b11111111111111110010011001101101 %
1(
0-
#3768
0(
0*
#3769
0#
b11111111111111110001110111010100 &
1(
1-
b11111111111111110001110111010100 .
#3770
0(
1*
1+
#3771
1#
1$
b00000000000000000011110100101101 %
1(
0-
#3772
0(
0*
0+
#3773
0#
0$
b00000000000000000011110100101101 &
1(
1-
b00000000000000000011110100101101 .
#3774
0(
1*
#3775
1#
b00000000000000000100100000000101 %
1(
0-
#3776
0(
0*
#3777
0#
b00000000000000001000010100110010 &
1(
1-
b00000000000000001000010100110010 .
#3778
0(
1*
#3779
1#
b11111111111111110101010100001101 %
1(
0-
#3780
0(
0*
#3781
0#
b11111111111111111101101000111111 &
1(
1-
b11111111111111111101101000111111 .
#3782
0(
1*
1+
#3783
1#
1$
b00000000000000010101010111100100 %
1(
0-
#3784
0(
0*
0+
#3785
0#
0$
b00000000000000010101010111100100 &
1(
1-
b00000000000000010101010111100100 .
#3786
0(
1*
1+
#3787
1#
1$
b00000000000000000001000001001001 %
1(
0-
#3788
0(
0*
0+
#3789
0#
0$
b00000000000000000001000001001001 &
1(
1-
b00000000000000000001000001001001 .
#3790
0(
1*
#3791
1#
b11111111111111101010101010110111 %
1(
0-
#3792
0(
0*
#3793
0#
b11111111111111101011101100000000 &
1(
1-
b11111111111111101011101100000000 .
#3794
0(
1*
#3795
1#
b11111111111111101100111011001010 %
1(
0-
#3796
0(
0*
#3797
0#
b11111111111111011000100111001010 &
1(
1-
b11111111111111011000100111001010 .
#3798
0(
1*
1+
#3799
1#
1$
b11111111111111111111100001011101 %
1(
0-
#3800
0(
0*
0+
#3801
0#
0$
b11111111111111111111100001011101 &
1(
1-
b11111111111111111111100001011101 .
#3802
0(
1*
#3803
1#
b00000000000000010111001010101010 %
1(
0-
#3804
0(
0*
#3805
0#
b00000000000000010110101100000111 &
1(
1-
b00000000000000010110101100000111 .
#3806
0(
1*
#3807
1#
b11111111111111100010111110010001 %
1(
0-
#3808
0(
0*
#3809
0#
b11111111111111111001101010011000 &
1(
1-
b11111111111111111001101010011000 .
#3810
0(
1*
#3811
1#
b00000000000000001100110000010111 %
1(
0-
#3812
0(
0*
#3813
0#
b00000000000000000110011010101111 &
1(
1-
b00000000000000000110011010101111 .
#3814
0(
1*
#3815
1#
b11111111111111111101010010000001 %
1(
0-
#3816
0(
0*
#3817
0#
b00000000000000000011101100110000 &
1(
1-
b00000000000000000011101100110000 .
#3818
0(
1*
#3819
1#
b00000000000000001011011100011111 %
1(
0-
#3820
0(
0*
#3821
0#
b00000000000000001111001001001111 &
1(
1-
b00000000000000001111001001001111 .
#3822
0(
1*
1+
#3823
1#
1$
b11111111111111011111011101111100 %
1(
0-
#3824
0(
0*
0+
#3825
0#
0$
b11111111111111011111011101111100 &
1(
1-
b11111111111111011111011101111100 .
#3826
0(
1*
#3827
1#
b00000000000000011000010110010110 %
1(
0-
#3828
0(
0*
#3829
0#
b11111111111111110111110100010010 &
1(
1-
b11111111111111110111110100010010 .
#3830
0(
1*
#3831
1#
b00000000000000000001011101010001 %
1(
0-
#3832
0(
0*
#3833
0#
b11111111111111111001010001100011 &
1(
1-
b11111111111111111001010001100011 .
#3834
0(
1*
#3835
1#
b11111111111111101110001111101010 %
1(
0-
#3836
0(
0*
#3837
0#
b11111111111111100111100001001101 &
1(
1-
b11111111111111100111100001001101 .
#3838
0(
1*
1+
#3839
1#
1$
b00000000000000010000111111100001 %
1(
0-
#3840
0(
0*
0+
#3841
0#
0$
b00000000000000010000111111100001 &
1(
1-
b00000000000000010000111111100001 .
#3842
0(
1*
#3843
1#
b11111111111111111001010111110101 %
1(
0-
#3844
0(
0*
#3845
0#
b00000000000000001010010111010110 &
1(
1-
b00000000000000001010010111010110 .
#3846
0(
1*
#3847
1#
b00000000000000010000101101001011 %
1(
0-
#3848
0(
0*
#3849
0#
b00000000000000011011000100100001 &
1(
1-
b00000000000000011011000100100001 .
#3850
0(
1*
#3851
1#
b00000000000000010010111000000110 %
1(
0-
#3852
0(
0*
#3853
0#
b00000000000000101101111100100111 &
1(
1-
b00000000000000101101111100100111 .
#3854
0(
1*
#3855
1#
b00000000000000011001100010001111 %
1(
0-
#3856
0(
0*
#3857
0#
b00000000000001000111011110110110 &
1(
1-
b00000000000001000111011110110110 .
#3858
0(
1*
#3859
1#
b11111111111111111000101111100110 %
1(
0-
#3860
0(
0*
#3861
0#
b00000000000001000000001110011100 &
1(
1-
b00000000000001000000001110011100 .
#3862
0(
1*
#3863
1#
b00000000000000010001111110111101 %
1(
0-
#3864
0(
0*
#3865
0#
b00000000000001010010001101011001 &
1(
1-
b00000000000001010010001101011001 .
#3866
0(
1*
#3867
1#
b00000000000000011010000001110100 %
1(
0-
#3868
0(
0*
#3869
0#
b00000000000001101100001111001101 &
1(
1-
b00000000000001101100001111001101 .
#3870
0(
1*
#3871
1#
b11111111111111110100110000100100 %
1(
0-
#3872
0(
0*
#3873
0#
b00000000000001100000111111110001 &
1(
1-
b00000000000001100000111111110001 .
#3874
0(
1*
1+
#3875
1#
1$
b00000000000000000010010000001011 %
1(
0-
#3876
0(
0*
0+
#3877
0#
0$
b00000000000000000010010000001011 &
1(
1-
b00000000000000000010010000001011 .
#3878
0(
1*
1+
#3879
1#
1$
b00000000000000000111101000100010 %
1(
0-
#3880
0(
0*
0+
#3881
0#
0$
b00000000000000000111101000100010 &
1(
1-
b00000000000000000111101000100010 .
#3882
0(
1*
1+
#3883
1#
1$
b00000000000000000111010011110111 %
1(
0-
#3884
0(
0*
0+
#3885
0#
0$
b00000000000000000111010011110111 &
1(
1-
b00000000000000000111010011110111 .
#3886
0(
1*
#3887
1#
b11111111111111111101111110111101 %
1(
0-
#3888
0(
0*
#3889
0#
b00000000000000000101010010110100 &
1(
1-
b00000000000000000101010010110100 .
#3890
0(
1*
#3891
1#
b00000000000000001000100010010001 %
1(
0-
#3892
0(
0*
#3893
0#
b00000000000000001101110101000101 &
1(
1-
b00000000000000001101110101000101 .
#3894
0(
1*
#3895
1#
b00000000000000001010110010010110 %
1(
0-
#3896
0(
0*
#3897
0#
b00000000000000011000100111011011 &
1(
1-
b00000000000000011000100111011011 .
#3898
0(
1*
#3899
1#
b11111111111111111101101111011011 %
1(
0-
#3900
0(
0*
#3901
0#
b00000000000000010110010110110110 &
1(
1-
b00000000000000010110010110110110 .
#3902
0(
1*
#3903
1#
b00000000000000000110110111000001 %
1(
0-
#3904
0(
0*
#3905
0#
b00000000000000011101001101110111 &
1(
1-
b00000000000000011101001101110111 .
#3906
0(
1*
#3907
1#
b00000000000000000001110111100111 %
1(
0-
#3908
0(
0*
#3909
0#
b00000000000000011111000101011110 &
1(
1-
b00000000000000011111000101011110 .
#3910
0(
1*
1+
#3911
1#
1$
b11111111111111101111101100101111 %
1(
0-
#3912
0(
0*
0+
#3913
0#
0$
b11111111111111101111101100101111 &
1(
1-
b11111111111111101111101100101111 .
#3914
0(
1*
#3915
1#
b00000000000000011001000101110100 %
1(
0-
#3916
0(
0*
#3917
0#
b00000000000000001000110010100011 &
1(
1-
b00000000000000001000110010100011 .
#3918
0(
1*
#3919
1#
b00000000000000010000100011001001 %
1(
0-
#3920
0(
0*
#3921
0#
b00000000000000011001010101101100 &
1(
1-
b00000000000000011001010101101100 .
#3922
0(
1*
1+
#3923
1#
1$
b11111111111111110111010111010010 %
1(
0-
#3924
0(
0*
0+
#3925
0#
0$
b11111111111111110111010111010010 &
1(
1-
b11111111111111110111010111010010 .
#3926
0(
1*
#3927
1#
b00000000000000001101011111111111 %
1(
0-
#3928
0(
0*
#3929
0#
b00000000000000000100110111010001 &
1(
1-
b00000000000000000100110111010001 .
#3930
0(
1*
#3931
1#
b00000000000000000001011111001001 %
1(
0-
#3932
0(
0*
#3933
0#
b00000000000000000110010110011010 &
1(
1-
b00000000000000000110010110011010 .
#3934
0(
1*
#3935
1#
b00000000000000100010000000000010 %
1(
0-
#3936
0(
0*
#3937
0#
b00000000000000101000010110011100 &
1(
1-
b00000000000000101000010110011100 .
#3938
0(
1*
1+
#3939
1#
1$
b11111111111111111011011001011000 %
1(
0-
#3940
0(
0*
0+
#3941
0#
0$
b11111111111111111011011001011000 &
1(
1-
b11111111111111111011011001011000 .
#3942
0(
1*
1+
#3943
1#
1$
b00000000000000000011110000101110 %
1(
0-
#3944
0(
0*
0+
#3945
0#
0$
b00000000000000000011110000101110 &
1(
1-
b00000000000000000011110000101110 .
#3946
0(
1*
#3947
1#
b00000000000000010100110001010000 %
1(
0-
#3948
0(
0*
#3949
0#
b00000000000000011000100001111110 &
1(
1-
b00000000000000011000100001111110 .
#3950
0(
1*
#3951
1#
b11111111111111110001011010000110 %
1(
0-
#3952
0(
0*
#3953
0#
b00000000000000001001111100000100 &
1(
1-
b00000000000000001001111100000100 .
#3954
0(
1*
1+
#3955
1#
1$
b00000000000000001101000001100011 %
1(
0-
#3956
0(
0*
0+
#3957
0#
0$
b00000000000000001101000001100011 &
1(
1-
b00000000000000001101000001100011 .
#3958
0(
1*
#3959
1#
b11111111111111111110101010010000 %
1(
0-
#3960
0(
0*
#3961
0#
b00000000000000001011101011110011 &
1(
1-
b00000000000000001011101011110011 .
#3962
0(
1*
#3963
1#
b11111111111111110010010100010101 %
1(
0-
#3964
0(
0*
#3965
0#
b11111111111111111110000000001000 &
1(
1-
b11111111111111111110000000001000 .
#3966
0(
1*
#3967
1#
b11111111111111111110001100110010 %
1(
0-
#3968
0(
0*
#3969
0#
b11111111111111111100001100111010 &
1(
1-
b11111111111111111100001100111010 .
#3970
0(
1*
#3971
1#
b00000000000000001011111011110001 %
1(
0-
#3972
0(
0*
#3973
0#
b00000000000000001000001000101011 &
1(
1-
b00000000000000001000001000101011 .
#3974
0(
1*
#3975
1#
b11111111111111111101101100011101 %
1(
0-
#3976
0(
0*
#3977
0#
b00000000000000000101110101001000 &
1(
1-
b00000000000000000101110101001000 .
#3978
0(
1*
1+
#3979
1#
1$
b00000000000000000110111111111011 %
1(
0-
#3980
0(
0*
0+
#3981
0#
0$
b00000000000000000110111111111011 &
1(
1-
b00000000000000000110111111111011 .
#3982
0(
1*
#3983
1#
b00000000000000000100110100011001 %
1(
0-
#3984
0(
0*
#3985
0#
b00000000000000001011110100010100 &
1(
1-
b00000000000000001011110100010100 .
#3986
0(
1*
1+
#3987
1#
1$
b11111111111111110001101100011010 %
1(
0-
#3988
0(
0*
0+
#3989
0#
0$
b11111111111111110001101100011010 &
1(
1-
b11111111111111110001101100011010 .
#3990
0(
1*
#3991
1#
b11111111111111111001101010000110 %
1(
0-
#3992
0(
0*
#3993
0#
b11111111111111101011010110100000 &
1(
1-
b11111111111111101011010110100000 .
#3994
0(
1*
#3995
1#
b11111111111111111110111011010101 %
1(
0-
#3996
0(
0*
#3997
0#
b11111111111111101010010001110101 &
1(
1-
b11111111111111101010010001110101 .
#3998
0(
1*
#3999
1#
b11111111111111110101001011001001 %
1(
0-
#4000
0(
0*
#4001
0#
b11111111111111011111011100111110 &
1(
1-
b11111111111111011111011100111110 .
#4002
0(
1*
#4003
1#
b00000000000000000001110100001101 %
1(
0-
#4004
0(
0*
#4005
0#
b11111111111111100001010001001011 &
1(
1-
b11111111111111100001010001001011 .
#4006
0(
1*
1+
#4007
1#
1$
b00000000000000001101000011111100 %
1(
0-
#4008
0(
0*
0+
#4009
0#
0$
b00000000000000001101000011111100 &
1(
1-
b00000000000000001101000011111100 .
#4010
0(
1*
1+
#4011
1#
1$
b00000000000000000000111010101110 %
1(
0-
#4012
0(
0*
0+
#4013
0#
0$
b00000000000000000000111010101110 &
1(
1-
b00000000000000000000111010101110 .
#4014
0(
1*
#4015
1#
b11111111111111100000001110101000 %
1(
0-
#4016
0(
0*
#4017
0#
b11111111111111100001001001010110 &
1(
1-
b11111111111111100001001001010110 .
#4018
0(
1*
#4019
1#
b00000000000000000001010011001011 %
1(
0-
#4020
0(
0*
#4021
0#
b11111111111111100010011100100001 &
1(
1-
b11111111111111100010011100100001 .
#4022
0(
1*
#4023
1#
b11111111111111101110011110111000 %
1(
0-
#4024
0(
0*
#4025
0#
b11111111111111010000111011011001 &
1(
1-
b11111111111111010000111011011001 .
#4026
0(
1*
1+
#4027
1#
1$
b00000000000000011100010001101101 %
1(
0-
#4028
0(
0*
0+
#4029
0#
0$
b00000000000000011100010001101101 &
1(
1-
b00000000000000011100010001101101 .
#4030
0(
1*
#4031
1#
b11111111111111110001111111110110 %
1(
0-
#4032
0(
0*
#4033
0#
b00000000000000001110010001100011 &
1(
1-
b00000000000000001110010001100011 .
#4034
0(
1*
#4035
1#
b11111111111111110001001101011001 %
1(
0-
#4036
0(
0*
#4037
0#
b11111111111111111111011110111100 &
1(
1-
b11111111111111111111011110111100 .
#4038
0(
1*
#4039
1#
b11111111111111101010010110101110 %
1(
0-
#4040
0(
0*
#4041
0#
b11111111111111101001110101101010 &
1(
1-
b11111111111111101001110101101010 .
#4042
0(
1*
#4043
1#
b00000000000000010011010110111010 %
1(
0-
#4044
0(
0*
#4045
0#
b11111111111111111101001100100100 &
1(
1-
b11111111111111111101001100100100 .
#4046
0(
1*
#4047
1#
b11111111111111111010010100101100 %
1(
0-
#4048
0(
0*
#4049
0#
b11111111111111110111100001010000 &
1(
1-
b11111111111111110111100001010000 .
#4050
0(
1*
1+
#4051
1#
1$
b11111111111111110100110011000011 %
1(
0-
#4052
0(
0*
0+
#4053
0#
0$
b11111111111111110100110011000011 &
1(
1-
b11111111111111110100110011000011 .
#4054
0(
1*
#4055
1#
b00000000000000001111000111010110 %
1(
0-
#4056
0(
0*
#4057
0#
b00000000000000000011111010011001 &
1(
1-
b00000000000000000011111010011001 .
#4058
0(
1*
1+
#4059
1#
1$
b00000000000000000100101000101101 %
1(
0-
#4060
0(
0*
0+
#4061
0#
0$
b00000000000000000100101000101101 &
1(
1-
b00000000000000000100101000101101 .
#4062
0(
1*
#4063
1#
b00000000000000000100000001100110 %
1(
0-
#4064
0(
0*
#4065
0#
b00000000000000001000101010010011 &
1(
1-
b00000000000000001000101010010011 .
#4066
0(
1*
#4067
1#
b11111111111111111010111101100000 %
1(
0-
#4068
0(
0*
#4069
0#
b00000000000000000011100111110011 &
1(
1-
b00000000000000000011100111110011 .
#4070
0(
1*
#4071
1#
b00000000000000001100000000010101 %
1(
0-
#4072
0(
0*
#4073
0#
b00000000000000001111101000001000 &
1(
1-
b00000000000000001111101000001000 .
#4074
0(
1*
#4075
1#
b11111111111111110100101010100100 %
1(
0-
#4076
0(
0*
#4077
0#
b00000000000000000100010010101100 &
1(
1-
b00000000000000000100010010101100 .
#4078
0(
1*
#4079
1#
b00000000000000000001010011001001 %
1(
0-
#4080
0(
0*
#4081
0#
b00000000000000000101100101110101 &
1(
1-
b00000000000000000101100101110101 .
#4082
0(
1*
#4083
1#
b00000000000000000110110001010110 %
1(
0-
#4084
0(
0*
#4085
0#
b00000000000000001100010111001011 &
1(
1-
b00000000000000001100010111001011 .
#4086
0(
1*
#4087
1#
b11111111111111111001011011111001 %
1(
0-
#4088
0(
0*
#4089
0#
b00000000000000000101110011000100 &
1(
1-
b00000000000000000101110011000100 .
#4090
0(
1*
#4091
1#
b00000000000000011001101011111000 %
1(
0-
#4092
0(
0*
#4093
0#
b00000000000000011111011110111100 &
1(
1-
b00000000000000011111011110111100 .
#4094
0(
1*
#4095
1#
b00000000000000011010100010100001 %
1(
0-
#4096
0(
0*
#4097
0#
b00000000000000111010000001011101 &
1(
1-
b00000000000000111010000001011101 .
#4098
0(
1*
#4099
1#
b11111111111111110011101100101010 %
1(
0-
#4100
0(
0*
#4101
0#
b00000000000000101101101110000111 &
1(
1-
b00000000000000101101101110000111 .
#4102
0(
1*
#4103
1#
b11111111111111111110101001010111 %
1(
0-
#4104
0(
0*
#4105
0#
b00000000000000101100010111011110 &
1(
1-
b00000000000000101100010111011110 .
#4106
0(
1*
1+
#4107
1#
1$
b00000000000000001110110100101110 %
1(
0-
#4108
0(
0*
0+
#4109
0#
0$
b00000000000000001110110100101110 &
1(
1-
b00000000000000001110110100101110 .
#4110
0(
1*
#4111
1#
b00000000000000001110111100001111 %
1(
0-
#4112
0(
0*
#4113
0#
b00000000000000011101110000111101 &
1(
1-
b00000000000000011101110000111101 .
#4114
0(
1*
#4115
1#
b00000000000000000001101110101110 %
1(
0-
#4116
0(
0*
#4117
0#
b00000000000000011111011111101011 &
1(
1-
b00000000000000011111011111101011 .
#4118
0(
1*
#4119
1#
b11111111111111111111101111001000 %
1(
0-
#4120
0(
0*
#4121
0#
b00000000000000011111001110110011 &
1(
1-
b00000000000000011111001110110011 .
#4122
0(
1*
#4123
1#
b00000000000000000110101110110010 %
1(
0-
#4124
0(
0*
#4125
0#
b00000000000000100101111101100101 &
1(
1-
b00000000000000100101111101100101 .
#4126
0(
1*
#4127
1#
b11111111111111101000000100101010 %
1(
0-
#4128
0(
0*
#4129
0#
b00000000000000001110000010001111 &
1(
1-
b00000000000000001110000010001111 .
#4130
0(
1*
#4131
1#
b11111111111111111101011100011110 %
1(
0-
#4132
0(
0*
#4133
0#
b00000000000000001011011110101101 &
1(
1-
b00000000000000001011011110101101 .
#4134
0(
1*
#4135
1#
b11111111111111111001001001101001 %
1(
0-
#4136
0(
0*
#4137
0#
b00000000000000000100101000010110 &
1(
1-
b00000000000000000100101000010110 .
#4138
0(
1*
#4139
1#
b11111111111111101111011111110100 %
1(
0-
#4140
0(
0*
#4141
0#
b11111111111111110100001000001010 &
1(
1-
b11111111111111110100001000001010 .
#4142
0(
1*
#4143
1#
b11111111111111111011011011111001 %
1(
0-
#4144
0(
0*
#4145
0#
b11111111111111101111100100000011 &
1(
1-
b11111111111111101111100100000011 .
#4146
0(
1*
#4147
1#
b00000000000000000100111111110101 %
1(
0-
#4148
0(
0*
#4149
0#
b11111111111111110100100011111000 &
1(
1-
b11111111111111110100100011111000 .
#4150
0(
1*
1+
#4151
1#
1$
b11111111111111100011011010100110 %
1(
0-
#4152
0(
0*
0+
#4153
0#
0$
b11111111111111100011011010100110 &
1(
1-
b11111111111111100011011010100110 .
#4154
0(
1*
#4155
1#
b00000000000000000100110010101111 %
1(
0-
#4156
0(
0*
#4157
0#
b11111111111111101000001101010101 &
1(
1-
b11111111111111101000001101010101 .
#4158
0(
1*
#4159
1#
b00000000000000000011100010111001 %
1(
0-
#4160
0(
0*
#4161
0#
b11111111111111101011110000001110 &
1(
1-
b11111111111111101011110000001110 .
#4162
0(
1*
1+
#4163
1#
1$
b00000000000000010011100000000111 %
1(
0-
#4164
0(
0*
0+
#4165
0#
0$
b00000000000000010011100000000111 &
1(
1-
b00000000000000010011100000000111 .
#4166
0(
1*
#4167
1#
b11111111111111110110110001101011 %
1(
0-
#4168
0(
0*
#4169
0#
b00000000000000001010010001110010 &
1(
1-
b00000000000000001010010001110010 .
#4170
0(
1*
#4171
1#
b00000000000000001000001010101110 %
1(
0-
#4172
0(
0*
#4173
0#
b00000000000000010010011100100000 &
1(
1-
b00000000000000010010011100100000 .
#4174
0(
1*
1+
#4175
1#
1$
b00000000000000001001111010100100 %
1(
0-
#4176
0(
0*
0+
#4177
0#
0$
b00000000000000001001111010100100 &
1(
1-
b00000000000000001001111010100100 .
#4178
0(
1*
#4179
1#
b00000000000000000010000000111010 %
1(
0-
#4180
0(
0*
#4181
0#
b00000000000000001011111011011110 &
1(
1-
b00000000000000001011111011011110 .
#4182
0(
1*
#4183
1#
b00000000000000000101110010100100 %
1(
0-
#4184
0(
0*
#4185
0#
b00000000000000010001101110000010 &
1(
1-
b00000000000000010001101110000010 .
#4186
0(
1*
#4187
1#
b00000000000000001100110001100010 %
1(
0-
#4188
0(
0*
#4189
0#
b00000000000000011110011111100100 &
1(
1-
b00000000000000011110011111100100 .
#4190
0(
1*
#4191
1#
b11111111111111110111001011010101 %
1(
0-
#4192
0(
0*
#4193
0#
b00000000000000010101101010111001 &
1(
1-
b00000000000000010101101010111001 .
#4194
0(
1*
1+
#4195
1#
1$
b11111111111111111111101000111011 %
1(
0-
#4196
0(
0*
0+
#4197
0#
0$
b11111111111111111111101000111011 &
1(
1-
b11111111111111111111101000111011 .
#4198
0(
1*
#4199
1#
b11111111111111111011011101011100 %
1(
0-
#4200
0(
0*
#4201
0#
b11111111111111111011000110010111 &
1(
1-
b11111111111111111011000110010111 .
#4202
0(
1*
1+
#4203
1#
1$
b11111111111111101011100000100000 %
1(
0-
#4204
0(
0*
0+
#4205
0#
0$
b11111111111111101011100000100000 &
1(
1-
b11111111111111101011100000100000 .
#4206
0(
1*
1+
#4207
1#
1$
b00000000000000000010111100001101 %
1(
0-
#4208
0(
0*
0+
#4209
0#
0$
b00000000000000000010111100001101 &
1(
1-
b00000000000000000010111100001101 .
#4210
0(
1*
#4211
1#
b11111111111111110001001010010001 %
1(
0-
#4212
0(
0*
#4213
0#
b11111111111111110100000110011110 &
1(
1-
b11111111111111110100000110011110 .
#4214
0(
1*
1+
#4215
1#
1$
b00000000000000001010111011000101 %
1(
0-
#4216
0(
0*
0+
#4217
0#
0$
b00000000000000001010111011000101 &
1(
1-
b00000000000000001010111011000101 .
#4218
0(
1*
1+
#4219
1#
1$
b11111111111111110010101101010010 %
1(
0-
#4220
0(
0*
0+
#4221
0#
0$
b11111111111111110010101101010010 &
1(
1-
b11111111111111110010101101010010 .
#4222
0(
1*
#4223
1#
b00000000000000000010101010010001 %
1(
0-
#4224
0(
0*
#4225
0#
b11111111111111110101010111100011 &
1(
1-
b11111111111111110101010111100011 .
#4226
0(
1*
#4227
1#
b00000000000000010101010101111000 %
1(
0-
#4228
0(
0*
#4229
0#
b00000000000000001010101101011011 &
1(
1-
b00000000000000001010101101011011 .
#4230
0(
1*
#4231
1#
b00000000000000010100001110000011 %
1(
0-
#4232
0(
0*
#4233
0#
b00000000000000011110111011011110 &
1(
1-
b00000000000000011110111011011110 .
#4234
0(
1*
#4235
1#
b11111111111111100111110110011010 %
1(
0-
#4236
0(
0*
#4237
0#
b00000000000000000110110001111000 &
1(
1-
b00000000000000000110110001111000 .
#4238
0(
1*
#4239
1#
b00000000000000000100011101110101 %
1(
0-
#4240
0(
0*
#4241
0#
b00000000000000001011001111101101 &
1(
1-
b00000000000000001011001111101101 .
#4242
0(
1*
#4243
1#
b11111111111111111100100011001110 %
1(
0-
#4244
0(
0*
#4245
0#
b00000000000000000111110010111011 &
1(
1-
b00000000000000000111110010111011 .
#4246
0(
1*
1+
#4247
1#
1$
b00000000000000000001010011001110 %
1(
0-
#4248
0(
0*
0+
#4249
0#
0$
b00000000000000000001010011001110 &
1(
1-
b00000000000000000001010011001110 .
#4250
0(
1*
#4251
1#
b11111111111111010111010010000010 %
1(
0-
#4252
0(
0*
#4253
0#
b11111111111111011000100101010000 &
1(
1-
b11111111111111011000100101010000 .
#4254
0(
1*
1+
#4255
1#
1$
b00000000000000010010000011101110 %
1(
0-
#4256
0(
0*
0+
#4257
0#
0$
b00000000000000010010000011101110 &
1(
1-
b00000000000000010010000011101110 .
#4258
0(
1*
#4259
1#
b11111111111111111011011011001110 %
1(
0-
#4260
0(
0*
#4261
0#
b00000000000000001101011110111100 &
1(
1-
b00000000000000001101011110111100 .
#4262
0(
1*
#4263
1#
b00000000000000000100010101111000 %
1(
0-
#4264
0(
0*
#4265
0#
b00000000000000010001110100110100 &
1(
1-
b00000000000000010001110100110100 .
#4266
0(
1*
#4267
1#
b00000000000000101000000010001010 %
1(
0-
#4268
0(
0*
#4269
0#
b00000000000000111001110110111110 &
1(
1-
b00000000000000111001110110111110 .
#4270
0(
1*
1+
#4271
1#
1$
b11111111111111111111010010010000 %
1(
0-
#4272
0(
0*
0+
#4273
0#
0$
b11111111111111111111010010010000 &
1(
1-
b11111111111111111111010010010000 .
#4274
0(
1*
#4275
1#
b11111111111111100111000110100100 %
1(
0-
#4276
0(
0*
#4277
0#
b11111111111111100110011000110100 &
1(
1-
b11111111111111100110011000110100 .
#4278
0(
1*
#4279
1#
b11111111111111111011100000101101 %
1(
0-
#4280
0(
0*
#4281
0#
b11111111111111100001111001100001 &
1(
1-
b11111111111111100001111001100001 .
#4282
0(
1*
#4283
1#
b11111111111111111100100001000001 %
1(
0-
#4284
0(
0*
#4285
0#
b11111111111111011110011010100010 &
1(
1-
b11111111111111011110011010100010 .
#4286
0(
1*
1+
#4287
1#
1$
b11111111111111111111011101100011 %
1(
0-
#4288
0(
0*
0+
#4289
0#
0$
b11111111111111111111011101100011 &
1(
1-
b11111111111111111111011101100011 .
#4290
0(
1*
#4291
1#
b11111111111111110101000100010111 %
1(
0-
#4292
0(
0*
#4293
0#
b11111111111111110100100001111010 &
1(
1-
b11111111111111110100100001111010 .
#4294
0(
1*
1+
#4295
1#
1$
b00000000000000000010000100100010 %
1(
0-
#4296
0(
0*
0+
#4297
0#
0$
b00000000000000000010000100100010 &
1(
1-
b00000000000000000010000100100010 .
#4298
0(
1*
1+
#4299
1#
1$
b11111111111111110010011000001001 %
1(
0-
#4300
0(
0*
0+
#4301
0#
0$
b11111111111111110010011000001001 &
1(
1-
b11111111111111110010011000001001 .
#4302
0(
1*
#4303
1#
b11111111111111101000001111000011 %
1(
0-
#4304
0(
0*
#4305
0#
b11111111111111011010100111001100 &
1(
1-
b11111111111111011010100111001100 .
#4306
0(
1*
#4307
1#
b11111111111111101001001101000001 %
1(
0-
#4308
0(
0*
#4309
0#
b11111111111111000011110100001101 &
1(
1-
b11111111111111000011110100001101 .
#4310
0(
1*
1+
#4311
1#
1$
b11111111111111110011001111011110 %
1(
0-
#4312
0(
0*
0+
#4313
0#
0$
b11111111111111110011001111011110 &
1(
1-
b11111111111111110011001111011110 .
#4314
0(
1*
#4315
1#
b00000000000000000000010101000100 %
1(
0-
#4316
0(
0*
#4317
0#
b11111111111111110011100100100010 &
1(
1-
b11111111111111110011100100100010 .
#4318
0(
1*
1+
#4319
1#
1$
b00000000000000000110010110010100 %
1(
0-
#4320
0(
0*
0+
#4321
0#
0$
b00000000000000000110010110010100 &
1(
1-
b00000000000000000110010110010100 .
#4322
0(
1*
#4323
1#
b00000000000000000010101011111110 %
1(
0-
#4324
0(
0*
#4325
0#
b00000000000000001001000010010010 &
1(
1-
b00000000000000001001000010010010 .
#4326
0(
1*
1+
#4327
1#
1$
b11111111111111111010001011010110 %
1(
0-
#4328
0(
0*
0+
#4329
0#
0$
b11111111111111111010001011010110 &
1(
1-
b11111111111111111010001011010110 .
#4330
0(
1*
1+
#4331
1#
1$
b11111111111111111011101010001101 %
1(
0-
#4332
0(
0*
0+
#4333
0#
0$
b11111111111111111011101010001101 &
1(
1-
b11111111111111111011101010001101 .
#4334
0(
1*
1+
#4335
1#
1$
b11111111111111100000110010010000 %
1(
0-
#4336
0(
0*
0+
#4337
0#
0$
b11111111111111100000110010010000 &
1(
1-
b11111111111111100000110010010000 .
#4338
0(
1*
#4339
1#
b00000000000000010100110011111100 %
1(
0-
#4340
0(
0*
#4341
0#
b11111111111111110101100110001100 &
1(
1-
b11111111111111110101100110001100 .
#4342
0(
1*
#4343
1#
b11111111111111111101000000100110 %
1(
0-
#4344
0(
0*
#4345
0#
b11111111111111110010100110110010 &
1(
1-
b11111111111111110010100110110010 .
#4346
0(
1*
#4347
1#
b00000000000000000101010010010011 %
1(
0-
#4348
0(
0*
#4349
0#
b11111111111111110111111001000101 &
1(
1-
b11111111111111110111111001000101 .
#4350
0(
1*
1+
#4351
1#
1$
b00000000000000010011100100100110 %
1(
0-
#4352
0(
0*
0+
#4353
0#
0$
b00000000000000010011100100100110 &
1(
1-
b00000000000000010011100100100110 .
#4354
0(
1*
#4355
1#
b11111111111111110010110101000000 %
1(
0-
#4356
0(
0*
#4357
0#
b00000000000000000110011001100110 &
1(
1-
b00000000000000000110011001100110 .
#4358
0(
1*
#4359
1#
b00000000000000010100000001010111 %
1(
0-
#4360
0(
0*
#4361
0#
b00000000000000011010011010111101 &
1(
1-
b00000000000000011010011010111101 .
#4362
0(
1*
#4363
1#
b11111111111111110101110111100001 %
1(
0-
#4364
0(
0*
#4365
0#
b00000000000000010000010010011110 &
1(
1-
b00000000000000010000010010011110 .
#4366
0(
1*
#4367
1#
b11111111111111111001100001111010 %
1(
0-
#4368
0(
0*
#4369
0#
b00000000000000001001110100011000 &
1(
1-
b00000000000000001001110100011000 .
#4370
0(
1*
1+
#4371
1#
1$
b11111111111111111001101111000111 %
1(
0-
#4372
0(
0*
0+
#4373
0#
0$
b11111111111111111001101111000111 &
1(
1-
b11111111111111111001101111000111 .
#4374
0(
1*
1+
#4375
1#
1$
b00000000000000001110000101000100 %
1(
0-
#4376
0(
0*
0+
#4377
0#
0$
b00000000000000001110000101000100 &
1(
1-
b00000000000000001110000101000100 .
#4378
0(
1*
1+
#4379
1#
1$
b11111111111111111100100111101101 %
1(
0-
#4380
0(
0*
0+
#4381
0#
0$
b11111111111111111100100111101101 &
1(
1-
b11111111111111111100100111101101 .
#4382
0(
1*
#4383
1#
b00000000000000001011001100011010 %
1(
0-
#4384
0(
0*
#4385
0#
b00000000000000000111110100000111 &
1(
1-
b00000000000000000111110100000111 .
#4386
0(
1*
1+
#4387
1#
1$
b11111111111111111110111110000010 %
1(
0-
#4388
0(
0*
0+
#4389
0#
0$
b11111111111111111110111110000010 &
1(
1-
b11111111111111111110111110000010 .
#4390
0(
1*
#4391
1#
b11111111111111101100101100110100 %
1(
0-
#4392
0(
0*
#4393
0#
b11111111111111101011101010110110 &
1(
1-
b11111111111111101011101010110110 .
#4394
0(
1*
#4395
1#
b11111111111111101100011001001111 %
1(
0-
#4396
0(
0*
#4397
0#
b11111111111111011000000100000101 &
1(
1-
b11111111111111011000000100000101 .
#4398
0(
1*
#4399
1#
b11111111111111111110000011101010 %
1(
0-
#4400
0(
0*
#4401
0#
b11111111111111010110000111101111 &
1(
1-
b11111111111111010110000111101111 .
#4402
0(
1*
#4403
1#
b00000000000000001101101100011001 %
1(
0-
#4404
0(
0*
#4405
0#
b11111111111111100011110100001000 &
1(
1-
b11111111111111100011110100001000 .
#4406
0(
1*
1+
#4407
1#
1$
b00000000000000000000010000000010 %
1(
0-
#4408
0(
0*
0+
#4409
0#
0$
b00000000000000000000010000000010 &
1(
1-
b00000000000000000000010000000010 .
#4410
0(
1*
1+
#4411
1#
1$
b11111111111111110110110101011100 %
1(
0-
#4412
0(
0*
0+
#4413
0#
0$
b11111111111111110110110101011100 &
1(
1-
b11111111111111110110110101011100 .
#4414
0(
1*
1+
#4415
1#
1$
b00000000000000000011100110110111 %
1(
0-
#4416
0(
0*
0+
#4417
0#
0$
b00000000000000000011100110110111 &
1(
1-
b00000000000000000011100110110111 .
#4418
0(
1*
#4419
1#
b00000000000000101000000111111111 %
1(
0-
#4420
0(
0*
#4421
0#
b00000000000000101011101110110110 &
1(
1-
b00000000000000101011101110110110 .
#4422
0(
1*
1+
#4423
1#
1$
b11111111111111110011110011110000 %
1(
0-
#4424
0(
0*
0+
#4425
0#
0$
b11111111111111110011110011110000 &
1(
1-
b11111111111111110011110011110000 .
#4426
0(
1*
#4427
1#
b11111111111111111011000000011011 %
1(
0-
#4428
0(
0*
#4429
0#
b11111111111111101110110100001011 &
1(
1-
b11111111111111101110110100001011 .
#4430
0(
1*
1+
#4431
1#
1$
b00000000000000000000011100111010 %
1(
0-
#4432
0(
0*
0+
#4433
0#
0$
b00000000000000000000011100111010 &
1(
1-
b00000000000000000000011100111010 .
#4434
0(
1*
#4435
1#
b11111111111111111000111001001011 %
1(
0-
#4436
0(
0*
#4437
0#
b11111111111111111001010110000101 &
1(
1-
b11111111111111111001010110000101 .
#4438
0(
1*
#4439
1#
b00000000000000011000001110101111 %
1(
0-
#4440
0(
0*
#4441
0#
b00000000000000010001100100110100 &
1(
1-
b00000000000000010001100100110100 .
#4442
0(
1*
1+
#4443
1#
1$
b11111111111111111010100001001000 %
1(
0-
#4444
0(
0*
0+
#4445
0#
0$
b11111111111111111010100001001000 &
1(
1-
b11111111111111111010100001001000 .
#4446
0(
1*
#4447
1#
b11111111111111101110100100111110 %
1(
0-
#4448
0(
0*
#4449
0#
b11111111111111101001000110000110 &
1(
1-
b11111111111111101001000110000110 .
#4450
0(
1*
#4451
1#
b00000000000000011101101110001011 %
1(
0-
#4452
0(
0*
#4453
0#
b00000000000000000110110100010001 &
1(
1-
b00000000000000000110110100010001 .
#4454
0(
1*
#4455
1#
b11111111111111110010000010011100 %
1(
0-
#4456
0(
0*
#4457
0#
b11111111111111111000110110101101 &
1(
1-
b11111111111111111000110110101101 .
#4458
0(
1*
#4459
1#
b11111111111111111011111110011111 %
1(
0-
#4460
0(
0*
#4461
0#
b11111111111111110100110101001100 &
1(
1-
b11111111111111110100110101001100 .
#4462
0(
1*
1+
#4463
1#
1$
b11111111111111111101111101101100 %
1(
0-
#4464
0(
0*
0+
#4465
0#
0$
b11111111111111111101111101101100 &
1(
1-
b11111111111111111101111101101100 .
#4466
0(
1*
1+
#4467
1#
1$
b00000000000000001111110001100110 %
1(
0-
#4468
0(
0*
0+
#4469
0#
0$
b00000000000000001111110001100110 &
1(
1-
b00000000000000001111110001100110 .
#4470
0(
1*
1+
#4471
1#
1$
b00000000000000010100011110111000 %
1(
0-
#4472
0(
0*
0+
#4473
0#
0$
b00000000000000010100011110111000 &
1(
1-
b00000000000000010100011110111000 .
#4474
0(
1*
1+
#4475
1#
1$
b00000000000000010000111101001101 %
1(
0-
#4476
0(
0*
0+
#4477
0#
0$
b00000000000000010000111101001101 &
1(
1-
b00000000000000010000111101001101 .
#4478
0(
1*
#4479
1#
b11111111111111110100001101111110 %
1(
0-
#4480
0(
0*
#4481
0#
b00000000000000000101001011001011 &
1(
1-
b00000000000000000101001011001011 .
#4482
0(
1*
#4483
1#
b11111111111111110110001001000100 %
1(
0-
#4484
0(
0*
#4485
0#
b11111111111111111011010100001111 &
1(
1-
b11111111111111111011010100001111 .
#4486
0(
1*
1+
#4487
1#
1$
b11111111111111111001110101101011 %
1(
0-
#4488
0(
0*
0+
#4489
0#
0$
b11111111111111111001110101101011 &
1(
1-
b11111111111111111001110101101011 .
#4490
0(
1*
#4491
1#
b00000000000000000010011101111000 %
1(
0-
#4492
0(
0*
#4493
0#
b11111111111111111100010011100011 &
1(
1-
b11111111111111111100010011100011 .
#4494
0(
1*
#4495
1#
b11111111111111101010000010111101 %
1(
0-
#4496
0(
0*
#4497
0#
b11111111111111100110010110100000 &
1(
1-
b11111111111111100110010110100000 .
#4498
0(
1*
#4499
1#
b00000000000000000010000011000111 %
1(
0-
#4500
0(
0*
#4501
0#
b11111111111111101000011001100111 &
1(
1-
b11111111111111101000011001100111 .
#4502
0(
1*
1+
#4503
1#
1$
b00000000000000001010110000011110 %
1(
0-
#4504
0(
0*
0+
#4505
0#
0$
b00000000000000001010110000011110 &
1(
1-
b00000000000000001010110000011110 .
#4506
0(
1*
#4507
1#
b00000000000000010110000111100011 %
1(
0-
#4508
0(
0*
#4509
0#
b00000000000000100000111000000001 &
1(
1-
b00000000000000100000111000000001 .
#4510
0(
1*
#4511
1#
b00000000000000011011111110101000 %
1(
0-
#4512
0(
0*
#4513
0#
b00000000000000111100110110101001 &
1(
1-
b00000000000000111100110110101001 .
#4514
0(
1*
#4515
1#
b11111111111111101101000101000010 %
1(
0-
#4516
0(
0*
#4517
0#
b00000000000000101001111011101011 &
1(
1-
b00000000000000101001111011101011 .
#4518
0(
1*
#4519
1#
b00000000000000010110000111001101 %
1(
0-
#4520
0(
0*
#4521
0#
b00000000000001000000000010111000 &
1(
1-
b00000000000001000000000010111000 .
#4522
0(
1*
#4523
1#
b11111111111111111001001010100010 %
1(
0-
#4524
0(
0*
#4525
0#
b00000000000000111001001101011010 &
1(
1-
b00000000000000111001001101011010 .
#4526
0(
1*
1+
#4527
1#
1$
b11111111111111111010011100100110 %
1(
0-
#4528
0(
0*
0+
#4529
0#
0$
b11111111111111111010011100100110 &
1(
1-
b11111111111111111010011100100110 .
#4530
0(
1*
#4531
1#
b11111111111111110100000011010000 %
1(
0-
#4532
0(
0*
#4533
0#
b11111111111111101110011111110110 &
1(
1-
b11111111111111101110011111110110 .
#4534
0(
1*
1+
#4535
1#
1$
b11111111111111110010010111111110 %
1(
0-
#4536
0(
0*
0+
#4537
0#
0$
b11111111111111110010010111111110 &
1(
1-
b11111111111111110010010111111110 .
#4538
0(
1*
#4539
1#
b00000000000000001010100011000100 %
1(
0-
#4540
0(
0*
#4541
0#
b11111111111111111100111011000010 &
1(
1-
b11111111111111111100111011000010 .
#4542
0(
1*
#4543
1#
b00000000000000000100101000010001 %
1(
0-
#4544
0(
0*
#4545
0#
b00000000000000000001100011010011 &
1(
1-
b00000000000000000001100011010011 .
#4546
0(
1*
#4547
1#
b11111111111111111011110000111000 %
1(
0-
#4548
0(
0*
#4549
0#
b11111111111111111101010100001011 &
1(
1-
b11111111111111111101010100001011 .
#4550
0(
1*
#4551
1#
b00000000000000000111100101010001 %
1(
0-
#4552
0(
0*
#4553
0#
b00000000000000000100111001011100 &
1(
1-
b00000000000000000100111001011100 .
#4554
0(
1*
#4555
1#
b11111111111111101110101010010101 %
1(
0-
#4556
0(
0*
#4557
0#
b11111111111111110011100011110001 &
1(
1-
b11111111111111110011100011110001 .
#4558
0(
1*
#4559
1#
b11111111111111111000111000010111 %
1(
0-
#4560
0(
0*
#4561
0#
b11111111111111101100011100001000 &
1(
1-
b11111111111111101100011100001000 .
#4562
0(
1*
#4563
1#
b00000000000000010110011100010011 %
1(
0-
#4564
0(
0*
#4565
0#
b00000000000000000010111000011011 &
1(
1-
b00000000000000000010111000011011 .
#4566
0(
1*
#4567
1#
b11111111111111110001111011110101 %
1(
0-
#4568
0(
0*
#4569
0#
b11111111111111110100110100010000 &
1(
1-
b11111111111111110100110100010000 .
#4570
0(
1*
1+
#4571
1#
1$
b11111111111111110100101011110100 %
1(
0-
#4572
0(
0*
0+
#4573
0#
0$
b11111111111111110100101011110100 &
1(
1-
b11111111111111110100101011110100 .
#4574
0(
1*
#4575
1#
b11111111111111101010010011110000 %
1(
0-
#4576
0(
0*
#4577
0#
b11111111111111011110111111100100 &
1(
1-
b11111111111111011110111111100100 .
#4578
0(
1*
1+
#4579
1#
1$
b00000000000000001011000110001100 %
1(
0-
#4580
0(
0*
0+
#4581
0#
0$
b00000000000000001011000110001100 &
1(
1-
b00000000000000001011000110001100 .
#4582
0(
1*
#4583
1#
b00000000000000010001110101111111 %
1(
0-
#4584
0(
0*
#4585
0#
b00000000000000011100111100001011 &
1(
1-
b00000000000000011100111100001011 .
#4586
0(
1*
1+
#4587
1#
1$
b00000000000000001000011100111111 %
1(
0-
#4588
0(
0*
0+
#4589
0#
0$
b00000000000000001000011100111111 &
1(
1-
b00000000000000001000011100111111 .
#4590
0(
1*
1+
#4591
1#
1$
b11111111111111110110001000110100 %
1(
0-
#4592
0(
0*
0+
#4593
0#
0$
b11111111111111110110001000110100 &
1(
1-
b11111111111111110110001000110100 .
#4594
0(
1*
#4595
1#
b00000000000000010101001000101110 %
1(
0-
#4596
0(
0*
#4597
0#
b00000000000000001011010001100010 &
1(
1-
b00000000000000001011010001100010 .
#4598
0(
1*
1+
#4599
1#
1$
b11111111111111100001110101110000 %
1(
0-
#4600
0(
0*
0+
#4601
0#
0$
b11111111111111100001110101110000 &
1(
1-
b11111111111111100001110101110000 .
#4602
0(
1*
1+
#4603
1#
1$
b00000000000000000000100111111100 %
1(
0-
#4604
0(
0*
0+
#4605
0#
0$
b00000000000000000000100111111100 &
1(
1-
b00000000000000000000100111111100 .
#4606
0(
1*
1+
#4607
1#
1$
b11111111111111100110111110000011 %
1(
0-
#4608
0(
0*
0+
#4609
0#
0$
b11111111111111100110111110000011 &
1(
1-
b11111111111111100110111110000011 .
#4610
0(
1*
#4611
1#
b11111111111111101100011110111100 %
1(
0-
#4612
0(
0*
#4613
0#
b11111111111111010011011100111111 &
1(
1-
b11111111111111010011011100111111 .
#4614
0(
1*
#4615
1#
b00000000000000011001100000111111 %
1(
0-
#4616
0(
0*
#4617
0#
b11111111111111101100111101111110 &
1(
1-
b11111111111111101100111101111110 .
#4618
0(
1*
#4619
1#
b11111111111111110101110001100111 %
1(
0-
#4620
0(
0*
#4621
0#
b11111111111111100010101111100101 &
1(
1-
b11111111111111100010101111100101 .
#4622
0(
1*
#4623
1#
b00000000000000011100010010100001 %
1(
0-
#4624
0(
0*
#4625
0#
b11111111111111111111000010000110 &
1(
1-
b11111111111111111111000010000110 .
#4626
0(
1*
1+
#4627
1#
1$
b00000000000000011000101001110111 %
1(
0-
#4628
0(
0*
0+
#4629
0#
0$
b00000000000000011000101001110111 &
1(
1-
b00000000000000011000101001110111 .
#4630
0(
1*
#4631
1#
b00000000000000000001010011100101 %
1(
0-
#4632
0(
0*
#4633
0#
b00000000000000011001111101011100 &
1(
1-
b00000000000000011001111101011100 .
#4634
0(
1*
#4635
1#
b11111111111111101011000000011001 %
1(
0-
#4636
0(
0*
#4637
0#
b00000000000000000100111101110101 &
1(
1-
b00000000000000000100111101110101 .
#4638
0(
1*
1+
#4639
1#
1$
b00000000000000001100000100110111 %
1(
0-
#4640
0(
0*
0+
#4641
0#
0$
b00000000000000001100000100110111 &
1(
1-
b00000000000000001100000100110111 .
#4642
0(
1*
#4643
1#
b11111111111111110010101001001011 %
1(
0-
#4644
0(
0*
#4645
0#
b11111111111111111110101110000010 &
1(
1-
b11111111111111111110101110000010 .
#4646
0(
1*
#4647
1#
b00000000000000011111111011000000 %
1(
0-
#4648
0(
0*
#4649
0#
b00000000000000011110101001000010 &
1(
1-
b00000000000000011110101001000010 .
#4650
0(
1*
#4651
1#
b11111111111111101100001101100001 %
1(
0-
#4652
0(
0*
#4653
0#
b00000000000000001010110110100011 &
1(
1-
b00000000000000001010110110100011 .
#4654
0(
1*
#4655
1#
b11111111111111110100101100001100 %
1(
0-
#4656
0(
0*
#4657
0#
b11111111111111111111100010101111 &
1(
1-
b11111111111111111111100010101111 .
#4658
0(
1*
#4659
1#
b11111111111111111011010111111100 %
1(
0-
#4660
0(
0*
#4661
0#
b11111111111111111010111010101011 &
1(
1-
b11111111111111111010111010101011 .
#4662
0(
1*
#4663
1#
b00000000000000001100100111010011 %
1(
0-
#4664
0(
0*
#4665
0#
b00000000000000000111100001111110 &
1(
1-
b00000000000000000111100001111110 .
#4666
0(
1*
#4667
1#
b00000000000000001110101110001100 %
1(
0-
#4668
0(
0*
#4669
0#
b00000000000000010110010000001010 &
1(
1-
b00000000000000010110010000001010 .
#4670
0(
1*
#4671
1#
b11111111111111111001011010011110 %
1(
0-
#4672
0(
0*
#4673
0#
b00000000000000001111101010101000 &
1(
1-
b00000000000000001111101010101000 .
#4674
0(
1*
#4675
1#
b11111111111111111010011110001000 %
1(
0-
#4676
0(
0*
#4677
0#
b00000000000000001010001000110000 &
1(
1-
b00000000000000001010001000110000 .
#4678
0(
1*
#4679
1#
b00000000000000010011101101000000 %
1(
0-
#4680
0(
0*
#4681
0#
b00000000000000011101110101110000 &
1(
1-
b00000000000000011101110101110000 .
#4682
0(
1*
#4683
1#
b00000000000000000110110010101100 %
1(
0-
#4684
0(
0*
#4685
0#
b00000000000000100100101000011100 &
1(
1-
b00000000000000100100101000011100 .
#4686
0(
1*
1+
#4687
1#
1$
b00000000000000000111000101111000 %
1(
0-
#4688
0(
0*
0+
#4689
0#
0$
b00000000000000000111000101111000 &
1(
1-
b00000000000000000111000101111000 .
#4690
0(
1*
1+
#4691
1#
1$
b00000000000000010001010001010001 %
1(
0-
#4692
0(
0*
0+
#4693
0#
0$
b00000000000000010001010001010001 &
1(
1-
b00000000000000010001010001010001 .
#4694
0(
1*
#4695
1#
b11111111111111101001000000101011 %
1(
0-
#4696
0(
0*
#4697
0#
b11111111111111111010010001111100 &
1(
1-
b11111111111111111010010001111100 .
#4698
0(
1*
#4699
1#
b11111111111111110010100110111111 %
1(
0-
#4700
0(
0*
#4701
0#
b11111111111111101100111000111011 &
1(
1-
b11111111111111101100111000111011 .
#4702
0(
1*
#4703
1#
b11111111111111110000010011101111 %
1(
0-
#4704
0(
0*
#4705
0#
b11111111111111011101001100101010 &
1(
1-
b11111111111111011101001100101010 .
#4706
0(
1*
#4707
1#
b11111111111111111111000110100111 %
1(
0-
#4708
0(
0*
#4709
0#
b11111111111111011100010011010001 &
1(
1-
b11111111111111011100010011010001 .
#4710
0(
1*
#4711
1#
b11111111111111111110001001001100 %
1(
0-
#4712
0(
0*
#4713
0#
b11111111111111011010011100011101 &
1(
1-
b11111111111111011010011100011101 .
#4714
0(
1*
#4715
1#
b11111111111111100001100001110001 %
1(
0-
#4716
0(
0*
#4717
0#
b11111111111110111011111110001110 &
1(
1-
b11111111111110111011111110001110 .
#4718
0(
1*
1+
#4719
1#
1$
b00000000000000010010110010111110 %
1(
0-
#4720
0(
0*
0+
#4721
0#
0$
b00000000000000010010110010111110 &
1(
1-
b00000000000000010010110010111110 .
#4722
0(
1*
#4723
1#
b00000000000000000011001111000011 %
1(
0-
#4724
0(
0*
#4725
0#
b00000000000000010110000010000001 &
1(
1-
b00000000000000010110000010000001 .
#4726
0(
1*
#4727
1#
b00000000000000000100100001100011 %
1(
0-
#4728
0(
0*
#4729
0#
b00000000000000011010100011100100 &
1(
1-
b00000000000000011010100011100100 .
#4730
0(
1*
#4731
1#
b11111111111111111011010011111110 %
1(
0-
#4732
0(
0*
#4733
0#
b00000000000000010101110111100010 &
1(
1-
b00000000000000010101110111100010 .
#4734
0(
1*
#4735
1#
b00000000000000001101000111011100 %
1(
0-
#4736
0(
0*
#4737
0#
b00000000000000100010111110111110 &
1(
1-
b00000000000000100010111110111110 .
#4738
0(
1*
#4739
1#
b00000000000000000010000011010101 %
1(
0-
#4740
0(
0*
#4741
0#
b00000000000000100101000010010011 &
1(
1-
b00000000000000100101000010010011 .
#4742
0(
1*
#4743
1#
b00000000000000011110111111001100 %
1(
0-
#4744
0(
0*
#4745
0#
b00000000000001000100000001011111 &
1(
1-
b00000000000001000100000001011111 .
#4746
0(
1*
1+
#4747
1#
1$
b00000000000000010011011111001010 %
1(
0-
#4748
0(
0*
0+
#4749
0#
0$
b00000000000000010011011111001010 &
1(
1-
b00000000000000010011011111001010 .
#4750
0(
1*
1+
#4751
1#
1$
b00000000000000000111000010100011 %
1(
0-
#4752
0(
0*
0+
#4753
0#
0$
b00000000000000000111000010100011 &
1(
1-
b00000000000000000111000010100011 .
#4754
0(
1*
#4755
1#
b11111111111111100100111110100100 %
1(
0-
#4756
0(
0*
#4757
0#
b11111111111111101100000001000111 &
1(
1-
b11111111111111101100000001000111 .
#4758
0(
1*
1+
#4759
1#
1$
b00000000000000000100011111010011 %
1(
0-
#4760
0(
0*
0+
#4761
0#
0$
b00000000000000000100011111010011 &
1(
1-
b00000000000000000100011111010011 .
#4762
0(
1*
#4763
1#
b11111111111111111110100101110000 %
1(
0-
#4764
0(
0*
#4765
0#
b00000000000000000011000101000011 &
1(
1-
b00000000000000000011000101000011 .
#4766
0(
1*
#4767
1#
b11111111111111111010000000110101 %
1(
0-
#4768
0(
0*
#4769
0#
b11111111111111111101000101111000 &
1(
1-
b11111111111111111101000101111000 .
#4770
0(
1*
1+
#4771
1#
1$
b11111111111111110010000110100001 %
1(
0-
#4772
0(
0*
0+
#4773
0#
0$
b11111111111111110010000110100001 &
1(
1-
b11111111111111110010000110100001 .
#4774
0(
1*
#4775
1#
b11111111111111110100000110001111 %
1(
0-
#4776
0(
0*
#4777
0#
b11111111111111100110001100110000 &
1(
1-
b11111111111111100110001100110000 .
#4778
0(
1*
1+
#4779
1#
1$
b11111111111111111111001111111110 %
1(
0-
#4780
0(
0*
0+
#4781
0#
0$
b11111111111111111111001111111110 &
1(
1-
b11111111111111111111001111111110 .
#4782
0(
1*
#4783
1#
b00000000000000000101001000001110 %
1(
0-
#4784
0(
0*
#4785
0#
b00000000000000000100011000001100 &
1(
1-
b00000000000000000100011000001100 .
#4786
0(
1*
#4787
1#
b11111111111111111100100011000101 %
1(
0-
#4788
0(
0*
#4789
0#
b00000000000000000000111011010001 &
1(
1-
b00000000000000000000111011010001 .
#4790
0(
1*
1+
#4791
1#
1$
b00000000000000100011010000101010 %
1(
0-
#4792
0(
0*
0+
#4793
0#
0$
b00000000000000100011010000101010 &
1(
1-
b00000000000000100011010000101010 .
#4794
0(
1*
1+
#4795
1#
1$
b00000000000000100000001111111010 %
1(
0-
#4796
0(
0*
0+
#4797
0#
0$
b00000000000000100000001111111010 &
1(
1-
b00000000000000100000001111111010 .
#4798
0(
1*
1+
#4799
1#
1$
b11111111111111110011100110111011 %
1(
0-
#4800
0(
0*
0+
#4801
0#
0$
b11111111111111110011100110111011 &
1(
1-
b11111111111111110011100110111011 .
#4802
0(
1*
1+
#4803
1#
1$
b00000000000000010100111001000111 %
1(
0-
#4804
0(
0*
0+
#4805
0#
0$
b00000000000000010100111001000111 &
1(
1-
b00000000000000010100111001000111 .
#4806
0(
1*
#4807
1#
b00000000000000000000000011010011 %
1(
0-
#4808
0(
0*
#4809
0#
b00000000000000010100111100011010 &
1(
1-
b00000000000000010100111100011010 .
#4810
0(
1*
#4811
1#
b11111111111111111110100110001001 %
1(
0-
#4812
0(
0*
#4813
0#
b00000000000000010011100010100011 &
1(
1-
b00000000000000010011100010100011 .
#4814
0(
1*
#4815
1#
b11111111111111111110100001011010 %
1(
0-
#4816
0(
0*
#4817
0#
b00000000000000010010000011111101 &
1(
1-
b00000000000000010010000011111101 .
#4818
0(
1*
#4819
1#
b11111111111111110111010100010000 %
1(
0-
#4820
0(
0*
#4821
0#
b00000000000000001001011000001101 &
1(
1-
b00000000000000001001011000001101 .
#4822
0(
1*
#4823
1#
b11111111111111110100011000101111 %
1(
0-
#4824
0(
0*
#4825
0#
b11111111111111111101110000111100 &
1(
1-
b11111111111111111101110000111100 .
#4826
0(
1*
1+
#4827
1#
1$
b11111111111111101100101010110111 %
1(
0-
#4828
0(
0*
0+
#4829
0#
0$
b11111111111111101100101010110111 &
1(
1-
b11111111111111101100101010110111 .
#4830
0(
1*
1+
#4831
1#
1$
b11111111111111011100010100001001 %
1(
0-
#4832
0(
0*
0+
#4833
0#
0$
b11111111111111011100010100001001 &
1(
1-
b11111111111111011100010100001001 .
#4834
0(
1*
#4835
1#
b00000000000000000111110011011101 %
1(
0-
#4836
0(
0*
#4837
0#
b11111111111111100100000111100110 &
1(
1-
b11111111111111100100000111100110 .
#4838
0(
1*
#4839
1#
b11111111111111110001110000000011 %
1(
0-
#4840
0(
0*
#4841
0#
b11111111111111010101110111101001 &
1(
1-
b11111111111111010101110111101001 .
#4842
0(
1*
#4843
1#
b00000000000000000011100101110101 %
1(
0-
#4844
0(
0*
#4845
0#
b11111111111111011001011101011110 &
1(
1-
b11111111111111011001011101011110 .
#4846
0(
1*
#4847
1#
b11111111111111111110101110100110 %
1(
0-
#4848
0(
0*
#4849
0#
b11111111111111011000001100000100 &
1(
1-
b11111111111111011000001100000100 .
#4850
0(
1*
#4851
1#
b00000000000000000100011111100101 %
1(
0-
#4852
0(
0*
#4853
0#
b11111111111111011100101011101001 &
1(
1-
b11111111111111011100101011101001 .
#4854
0(
1*
#4855
1#
b11111111111111111000011010011110 %
1(
0-
#4856
0(
0*
#4857
0#
b11111111111111010101000110000111 &
1(
1-
b11111111111111010101000110000111 .
#4858
0(
1*
#4859
1#
b11111111111111111111111101010001 %
1(
0-
#4860
0(
0*
#4861
0#
b11111111111111010101000011011000 &
1(
1-
b11111111111111010101000011011000 .
#4862
0(
1*
#4863
1#
b11111111111111111010000111011100 %
1(
0-
#4864
0(
0*
#4865
0#
b11111111111111001111001010110100 &
1(
1-
b11111111111111001111001010110100 .
#4866
0(
1*
1+
#4867
1#
1$
b11111111111111101100001011110000 %
1(
0-
#4868
0(
0*
0+
#4869
0#
0$
b11111111111111101100001011110000 &
1(
1-
b11111111111111101100001011110000 .
#4870
0(
1*
1+
#4871
1#
1$
b11111111111111111000100010010100 %
1(
0-
#4872
0(
0*
0+
#4873
0#
0$
b11111111111111111000100010010100 &
1(
1-
b11111111111111111000100010010100 .
#4874
0(
1*
#4875
1#
b00000000000000001000000101100010 %
1(
0-
#4876
0(
0*
#4877
0#
b00000000000000000000100111110110 &
1(
1-
b00000000000000000000100111110110 .
#4878
0(
1*
1+
#4879
1#
1$
b00000000000000110001110011110010 %
1(
0-
#4880
0(
0*
0+
#4881
0#
0$
b00000000000000110001110011110010 &
1(
1-
b00000000000000110001110011110010 .
#4882
0(
1*
#4883
1#
b11111111111111110010110010011001 %
1(
0-
#4884
0(
0*
#4885
0#
b00000000000000100100100110001011 &
1(
1-
b00000000000000100100100110001011 .
#4886
0(
1*
1+
#4887
1#
1$
b00000000000000001111010110111000 %
1(
0-
#4888
0(
0*
0+
#4889
0#
0$
b00000000000000001111010110111000 &
1(
1-
b00000000000000001111010110111000 .
#4890
0(
1*
#4891
1#
b00000000000000000110011111001111 %
1(
0-
#4892
0(
0*
#4893
0#
b00000000000000010101110110000111 &
1(
1-
b00000000000000010101110110000111 .
#4894
0(
1*
#4895
1#
b11111111111111101111101111100010 %
1(
0-
#4896
0(
0*
#4897
0#
b00000000000000000101100101101001 &
1(
1-
b00000000000000000101100101101001 .
#4898
0(
1*
1+
#4899
1#
1$
b11111111111111110101000000000000 %
1(
0-
#4900
0(
0*
0+
#4901
0#
0$
b11111111111111110101000000000000 &
1(
1-
b11111111111111110101000000000000 .
#4902
0(
1*
#4903
1#
b00000000000000000101000111010110 %
1(
0-
#4904
0(
0*
#4905
0#
b11111111111111111010000111010110 &
1(
1-
b11111111111111111010000111010110 .
#4906
0(
1*
1+
#4907
1#
1$
b11111111111111110011011000001100 %
1(
0-
#4908
0(
0*
0+
#4909
0#
0$
b11111111111111110011011000001100 &
1(
1-
b11111111111111110011011000001100 .
#4910
0(
1*
#4911
1#
b00000000000000001100100000111011 %
1(
0-
#4912
0(
0*
#4913
0#
b11111111111111111111111001000111 &
1(
1-
b11111111111111111111111001000111 .
#4914
0(
1*
#4915
1#
b00000000000000000000100010100100 %
1(
0-
#4916
0(
0*
#4917
0#
b00000000000000000000011011101011 &
1(
1-
b00000000000000000000011011101011 .
#4918
0(
1*
1+
#4919
1#
1$
b00000000000000010100001110100000 %
1(
0-
#4920
0(
0*
0+
#4921
0#
0$
b00000000000000010100001110100000 &
1(
1-
b00000000000000010100001110100000 .
#4922
0(
1*
1+
#4923
1#
1$
b00000000000000001000011110111111 %
1(
0-
#4924
0(
0*
0+
#4925
0#
0$
b00000000000000001000011110111111 &
1(
1-
b00000000000000001000011110111111 .
#4926
0(
1*
#4927
1#
b11111111111111111101100110001000 %
1(
0-
#4928
0(
0*
#4929
0#
b00000000000000000110000101000111 &
1(
1-
b00000000000000000110000101000111 .
#4930
0(
1*
#4931
1#
b11111111111111111100011001111011 %
1(
0-
#4932
0(
0*
#4933
0#
b00000000000000000010011111000010 &
1(
1-
b00000000000000000010011111000010 .
#4934
0(
1*
#4935
1#
b00000000000000000001100100101010 %
1(
0-
#4936
0(
0*
#4937
0#
b00000000000000000100000011101100 &
1(
1-
b00000000000000000100000011101100 .
#4938
0(
1*
#4939
1#
b11111111111111100011000001011111 %
1(
0-
#4940
0(
0*
#4941
0#
b11111111111111100111000101001011 &
1(
1-
b11111111111111100111000101001011 .
#4942
0(
1*
#4943
1#
b00000000000000010110110100000001 %
1(
0-
#4944
0(
0*
#4945
0#
b11111111111111111101111001001100 &
1(
1-
b11111111111111111101111001001100 .
#4946
0(
1*
#4947
1#
b00000000000000000001100110011001 %
1(
0-
#4948
0(
0*
#4949
0#
b11111111111111111111011111100101 &
1(
1-
b11111111111111111111011111100101 .
#4950
0(
1*
1+
#4951
1#
1$
b11111111111111110100111111010011 %
1(
0-
#4952
0(
0*
0+
#4953
0#
0$
b11111111111111110100111111010011 &
1(
1-
b11111111111111110100111111010011 .
#4954
0(
1*
1+
#4955
1#
1$
b00000000000000001000110110000100 %
1(
0-
#4956
0(
0*
0+
#4957
0#
0$
b00000000000000001000110110000100 &
1(
1-
b00000000000000001000110110000100 .
#4958
0(
1*
#4959
1#
b00000000000000001100101011111010 %
1(
0-
#4960
0(
0*
#4961
0#
b00000000000000010101100001111110 &
1(
1-
b00000000000000010101100001111110 .
#4962
0(
1*
#4963
1#
b00000000000000000111001000001000 %
1(
0-
#4964
0(
0*
#4965
0#
b00000000000000011100101010000110 &
1(
1-
b00000000000000011100101010000110 .
#4966
0(
1*
#4967
1#
b00000000000000000110010011001000 %
1(
0-
#4968
0(
0*
#4969
0#
b00000000000000100010111101001110 &
1(
1-
b00000000000000100010111101001110 .
#4970
0(
1*
1+
#4971
1#
1$
b11111111111111111111110000100110 %
1(
0-
#4972
0(
0*
0+
#4973
0#
0$
b11111111111111111111110000100110 &
1(
1-
b11111111111111111111110000100110 .
#4974
0(
1*
#4975
1#
b00000000000000000100000100110000 %
1(
0-
#4976
0(
0*
#4977
0#
b00000000000000000011110101010110 &
1(
1-
b00000000000000000011110101010110 .
#4978
0(
1*
1+
#4979
1#
1$
b00000000000000100111010000100001 %
1(
0-
#4980
0(
0*
0+
#4981
0#
0$
b00000000000000100111010000100001 &
1(
1-
b00000000000000100111010000100001 .
#4982
0(
1*
#4983
1#
b00000000000000010011000010100011 %
1(
0-
#4984
0(
0*
#4985
0#
b00000000000000111010010011000100 &
1(
1-
b00000000000000111010010011000100 .
#4986
0(
1*
#4987
1#
b11111111111111011110000110010100 %
1(
0-
#4988
0(
0*
#4989
0#
b00000000000000011000011001011000 &
1(
1-
b00000000000000011000011001011000 .
#4990
0(
1*
1+
#4991
1#
1$
b11111111111111110101011110100001 %
1(
0-
#4992
0(
0*
0+
#4993
0#
0$
b11111111111111110101011110100001 &
1(
1-
b11111111111111110101011110100001 .
#4994
0(
1*
#4995
1#
b11111111111111111110101001001011 %
1(
0-
#4996
0(
0*
#4997
0#
b11111111111111110100000111101100 &
1(
1-
b11111111111111110100000111101100 .
#4998
0(
1*
#4999
1#
b00000000000000000111111000100110 %
1(
0-
#5000
0(
0*
#5001
0#
b11111111111111111100000000010010 &
1(
1-
b11111111111111111100000000010010 .
#5002
0(
1*
#5003
1#
b11111111111111111001111100111111 %
1(
0-
#5004
0(
0*
#5005
0#
b11111111111111110101111101010001 &
1(
1-
b11111111111111110101111101010001 .
#5006
0(
1*
1+
#5007
1#
1$
b11111111111111101011111001001111 %
1(
0-
#5008
0(
0*
0+
#5009
0#
0$
b11111111111111101011111001001111 &
1(
1-
b11111111111111101011111001001111 .
#5010
0(
1*
#5011
1#
b11111111111111111101111011001111 %
1(
0-
#5012
0(
0*
#5013
0#
b11111111111111101001110100011110 &
1(
1-
b11111111111111101001110100011110 .
#5014
0(
1*
#5015
1#
b00000000000000001000101101001100 %
1(
0-
#5016
0(
0*
#5017
0#
b11111111111111110010100001101010 &
1(
1-
b11111111111111110010100001101010 .
#5018
0(
1*
#5019
1#
b00000000000000000110010000110101 %
1(
0-
#5020
0(
0*
#5021
0#
b11111111111111111000110010011111 &
1(
1-
b11111111111111111000110010011111 .
#5022
0(
1*
1+
#5023
1#
1$
b00000000000000000101010111011000 %
1(
0-
#5024
0(
0*
0+
#5025
0#
0$
b00000000000000000101010111011000 &
1(
1-
b00000000000000000101010111011000 .
#5026
0(
1*
#5027
1#
b00000000000000010000100111101101 %
1(
0-
#5028
0(
0*
#5029
0#
b00000000000000010101111111000101 &
1(
1-
b00000000000000010101111111000101 .
#5030
0(
1*
1+
#5031
1#
1$
b00000000000000001111110010101001 %
1(
0-
#5032
0(
0*
0+
#5033
0#
0$
b00000000000000001111110010101001 &
1(
1-
b00000000000000001111110010101001 .
#5034
0(
1*
#5035
1#
b00000000000000010111111010000110 %
1(
0-
#5036
0(
0*
#5037
0#
b00000000000000100111101100101111 &
1(
1-
b00000000000000100111101100101111 .
#5038
0(
1*
#5039
1#
b00000000000000010000010111000101 %
1(
0-
#5040
0(
0*
#5041
0#
b00000000000000111000000011110100 &
1(
1-
b00000000000000111000000011110100 .
#5042
0(
1*
1+
#5043
1#
1$
b11111111111111111001011000010111 %
1(
0-
#5044
0(
0*
0+
#5045
0#
0$
b11111111111111111001011000010111 &
1(
1-
b11111111111111111001011000010111 .
#5046
0(
1*
1+
#5047
1#
1$
b00000000000000001101100100101111 %
1(
0-
#5048
0(
0*
0+
#5049
0#
0$
b00000000000000001101100100101111 &
1(
1-
b00000000000000001101100100101111 .
#5050
0(
1*
#5051
1#
b11111111111111110011101111110011 %
1(
0-
#5052
0(
0*
#5053
0#
b00000000000000000001010100100010 &
1(
1-
b00000000000000000001010100100010 .
#5054
0(
1*
#5055
1#
b11111111111111111110000001110000 %
1(
0-
#5056
0(
0*
#5057
0#
b11111111111111111111010110010010 &
1(
1-
b11111111111111111111010110010010 .
#5058
0(
1*
#5059
1#
b11111111111111101111010101101000 %
1(
0-
#5060
0(
0*
#5061
0#
b11111111111111101110101011111010 &
1(
1-
b11111111111111101110101011111010 .
#5062
0(
1*
1+
#5063
1#
1$
b00000000000000000010000101010011 %
1(
0-
#5064
0(
0*
0+
#5065
0#
0$
b00000000000000000010000101010011 &
1(
1-
b00000000000000000010000101010011 .
#5066
0(
1*
#5067
1#
b11111111111111111010110111001101 %
1(
0-
#5068
0(
0*
#5069
0#
b11111111111111111100111100100000 &
1(
1-
b11111111111111111100111100100000 .
#5070
0(
1*
1+
#5071
1#
1$
b00000000000000000001000001101100 %
1(
0-
#5072
0(
0*
0+
#5073
0#
0$
b00000000000000000001000001101100 &
1(
1-
b00000000000000000001000001101100 .
#5074
0(
1*
#5075
1#
b11111111111111110101001101000100 %
1(
0-
#5076
0(
0*
#5077
0#
b11111111111111110110001110110000 &
1(
1-
b11111111111111110110001110110000 .
#5078
0(
1*
#5079
1#
b11111111111111110110011000111111 %
1(
0-
#5080
0(
0*
#5081
0#
b11111111111111101100100111101111 &
1(
1-
b11111111111111101100100111101111 .
#5082
0(
1*
1+
#5083
1#
1$
b11111111111111110101001000011011 %
1(
0-
#5084
0(
0*
0+
#5085
0#
0$
b11111111111111110101001000011011 &
1(
1-
b11111111111111110101001000011011 .
#5086
0(
1*
#5087
1#
b11111111111111011010101101001101 %
1(
0-
#5088
0(
0*
#5089
0#
b11111111111111001111110101101000 &
1(
1-
b11111111111111001111110101101000 .
#5090
0(
1*
#5091
1#
b00000000000000010101110110100111 %
1(
0-
#5092
0(
0*
#5093
0#
b11111111111111100101101100001111 &
1(
1-
b11111111111111100101101100001111 .
#5094
0(
1*
#5095
1#
b11111111111111100101101110000100 %
1(
0-
#5096
0(
0*
#5097
0#
b11111111111111001011011010010011 &
1(
1-
b11111111111111001011011010010011 .
#5098
0(
1*
#5099
1#
b00000000000000010101010001111110 %
1(
0-
#5100
0(
0*
#5101
0#
b11111111111111100000101100010001 &
1(
1-
b11111111111111100000101100010001 .
#5102
0(
1*
1+
#5103
1#
1$
b00000000000000001111111000010101 %
1(
0-
#5104
0(
0*
0+
#5105
0#
0$
b00000000000000001111111000010101 &
1(
1-
b00000000000000001111111000010101 .
#5106
0(
1*
#5107
1#
b00000000000000000101101000110001 %
1(
0-
#5108
0(
0*
#5109
0#
b00000000000000010101100001000110 &
1(
1-
b00000000000000010101100001000110 .
#5110
0(
1*
#5111
1#
b00000000000000001001110011110010 %
1(
0-
#5112
0(
0*
#5113
0#
b00000000000000011111010100111000 &
1(
1-
b00000000000000011111010100111000 .
#5114
0(
1*
#5115
1#
b11111111111111101100110010110110 %
1(
0-
#5116
0(
0*
#5117
0#
b00000000000000001100000111101110 &
1(
1-
b00000000000000001100000111101110 .
#5118
0(
1*
1+
#5119
1#
1$
b11111111111111100011001100001010 %
1(
0-
#5120
0(
0*
0+
#5121
0#
0$
b11111111111111100011001100001010 &
1(
1-
b11111111111111100011001100001010 .
#5122
0(
1*
#5123
1#
b11111111111111100011000001110000 %
1(
0-
#5124
0(
0*
#5125
0#
b11111111111111000110001101111010 &
1(
1-
b11111111111111000110001101111010 .
#5126
0(
1*
1+
#5127
1#
1$
b00000000000000001111011111110000 %
1(
0-
#5128
0(
0*
0+
#5129
0#
0$
b00000000000000001111011111110000 &
1(
1-
b00000000000000001111011111110000 .
#5130
0(
1*
1+
#5131
1#
1$
b00000000000000000011110011101010 %
1(
0-
#5132
0(
0*
0+
#5133
0#
0$
b00000000000000000011110011101010 &
1(
1-
b00000000000000000011110011101010 .
#5134
0(
1*
#5135
1#
b11111111111111011110000100000001 %
1(
0-
#5136
0(
0*
#5137
0#
b11111111111111100001110111101011 &
1(
1-
b11111111111111100001110111101011 .
#5138
0(
1*
#5139
1#
b11111111111111111010111010011111 %
1(
0-
#5140
0(
0*
#5141
0#
b11111111111111011100110010001010 &
1(
1-
b11111111111111011100110010001010 .
#5142
0(
1*
1+
#5143
1#
1$
b11111111111111101101100100111011 %
1(
0-
#5144
0(
0*
0+
#5145
0#
0$
b11111111111111101101100100111011 &
1(
1-
b11111111111111101101100100111011 .
#5146
0(
1*
#5147
1#
b00000000000000011011110100100001 %
1(
0-
#5148
0(
0*
#5149
0#
b00000000000000001001011001011100 &
1(
1-
b00000000000000001001011001011100 .
#5150
0(
1*
#5151
1#
b00000000000000010011101000100111 %
1(
0-
#5152
0(
0*
#5153
0#
b00000000000000011101000010000011 &
1(
1-
b00000000000000011101000010000011 .
#5154
0(
1*
1+
#5155
1#
1$
b00000000000000011111100100001111 %
1(
0-
#5156
0(
0*
0+
#5157
0#
0$
b00000000000000011111100100001111 &
1(
1-
b00000000000000011111100100001111 .
#5158
0(
1*
#5159
1#
b11111111111111101111101111111111 %
1(
0-
#5160
0(
0*
#5161
0#
b00000000000000001111010100001110 &
1(
1-
b00000000000000001111010100001110 .
#5162
0(
1*
1+
#5163
1#
1$
b11111111111111111100010100100010 %
1(
0-
#5164
0(
0*
0+
#5165
0#
0$
b11111111111111111100010100100010 &
1(
1-
b11111111111111111100010100100010 .
#5166
0(
1*
#5167
1#
b00000000000000001010000001110000 %
1(
0-
#5168
0(
0*
#5169
0#
b00000000000000000110010110010010 &
1(
1-
b00000000000000000110010110010010 .
#5170
0(
1*
#5171
1#
b00000000000000000000100000111000 %
1(
0-
#5172
0(
0*
#5173
0#
b00000000000000000110110111001010 &
1(
1-
b00000000000000000110110111001010 .
#5174
0(
1*
#5175
1#
b00000000000000011111011000111101 %
1(
0-
#5176
0(
0*
#5177
0#
b00000000000000100110010000000111 &
1(
1-
b00000000000000100110010000000111 .
#5178
0(
1*
1+
#5179
1#
1$
b11111111111111100100111101110000 %
1(
0-
#5180
0(
0*
0+
#5181
0#
0$
b11111111111111100100111101110000 &
1(
1-
b11111111111111100100111101110000 .
#5182
0(
1*
1+
#5183
1#
1$
b11111111111111111111111101111100 %
1(
0-
#5184
0(
0*
0+
#5185
0#
0$
b11111111111111111111111101111100 &
1(
1-
b11111111111111111111111101111100 .
#5186
0(
1*
#5187
1#
b00000000000000010011100011011111 %
1(
0-
#5188
0(
0*
#5189
0#
b00000000000000010011100001011011 &
1(
1-
b00000000000000010011100001011011 .
#5190
0(
1*
1+
#5191
1#
1$
b11111111111111101100001100001111 %
1(
0-
#5192
0(
0*
0+
#5193
0#
0$
b11111111111111101100001100001111 &
1(
1-
b11111111111111101100001100001111 .
#5194
0(
1*
#5195
1#
b00000000000000000110010100010111 %
1(
0-
#5196
0(
0*
#5197
0#
b11111111111111110010100000100110 &
1(
1-
b11111111111111110010100000100110 .
#5198
0(
1*
#5199
1#
b00000000000000001011001101010100 %
1(
0-
#5200
0(
0*
#5201
0#
b11111111111111111101101101111010 &
1(
1-
b11111111111111111101101101111010 .
#5202
0(
1*
1+
#5203
1#
1$
b00000000000000000011100100010110 %
1(
0-
#5204
0(
0*
0+
#5205
0#
0$
b00000000000000000011100100010110 &
1(
1-
b00000000000000000011100100010110 .
#5206
0(
1*
1+
#5207
1#
1$
b11111111111111111011100010111110 %
1(
0-
#5208
0(
0*
0+
#5209
0#
0$
b11111111111111111011100010111110 &
1(
1-
b11111111111111111011100010111110 .
#5210
0(
1*
#5211
1#
b00000000000000001010111111011111 %
1(
0-
#5212
0(
0*
#5213
0#
b00000000000000000110100010011101 &
1(
1-
b00000000000000000110100010011101 .
#5214
0(
1*
#5215
1#
b00000000000000001000110110111111 %
1(
0-
#5216
0(
0*
#5217
0#
b00000000000000001111011001011100 &
1(
1-
b00000000000000001111011001011100 .
#5218
0(
1*
#5219
1#
b11111111111111111100011010101001 %
1(
0-
#5220
0(
0*
#5221
0#
b00000000000000001011110100000101 &
1(
1-
b00000000000000001011110100000101 .
#5222
0(
1*
#5223
1#
b11111111111111111111110011111111 %
1(
0-
#5224
0(
0*
#5225
0#
b00000000000000001011101000000100 &
1(
1-
b00000000000000001011101000000100 .
#5226
0(
1*
#5227
1#
b00000000000000000010101000001101 %
1(
0-
#5228
0(
0*
#5229
0#
b00000000000000001110010000010001 &
1(
1-
b00000000000000001110010000010001 .
#5230
0(
1*
#5231
1#
b00000000000000001111110111010011 %
1(
0-
#5232
0(
0*
#5233
0#
b00000000000000011110000111100100 &
1(
1-
b00000000000000011110000111100100 .
#5234
0(
1*
#5235
1#
b11111111111111110110001000011100 %
1(
0-
#5236
0(
0*
#5237
0#
b00000000000000010100010000000000 &
1(
1-
b00000000000000010100010000000000 .
#5238
0(
1*
#5239
1#
b00000000000000001011101000001110 %
1(
0-
#5240
0(
0*
#5241
0#
b00000000000000011111111000001110 &
1(
1-
b00000000000000011111111000001110 .
#5242
0(
1*
#5243
1#
b11111111111111100101100001011100 %
1(
0-
#5244
0(
0*
#5245
0#
b00000000000000000101011001101010 &
1(
1-
b00000000000000000101011001101010 .
#5246
0(
1*
1+
#5247
1#
1$
b11111111111111101011101000110101 %
1(
0-
#5248
0(
0*
0+
#5249
0#
0$
b11111111111111101011101000110101 &
1(
1-
b11111111111111101011101000110101 .
#5250
0(
1*
#5251
1#
b11111111111111111010110001101101 %
1(
0-
#5252
0(
0*
#5253
0#
b11111111111111100110011010100010 &
1(
1-
b11111111111111100110011010100010 .
#5254
0(
1*
1+
#5255
1#
1$
b00000000000000010001110100001001 %
1(
0-
#5256
0(
0*
0+
#5257
0#
0$
b00000000000000010001110100001001 &
1(
1-
b00000000000000010001110100001001 .
#5258
0(
1*
#5259
1#
b11111111111111110100100101000100 %
1(
0-
#5260
0(
0*
#5261
0#
b00000000000000000110011001001101 &
1(
1-
b00000000000000000110011001001101 .
#5262
0(
1*
1+
#5263
1#
1$
b11111111111111111001110000101100 %
1(
0-
#5264
0(
0*
0+
#5265
0#
0$
b11111111111111111001110000101100 &
1(
1-
b11111111111111111001110000101100 .
#5266
0(
1*
#5267
1#
b11111111111111111101100000100010 %
1(
0-
#5268
0(
0*
#5269
0#
b11111111111111110111010001001110 &
1(
1-
b11111111111111110111010001001110 .
#5270
0(
1*
#5271
1#
b00000000000000001000110010110111 %
1(
0-
#5272
0(
0*
#5273
0#
b00000000000000000000000100000101 &
1(
1-
b00000000000000000000000100000101 .
#5274
0(
1*
#5275
1#
b00000000000000011011100001100110 %
1(
0-
#5276
0(
0*
#5277
0#
b00000000000000011011100101101011 &
1(
1-
b00000000000000011011100101101011 .
#5278
0(
1*
1+
#5279
1#
1$
b00000000000000000101101110010100 %
1(
0-
#5280
0(
0*
0+
#5281
0#
0$
b00000000000000000101101110010100 &
1(
1-
b00000000000000000101101110010100 .
#5282
0(
1*
#5283
1#
b00000000000000011111101000000110 %
1(
0-
#5284
0(
0*
#5285
0#
b00000000000000100101010110011010 &
1(
1-
b00000000000000100101010110011010 .
#5286
0(
1*
#5287
1#
b00000000000000010011110010001100 %
1(
0-
#5288
0(
0*
#5289
0#
b00000000000000111001001000100110 &
1(
1-
b00000000000000111001001000100110 .
#5290
0(
1*
#5291
1#
b00000000000000001011111010000001 %
1(
0-
#5292
0(
0*
#5293
0#
b00000000000001000101000010100111 &
1(
1-
b00000000000001000101000010100111 .
#5294
0(
1*
#5295
1#
b00000000000000010011100011010110 %
1(
0-
#5296
0(
0*
#5297
0#
b00000000000001011000100101111101 &
1(
1-
b00000000000001011000100101111101 .
#5298
0(
1*
#5299
1#
b11111111111111111000100110101110 %
1(
0-
#5300
0(
0*
#5301
0#
b00000000000001010001001100101011 &
1(
1-
b00000000000001010001001100101011 .
#5302
0(
1*
#5303
1#
b11111111111111111011001111101100 %
1(
0-
#5304
0(
0*
#5305
0#
b00000000000001001100011100010111 &
1(
1-
b00000000000001001100011100010111 .
#5306
0(
1*
#5307
1#
b00000000000000000111110001000101 %
1(
0-
#5308
0(
0*
#5309
0#
b00000000000001010100001101011100 &
1(
1-
b00000000000001010100001101011100 .
#5310
0(
1*
#5311
1#
b00000000000000000110111100100001 %
1(
0-
#5312
0(
0*
#5313
0#
b00000000000001011011001001111101 &
1(
1-
b00000000000001011011001001111101 .
#5314
0(
1*
1+
#5315
1#
1$
b11111111111111110100001110111100 %
1(
0-
#5316
0(
0*
0+
#5317
0#
0$
b11111111111111110100001110111100 &
1(
1-
b11111111111111110100001110111100 .
#5318
0(
1*
#5319
1#
b11111111111111111010110010001110 %
1(
0-
#5320
0(
0*
#5321
0#
b11111111111111101111000001001010 &
1(
1-
b11111111111111101111000001001010 .
#5322
0(
1*
#5323
1#
b00000000000000001111000000000100 %
1(
0-
#5324
0(
0*
#5325
0#
b11111111111111111110000001001110 &
1(
1-
b11111111111111111110000001001110 .
#5326
0(
1*
#5327
1#
b11111111111111111011110010100111 %
1(
0-
#5328
0(
0*
#5329
0#
b11111111111111111001110011110101 &
1(
1-
b11111111111111111001110011110101 .
#5330
0(
1*
1+
#5331
1#
1$
b00000000000000011011001011010101 %
1(
0-
#5332
0(
0*
0+
#5333
0#
0$
b00000000000000011011001011010101 &
1(
1-
b00000000000000011011001011010101 .
#5334
0(
1*
#5335
1#
b00000000000000011111000000001101 %
1(
0-
#5336
0(
0*
#5337
0#
b00000000000000111010001011100010 &
1(
1-
b00000000000000111010001011100010 .
#5338
0(
1*
#5339
1#
b11111111111111010011111110011101 %
1(
0-
#5340
0(
0*
#5341
0#
b00000000000000001110001001111111 &
1(
1-
b00000000000000001110001001111111 .
#5342
0(
1*
#5343
1#
b00000000000000000011110110100101 %
1(
0-
#5344
0(
0*
#5345
0#
b00000000000000010010000000100100 &
1(
1-
b00000000000000010010000000100100 .
#5346
0(
1*
#5347
1#
b11111111111111110011010000111000 %
1(
0-
#5348
0(
0*
#5349
0#
b00000000000000000101010001011100 &
1(
1-
b00000000000000000101010001011100 .
#5350
0(
1*
1+
#5351
1#
1$
b00000000000000001101100101101011 %
1(
0-
#5352
0(
0*
0+
#5353
0#
0$
b00000000000000001101100101101011 &
1(
1-
b00000000000000001101100101101011 .
#5354
0(
1*
#5355
1#
b00000000000000001001010110111111 %
1(
0-
#5356
0(
0*
#5357
0#
b00000000000000010110111100101010 &
1(
1-
b00000000000000010110111100101010 .
#5358
0(
1*
#5359
1#
b11111111111111011010000000111011 %
1(
0-
#5360
0(
0*
#5361
0#
b11111111111111110000111101100101 &
1(
1-
b11111111111111110000111101100101 .
#5362
0(
1*
#5363
1#
b00000000000000000111001001100100 %
1(
0-
#5364
0(
0*
#5365
0#
b11111111111111111000000111001001 &
1(
1-
b11111111111111111000000111001001 .
#5366
0(
1*
1+
#5367
1#
1$
b00000000000000010011001100100100 %
1(
0-
#5368
0(
0*
0+
#5369
0#
0$
b00000000000000010011001100100100 &
1(
1-
b00000000000000010011001100100100 .
#5370
0(
1*
#5371
1#
b11111111111111111010110001000010 %
1(
0-
#5372
0(
0*
#5373
0#
b00000000000000001101111101100110 &
1(
1-
b00000000000000001101111101100110 .
#5374
0(
1*
#5375
1#
b00000000000000010010000010110011 %
1(
0-
#5376
0(
0*
#5377
0#
b00000000000000100000000000011001 &
1(
1-
b00000000000000100000000000011001 .
#5378
0(
1*
1+
#5379
1#
1$
b00000000000000010100101101011100 %
1(
0-
#5380
0(
0*
0+
#5381
0#
0$
b00000000000000010100101101011100 &
1(
1-
b00000000000000010100101101011100 .
#5382
0(
1*
#5383
1#
b00000000000000001101000101111101 %
1(
0-
#5384
0(
0*
#5385
0#
b00000000000000100001110011011001 &
1(
1-
b00000000000000100001110011011001 .
#5386
0(
1*
#5387
1#
b00000000000000101101100101111111 %
1(
0-
#5388
0(
0*
#5389
0#
b00000000000001001111011001011000 &
1(
1-
b00000000000001001111011001011000 .
#5390
0(
1*
#5391
1#
b00000000000000001010010001110101 %
1(
0-
#5392
0(
0*
#5393
0#
b00000000000001011001101011001101 &
1(
1-
b00000000000001011001101011001101 .
#5394
0(
1*
#5395
1#
b11111111111111100111100010101111 %
1(
0-
#5396
0(
0*
#5397
0#
b00000000000001000001001101111100 &
1(
1-
b00000000000001000001001101111100 .
#5398
0(
1*
#5399
1#
b00000000000000001000110100000001 %
1(
0-
#5400
0(
0*
#5401
0#
b00000000000001001010000001111101 &
1(
1-
b00000000000001001010000001111101 .
#5402
0(
1*
1+
#5403
1#
1$
b11111111111111110010110010000101 %
1(
0-
#5404
0(
0*
0+
#5405
0#
0$
b11111111111111110010110010000101 &
1(
1-
b11111111111111110010110010000101 .
#5406
0(
1*
#5407
1#
b00000000000000000010011100010100 %
1(
0-
#5408
0(
0*
#5409
0#
b11111111111111110101001110011001 &
1(
1-
b11111111111111110101001110011001 .
#5410
0(
1*
#5411
1#
b00000000000000001000011100011010 %
1(
0-
#5412
0(
0*
#5413
0#
b11111111111111111101101010110011 &
1(
1-
b11111111111111111101101010110011 .
#5414
0(
1*
1+
#5415
1#
1$
b00000000000000000001111111101010 %
1(
0-
#5416
0(
0*
0+
#5417
0#
0$
b00000000000000000001111111101010 &
1(
1-
b00000000000000000001111111101010 .
#5418
0(
1*
#5419
1#
b11111111111111111110110111111011 %
1(
0-
#5420
0(
0*
#5421
0#
b00000000000000000000110111100101 &
1(
1-
b00000000000000000000110111100101 .
#5422
0(
1*
#5423
1#
b11111111111111111001000011000000 %
1(
0-
#5424
0(
0*
#5425
0#
b11111111111111111001111010100101 &
1(
1-
b11111111111111111001111010100101 .
#5426
0(
1*
1+
#5427
1#
1$
b00000000000000010001111001100101 %
1(
0-
#5428
0(
0*
0+
#5429
0#
0$
b00000000000000010001111001100101 &
1(
1-
b00000000000000010001111001100101 .
#5430
0(
1*
#5431
1#
b11111111111111111011000111111000 %
1(
0-
#5432
0(
0*
#5433
0#
b00000000000000001101000001011101 &
1(
1-
b00000000000000001101000001011101 .
#5434
0(
1*
#5435
1#
b11111111111111100000100000111111 %
1(
0-
#5436
0(
0*
#5437
0#
b11111111111111101101100010011100 &
1(
1-
b11111111111111101101100010011100 .
#5438
0(
1*
#5439
1#
b11111111111111111110000100110110 %
1(
0-
#5440
0(
0*
#5441
0#
b11111111111111101011100111010010 &
1(
1-
b11111111111111101011100111010010 .
#5442
0(
1*
#5443
1#
b00000000000000001011111000101010 %
1(
0-
#5444
0(
0*
#5445
0#
b11111111111111110111011111111100 &
1(
1-
b11111111111111110111011111111100 .
#5446
0(
1*
1+
#5447
1#
1$
b11111111111111111010111010011111 %
1(
0-
#5448
0(
0*
0+
#5449
0#
0$
b11111111111111111010111010011111 &
1(
1-
b11111111111111111010111010011111 .
#5450
0(
1*
1+
#5451
1#
1$
b00000000000000010001101100000001 %
1(
0-
#5452
0(
0*
0+
#5453
0#
0$
b00000000000000010001101100000001 &
1(
1-
b00000000000000010001101100000001 .
#5454
0(
1*
#5455
1#
b00000000000000000001011000111000 %
1(
0-
#5456
0(
0*
#5457
0#
b00000000000000010011000100111001 &
1(
1-
b00000000000000010011000100111001 .
#5458
0(
1*
#5459
1#
b00000000000000001011001111110101 %
1(
0-
#5460
0(
0*
#5461
0#
b00000000000000011110010100101110 &
1(
1-
b00000000000000011110010100101110 .
#5462
0(
1*
#5463
1#
b00000000000000001000011011100110 %
1(
0-
#5464
0(
0*
#5465
0#
b00000000000000100110110000010100 &
1(
1-
b00000000000000100110110000010100 .
#5466
0(
1*
#5467
1#
b11111111111111110010111110011110 %
1(
0-
#5468
0(
0*
#5469
0#
b00000000000000011001101110110010 &
1(
1-
b00000000000000011001101110110010 .
#5470
0(
1*
#5471
1#
b11111111111111110000011010001101 %
1(
0-
#5472
0(
0*
#5473
0#
b00000000000000001010001000111111 &
1(
1-
b00000000000000001010001000111111 .
#5474
0(
1*
#5475
1#
b11111111111111110110001011101101 %
1(
0-
#5476
0(
0*
#5477
0#
b00000000000000000000010100101100 &
1(
1-
b00000000000000000000010100101100 .
#5478
0(
1*
#5479
1#
b00000000000000001101100010011011 %
1(
0-
#5480
0(
0*
#5481
0#
b00000000000000001101110111000111 &
1(
1-
b00000000000000001101110111000111 .
#5482
0(
1*
#5483
1#
b11111111111111111011101011011000 %
1(
0-
#5484
0(
0*
#5485
0#
b00000000000000001001100010011111 &
1(
1-
b00000000000000001001100010011111 .
#5486
0(
1*
#5487
1#
b11111111111111101110101101000110 %
1(
0-
#5488
0(
0*
#5489
0#
b11111111111111111000001111100101 &
1(
1-
b11111111111111111000001111100101 .
#5490
0(
1*
#5491
1#
b11111111111111111001001000100010 %
1(
0-
#5492
0(
0*
#5493
0#
b11111111111111110001011000000111 &
1(
1-
b11111111111111110001011000000111 .
#5494
0(
1*
#5495
1#
b00000000000000010001000000111000 %
1(
0-
#5496
0(
0*
#5497
0#
b00000000000000000010011000111111 &
1(
1-
b00000000000000000010011000111111 .
#5498
0(
1*
1+
#5499
1#
1$
b00000000000000010111101101010101 %
1(
0-
#5500
0(
0*
0+
#5501
0#
0$
b00000000000000010111101101010101 &
1(
1-
b00000000000000010111101101010101 .
#5502
0(
1*
#5503
1#
b11111111111111111000101101111100 %
1(
0-
#5504
0(
0*
#5505
0#
b00000000000000010000011011010001 &
1(
1-
b00000000000000010000011011010001 .
#5506
0(
1*
1+
#5507
1#
1$
b00000000000000000111010111010101 %
1(
0-
#5508
0(
0*
0+
#5509
0#
0$
b00000000000000000111010111010101 &
1(
1-
b00000000000000000111010111010101 .
#5510
0(
1*
#5511
1#
b11111111111111111111010011100010 %
1(
0-
#5512
0(
0*
#5513
0#
b00000000000000000110101010110111 &
1(
1-
b00000000000000000110101010110111 .
#5514
0(
1*
#5515
1#
b00000000000000010001010100001101 %
1(
0-
#5516
0(
0*
#5517
0#
b00000000000000010111111111000100 &
1(
1-
b00000000000000010111111111000100 .
#5518
0(
1*
#5519
1#
b11111111111111111101100111101011 %
1(
0-
#5520
0(
0*
#5521
0#
b00000000000000010101100110101111 &
1(
1-
b00000000000000010101100110101111 .
#5522
0(
1*
1+
#5523
1#
1$
b00000000000000010000011111000001 %
1(
0-
#5524
0(
0*
0+
#5525
0#
0$
b00000000000000010000011111000001 &
1(
1-
b00000000000000010000011111000001 .
#5526
0(
1*
1+
#5527
1#
1$
b00000000000000011000100000101111 %
1(
0-
#5528
0(
0*
0+
#5529
0#
0$
b00000000000000011000100000101111 &
1(
1-
b00000000000000011000100000101111 .
#5530
0(
1*
#5531
1#
b11111111111111110111101000001110 %
1(
0-
#5532
0(
0*
#5533
0#
b00000000000000010000001000111101 &
1(
1-
b00000000000000010000001000111101 .
#5534
0(
1*
#5535
1#
b11111111111111110110111001111100 %
1(
0-
#5536
0(
0*
#5537
0#
b00000000000000000111000010111001 &
1(
1-
b00000000000000000111000010111001 .
#5538
0(
1*
#5539
1#
b00000000000000000010011001111101 %
1(
0-
#5540
0(
0*
#5541
0#
b00000000000000001001011100110110 &
1(
1-
b00000000000000001001011100110110 .
#5542
0(
1*
#5543
1#
b00000000000000010011011010010011 %
1(
0-
#5544
0(
0*
#5545
0#
b00000000000000011100110111001001 &
1(
1-
b00000000000000011100110111001001 .
#5546
0(
1*
#5547
1#
b11111111111111110111101010101011 %
1(
0-
#5548
0(
0*
#5549
0#
b00000000000000010100100001110100 &
1(
1-
b00000000000000010100100001110100 .
#5550
0(
1*
#5551
1#
b11111111111111101101101110101100 %
1(
0-
#5552
0(
0*
#5553
0#
b00000000000000000010010000100000 &
1(
1-
b00000000000000000010010000100000 .
#5554
0(
1*
1+
#5555
1#
1$
b00000000000000001111100011100011 %
1(
0-
#5556
0(
0*
0+
#5557
0#
0$
b00000000000000001111100011100011 &
1(
1-
b00000000000000001111100011100011 .
#5558
0(
1*
#5559
1#
b11111111111111111000001100110011 %
1(
0-
#5560
0(
0*
#5561
0#
b00000000000000000111110000010110 &
1(
1-
b00000000000000000111110000010110 .
#5562
0(
1*
1+
#5563
1#
1$
b00000000000000000000001101010000 %
1(
0-
#5564
0(
0*
0+
#5565
0#
0$
b00000000000000000000001101010000 &
1(
1-
b00000000000000000000001101010000 .
#5566
0(
1*
#5567
1#
b11111111111111110010110111011111 %
1(
0-
#5568
0(
0*
#5569
0#
b11111111111111110011000100101111 &
1(
1-
b11111111111111110011000100101111 .
#5570
0(
1*
1+
#5571
1#
1$
b00000000000000001001111000111001 %
1(
0-
#5572
0(
0*
0+
#5573
0#
0$
b00000000000000001001111000111001 &
1(
1-
b00000000000000001001111000111001 .
#5574
0(
1*
1+
#5575
1#
1$
b00000000000000000010111011000010 %
1(
0-
#5576
0(
0*
0+
#5577
0#
0$
b00000000000000000010111011000010 &
1(
1-
b00000000000000000010111011000010 .
#5578
0(
1*
#5579
1#
b00000000000000000011001111100010 %
1(
0-
#5580
0(
0*
#5581
0#
b00000000000000000110001010100100 &
1(
1-
b00000000000000000110001010100100 .
#5582
0(
1*
#5583
1#
b00000000000000000111111101100111 %
1(
0-
#5584
0(
0*
#5585
0#
b00000000000000001110001000001011 &
1(
1-
b00000000000000001110001000001011 .
#5586
0(
1*
#5587
1#
b00000000000000011110100001101101 %
1(
0-
#5588
0(
0*
#5589
0#
b00000000000000101100101001111000 &
1(
1-
b00000000000000101100101001111000 .
#5590
0(
1*
#5591
1#
b00000000000000010001001111000110 %
1(
0-
#5592
0(
0*
#5593
0#
b00000000000000111101111000111110 &
1(
1-
b00000000000000111101111000111110 .
#5594
0(
1*
#5595
1#
b11111111111111101110001111001111 %
1(
0-
#5596
0(
0*
#5597
0#
b00000000000000101100001000001101 &
1(
1-
b00000000000000101100001000001101 .
#5598
0(
1*
#5599
1#
b00000000000000000011100010111001 %
1(
0-
#5600
0(
0*
#5601
0#
b00000000000000101111101011000110 &
1(
1-
b00000000000000101111101011000110 .
#5602
0(
1*
1+
#5603
1#
1$
b11111111111111100100101011110110 %
1(
0-
#5604
0(
0*
0+
#5605
0#
0$
b11111111111111100100101011110110 &
1(
1-
b11111111111111100100101011110110 .
#5606
0(
1*
#5607
1#
b00000000000000000100100111101100 %
1(
0-
#5608
0(
0*
#5609
0#
b11111111111111101001010011100010 &
1(
1-
b11111111111111101001010011100010 .
#5610
0(
1*
1+
#5611
1#
1$
b00000000000000000111100000011100 %
1(
0-
#5612
0(
0*
0+
#5613
0#
0$
b00000000000000000111100000011100 &
1(
1-
b00000000000000000111100000011100 .
#5614
0(
1*
#5615
1#
b00000000000000001110011000001101 %
1(
0-
#5616
0(
0*
#5617
0#
b00000000000000010101111000101001 &
1(
1-
b00000000000000010101111000101001 .
#5618
0(
1*
#5619
1#
b11111111111111110111111000000011 %
1(
0-
#5620
0(
0*
#5621
0#
b00000000000000001101110000101100 &
1(
1-
b00000000000000001101110000101100 .
#5622
0(
1*
#5623
1#
b00000000000000000100110110000110 %
1(
0-
#5624
0(
0*
#5625
0#
b00000000000000010010100110110010 &
1(
1-
b00000000000000010010100110110010 .
#5626
0(
1*
#5627
1#
b11111111111111101001110101001010 %
1(
0-
#5628
0(
0*
#5629
0#
b11111111111111111100011011111100 &
1(
1-
b11111111111111111100011011111100 .
#5630
0(
1*
#5631
1#
b00000000000000001010011010100110 %
1(
0-
#5632
0(
0*
#5633
0#
b00000000000000000110110110100010 &
1(
1-
b00000000000000000110110110100010 .
#5634
0(
1*
1+
#5635
1#
1$
b11111111111111100110011001010000 %
1(
0-
#5636
0(
0*
0+
#5637
0#
0$
b11111111111111100110011001010000 &
1(
1-
b11111111111111100110011001010000 .
#5638
0(
1*
1+
#5639
1#
1$
b00000000000000010110110001010111 %
1(
0-
#5640
0(
0*
0+
#5641
0#
0$
b00000000000000010110110001010111 &
1(
1-
b00000000000000010110110001010111 .
#5642
0(
1*
#5643
1#
b00000000000000011011101101100101 %
1(
0-
#5644
0(
0*
#5645
0#
b00000000000000110010011110111100 &
1(
1-
b00000000000000110010011110111100 .
#5646
0(
1*
1+
#5647
1#
1$
b11111111111111111110100101001101 %
1(
0-
#5648
0(
0*
0+
#5649
0#
0$
b11111111111111111110100101001101 &
1(
1-
b11111111111111111110100101001101 .
#5650
0(
1*
#5651
1#
b00000000000000001010100111010000 %
1(
0-
#5652
0(
0*
#5653
0#
b00000000000000001001001100011101 &
1(
1-
b00000000000000001001001100011101 .
#5654
0(
1*
#5655
1#
b11111111111111100001000110101110 %
1(
0-
#5656
0(
0*
#5657
0#
b11111111111111101010010011001011 &
1(
1-
b11111111111111101010010011001011 .
#5658
0(
1*
#5659
1#
b00000000000000010100000010110111 %
1(
0-
#5660
0(
0*
#5661
0#
b11111111111111111110010110000010 &
1(
1-
b11111111111111111110010110000010 .
#5662
0(
1*
1+
#5663
1#
1$
b11111111111111100011101111100100 %
1(
0-
#5664
0(
0*
0+
#5665
0#
0$
b11111111111111100011101111100100 &
1(
1-
b11111111111111100011101111100100 .
#5666
0(
1*
1+
#5667
1#
1$
b00000000000000000011101010110010 %
1(
0-
#5668
0(
0*
0+
#5669
0#
0$
b00000000000000000011101010110010 &
1(
1-
b00000000000000000011101010110010 .
#5670
0(
1*
#5671
1#
b00000000000000010000111011110110 %
1(
0-
#5672
0(
0*
#5673
0#
b00000000000000010100100110101000 &
1(
1-
b00000000000000010100100110101000 .
#5674
0(
1*
#5675
1#
b00000000000000011001010101011000 %
1(
0-
#5676
0(
0*
#5677
0#
b00000000000000101101111100000000 &
1(
1-
b00000000000000101101111100000000 .
#5678
0(
1*
#5679
1#
b11111111111111110100111100011010 %
1(
0-
#5680
0(
0*
#5681
0#
b00000000000000100010111000011010 &
1(
1-
b00000000000000100010111000011010 .
#5682
0(
1*
#5683
1#
b11111111111111110101011010001000 %
1(
0-
#5684
0(
0*
#5685
0#
b00000000000000011000010010100010 &
1(
1-
b00000000000000011000010010100010 .
#5686
0(
1*
#5687
1#
b00000000000000001110010010001010 %
1(
0-
#5688
0(
0*
#5689
0#
b00000000000000100110100100101100 &
1(
1-
b00000000000000100110100100101100 .
#5690
0(
1*
#5691
1#
b11111111111111101101000110101111 %
1(
0-
#5692
0(
0*
#5693
0#
b00000000000000010011101011011011 &
1(
1-
b00000000000000010011101011011011 .
#5694
0(
1*
1+
#5695
1#
1$
b00000000000000000101001111100000 %
1(
0-
#5696
0(
0*
0+
#5697
0#
0$
b00000000000000000101001111100000 &
1(
1-
b00000000000000000101001111100000 .
#5698
0(
1*
#5699
1#
b11111111111111110011000011011001 %
1(
0-
#5700
0(
0*
#5701
0#
b11111111111111111000010010111001 &
1(
1-
b11111111111111111000010010111001 .
#5702
0(
1*
1+
#5703
1#
1$
b11111111111111111000110001001001 %
1(
0-
#5704
0(
0*
0+
#5705
0#
0$
b11111111111111111000110001001001 &
1(
1-
b11111111111111111000110001001001 .
#5706
0(
1*
1+
#5707
1#
1$
b11111111111111111010100100110001 %
1(
0-
#5708
0(
0*
0+
#5709
0#
0$
b11111111111111111010100100110001 &
1(
1-
b11111111111111111010100100110001 .
#5710
0(
1*
#5711
1#
b00000000000000000111100110101110 %
1(
0-
#5712
0(
0*
#5713
0#
b00000000000000000010001011011111 &
1(
1-
b00000000000000000010001011011111 .
#5714
0(
1*
#5715
1#
b11111111111111110011101110110000 %
1(
0-
#5716
0(
0*
#5717
0#
b11111111111111110101111010001111 &
1(
1-
b11111111111111110101111010001111 .
#5718
0(
1*
1+
#5719
1#
1$
b11111111111111111110110001101010 %
1(
0-
#5720
0(
0*
0+
#5721
0#
0$
b11111111111111111110110001101010 &
1(
1-
b11111111111111111110110001101010 .
#5722
0(
1*
#5723
1#
b11111111111111011101101011101100 %
1(
0-
#5724
0(
0*
#5725
0#
b11111111111111011100011101010110 &
1(
1-
b11111111111111011100011101010110 .
#5726
0(
1*
1+
#5727
1#
1$
b00000000000000001000110111101111 %
1(
0-
#5728
0(
0*
0+
#5729
0#
0$
b00000000000000001000110111101111 &
1(
1-
b00000000000000001000110111101111 .
#5730
0(
1*
#5731
1#
b11111111111111111000010101010110 %
1(
0-
#5732
0(
0*
#5733
0#
b00000000000000000001001101000101 &
1(
1-
b00000000000000000001001101000101 .
#5734
0(
1*
1+
#5735
1#
1$
b11111111111111111111110001001010 %
1(
0-
#5736
0(
0*
0+
#5737
0#
0$
b11111111111111111111110001001010 &
1(
1-
b11111111111111111111110001001010 .
#5738
0(
1*
#5739
1#
b11111111111111101001110000001000 %
1(
0-
#5740
0(
0*
#5741
0#
b11111111111111101001100001010010 &
1(
1-
b11111111111111101001100001010010 .
#5742
0(
1*
1+
#5743
1#
1$
b00000000000000000100101000100000 %
1(
0-
#5744
0(
0*
0+
#5745
0#
0$
b00000000000000000100101000100000 &
1(
1-
b00000000000000000100101000100000 .
#5746
0(
1*
#5747
1#
b00000000000000001011001110001111 %
1(
0-
#5748
0(
0*
#5749
0#
b00000000000000001111110110101111 &
1(
1-
b00000000000000001111110110101111 .
#5750
0(
1*
#5751
1#
b11111111111111111000011101111010 %
1(
0-
#5752
0(
0*
#5753
0#
b00000000000000001000010100101001 &
1(
1-
b00000000000000001000010100101001 .
#5754
0(
1*
#5755
1#
b00000000000000011110010001100011 %
1(
0-
#5756
0(
0*
#5757
0#
b00000000000000100110100110001100 &
1(
1-
b00000000000000100110100110001100 .
#5758
0(
1*
#5759
1#
b00000000000000010011110101101010 %
1(
0-
#5760
0(
0*
#5761
0#
b00000000000000111010011011110110 &
1(
1-
b00000000000000111010011011110110 .
#5762
0(
1*
#5763
1#
b00000000000000010101000111000110 %
1(
0-
#5764
0(
0*
#5765
0#
b00000000000001001111100010111100 &
1(
1-
b00000000000001001111100010111100 .
#5766
0(
1*
#5767
1#
b00000000000000001001010011100110 %
1(
0-
#5768
0(
0*
#5769
0#
b00000000000001011000110110100010 &
1(
1-
b00000000000001011000110110100010 .
#5770
0(
1*
#5771
1#
b11111111111111101011100111001010 %
1(
0-
#5772
0(
0*
#5773
0#
b00000000000001000100011101101100 &
1(
1-
b00000000000001000100011101101100 .
#5774
0(
1*
#5775
1#
b11111111111111101110100011100001 %
1(
0-
#5776
0(
0*
#5777
0#
b00000000000000110011000001001101 &
1(
1-
b00000000000000110011000001001101 .
#5778
0(
1*
#5779
1#
b00000000000000010100011101000011 %
1(
0-
#5780
0(
0*
#5781
0#
b00000000000001000111011110010000 &
1(
1-
b00000000000001000111011110010000 .
#5782
0(
1*
1+
#5783
1#
1$
b11111111111111110000100010001100 %
1(
0-
#5784
0(
0*
0+
#5785
0#
0$
b11111111111111110000100010001100 &
1(
1-
b11111111111111110000100010001100 .
#5786
0(
1*
#5787
1#
b00000000000000001111011100101001 %
1(
0-
#5788
0(
0*
#5789
0#
b11111111111111111111111110110101 &
1(
1-
b11111111111111111111111110110101 .
#5790
0(
1*
1+
#5791
1#
1$
b00000000000000001100101011110010 %
1(
0-
#5792
0(
0*
0+
#5793
0#
0$
b00000000000000001100101011110010 &
1(
1-
b00000000000000001100101011110010 .
#5794
0(
1*
#5795
1#
b11111111111111011110000100110110 %
1(
0-
#5796
0(
0*
#5797
0#
b11111111111111101010110000101000 &
1(
1-
b11111111111111101010110000101000 .
#5798
0(
1*
1+
#5799
1#
1$
b11111111111111101110110111101011 %
1(
0-
#5800
0(
0*
0+
#5801
0#
0$
b11111111111111101110110111101011 &
1(
1-
b11111111111111101110110111101011 .
#5802
0(
1*
#5803
1#
b11111111111111110100100010011100 %
1(
0-
#5804
0(
0*
#5805
0#
b11111111111111100011011010000111 &
1(
1-
b11111111111111100011011010000111 .
#5806
0(
1*
#5807
1#
b11111111111111100010000011000011 %
1(
0-
#5808
0(
0*
#5809
0#
b11111111111111000101011101001010 &
1(
1-
b11111111111111000101011101001010 .
#5810
0(
1*
#5811
1#
b11111111111111110100010111111010 %
1(
0-
#5812
0(
0*
#5813
0#
b11111111111110111001110101000100 &
1(
1-
b11111111111110111001110101000100 .
#5814
0(
1*
1+
#5815
1#
1$
b11111111111111111100000111001111 %
1(
0-
#5816
0(
0*
0+
#5817
0#
0$
b11111111111111111100000111001111 &
1(
1-
b11111111111111111100000111001111 .
#5818
0(
1*
#5819
1#
b00000000000000000001100001110111 %
1(
0-
#5820
0(
0*
#5821
0#
b11111111111111111101101001000110 &
1(
1-
b11111111111111111101101001000110 .
#5822
0(
1*
#5823
1#
b11111111111111110001110011111111 %
1(
0-
#5824
0(
0*
#5825
0#
b11111111111111101111011101000101 &
1(
1-
b11111111111111101111011101000101 .
#5826
0(
1*
1+
#5827
1#
1$
b11111111111111110100010111101111 %
1(
0-
#5828
0(
0*
0+
#5829
0#
0$
b11111111111111110100010111101111 &
1(
1-
b11111111111111110100010111101111 .
#5830
0(
1*
1+
#5831
1#
1$
b11111111111111110100011100001000 %
1(
0-
#5832
0(
0*
0+
#5833
0#
0$
b11111111111111110100011100001000 &
1(
1-
b11111111111111110100011100001000 .
#5834
0(
1*
1+
#5835
1#
1$
b11111111111111101011001110010011 %
1(
0-
#5836
0(
0*
0+
#5837
0#
0$
b11111111111111101011001110010011 &
1(
1-
b11111111111111101011001110010011 .
#5838
0(
1*
#5839
1#
b11111111111111111010100111001111 %
1(
0-
#5840
0(
0*
#5841
0#
b11111111111111100101110101100010 &
1(
1-
b11111111111111100101110101100010 .
#5842
0(
1*
#5843
1#
b00000000000000000010101100001111 %
1(
0-
#5844
0(
0*
#5845
0#
b11111111111111101000100001110001 &
1(
1-
b11111111111111101000100001110001 .
#5846
0(
1*
#5847
1#
b00000000000000001011101000000100 %
1(
0-
#5848
0(
0*
#5849
0#
b11111111111111110100001001110101 &
1(
1-
b11111111111111110100001001110101 .
#5850
0(
1*
#5851
1#
b00000000000000000100001100111000 %
1(
0-
#5852
0(
0*
#5853
0#
b11111111111111111000010110101101 &
1(
1-
b11111111111111111000010110101101 .
#5854
0(
1*
#5855
1#
b11111111111111110010110001100011 %
1(
0-
#5856
0(
0*
#5857
0#
b11111111111111101011001000010000 &
1(
1-
b11111111111111101011001000010000 .
#5858
0(
1*
1+
#5859
1#
1$
b11111111111111111000101100111001 %
1(
0-
#5860
0(
0*
0+
#5861
0#
0$
b11111111111111111000101100111001 &
1(
1-
b11111111111111111000101100111001 .
#5862
0(
1*
1+
#5863
1#
1$
b00000000000000010100001010011011 %
1(
0-
#5864
0(
0*
0+
#5865
0#
0$
b00000000000000010100001010011011 &
1(
1-
b00000000000000010100001010011011 .
#5866
0(
1*
#5867
1#
b00000000000000011101000101110000 %
1(
0-
#5868
0(
0*
#5869
0#
b00000000000000110001010000001011 &
1(
1-
b00000000000000110001010000001011 .
#5870
0(
1*
1+
#5871
1#
1$
b11111111111111101101010111010110 %
1(
0-
#5872
0(
0*
0+
#5873
0#
0$
b11111111111111101101010111010110 &
1(
1-
b11111111111111101101010111010110 .
#5874
0(
1*
1+
#5875
1#
1$
b11111111111111110001111011110101 %
1(
0-
#5876
0(
0*
0+
#5877
0#
0$
b11111111111111110001111011110101 &
1(
1-
b11111111111111110001111011110101 .
#5878
0(
1*
1+
#5879
1#
1$
b00000000000000001000110011010101 %
1(
0-
#5880
0(
0*
0+
#5881
0#
0$
b00000000000000001000110011010101 &
1(
1-
b00000000000000001000110011010101 .
#5882
0(
1*
1+
#5883
1#
1$
b00000000000000000110001011001000 %
1(
0-
#5884
0(
0*
0+
#5885
0#
0$
b00000000000000000110001011001000 &
1(
1-
b00000000000000000110001011001000 .
#5886
0(
1*
#5887
1#
b11111111111111100010001101111100 %
1(
0-
#5888
0(
0*
#5889
0#
b11111111111111101000011001000100 &
1(
1-
b11111111111111101000011001000100 .
#5890
0(
1*
1+
#5891
1#
1$
b00000000000000000101111001010000 %
1(
0-
#5892
0(
0*
0+
#5893
0#
0$
b00000000000000000101111001010000 &
1(
1-
b00000000000000000101111001010000 .
#5894
0(
1*
1+
#5895
1#
1$
b11111111111111111111011011000100 %
1(
0-
#5896
0(
0*
0+
#5897
0#
0$
b11111111111111111111011011000100 &
1(
1-
b11111111111111111111011011000100 .
#5898
0(
1*
#5899
1#
b11111111111111111110010111111001 %
1(
0-
#5900
0(
0*
#5901
0#
b11111111111111111101110010111101 &
1(
1-
b11111111111111111101110010111101 .
#5902
0(
1*
1+
#5903
1#
1$
b11111111111111100111100110010010 %
1(
0-
#5904
0(
0*
0+
#5905
0#
0$
b11111111111111100111100110010010 &
1(
1-
b11111111111111100111100110010010 .
#5906
0(
1*
#5907
1#
b11111111111111101010100111110100 %
1(
0-
#5908
0(
0*
#5909
0#
b11111111111111010010001110000110 &
1(
1-
b11111111111111010010001110000110 .
#5910
0(
1*
1+
#5911
1#
1$
b00000000000000010001100101000100 %
1(
0-
#5912
0(
0*
0+
#5913
0#
0$
b00000000000000010001100101000100 &
1(
1-
b00000000000000010001100101000100 .
#5914
0(
1*
#5915
1#
b11111111111111110100101111001111 %
1(
0-
#5916
0(
0*
#5917
0#
b00000000000000000110010100010011 &
1(
1-
b00000000000000000110010100010011 .
#5918
0(
1*
1+
#5919
1#
1$
b11111111111111111101010111111111 %
1(
0-
#5920
0(
0*
0+
#5921
0#
0$
b11111111111111111101010111111111 &
1(
1-
b11111111111111111101010111111111 .
#5922
0(
1*
#5923
1#
b00000000000000010101100000110010 %
1(
0-
#5924
0(
0*
#5925
0#
b00000000000000010010111000110001 &
1(
1-
b00000000000000010010111000110001 .
#5926
0(
1*
1+
#5927
1#
1$
b11111111111111111010110011111101 %
1(
0-
#5928
0(
0*
0+
#5929
0#
0$
b11111111111111111010110011111101 &
1(
1-
b11111111111111111010110011111101 .
#5930
0(
1*
#5931
1#
b00000000000000000000010001001110 %
1(
0-
#5932
0(
0*
#5933
0#
b11111111111111111011000101001011 &
1(
1-
b11111111111111111011000101001011 .
#5934
0(
1*
1+
#5935
1#
1$
b00000000000000001100100001110100 %
1(
0-
#5936
0(
0*
0+
#5937
0#
0$
b00000000000000001100100001110100 &
1(
1-
b00000000000000001100100001110100 .
#5938
0(
1*
1+
#5939
1#
1$
b00000000000000000010001101100001 %
1(
0-
#5940
0(
0*
0+
#5941
0#
0$
b00000000000000000010001101100001 &
1(
1-
b00000000000000000010001101100001 .
#5942
0(
1*
1+
#5943
1#
1$
b00000000000000001110111110010100 %
1(
0-
#5944
0(
0*
0+
#5945
0#
0$
b00000000000000001110111110010100 &
1(
1-
b00000000000000001110111110010100 .
#5946
0(
1*
1+
#5947
1#
1$
b00000000000000010000110111101101 %
1(
0-
#5948
0(
0*
0+
#5949
0#
0$
b00000000000000010000110111101101 &
1(
1-
b00000000000000010000110111101101 .
#5950
0(
1*
#5951
1#
b00000000000000001100100101111101 %
1(
0-
#5952
0(
0*
#5953
0#
b00000000000000011101011101101010 &
1(
1-
b00000000000000011101011101101010 .
#5954
0(
1*
#5955
1#
b11111111111111111111100000111110 %
1(
0-
#5956
0(
0*
#5957
0#
b00000000000000011100111110101000 &
1(
1-
b00000000000000011100111110101000 .
#5958
0(
1*
#5959
1#
b00000000000000000001000101100110 %
1(
0-
#5960
0(
0*
#5961
0#
b00000000000000011110000100001110 &
1(
1-
b00000000000000011110000100001110 .
#5962
0(
1*
#5963
1#
b11111111111111111100100111110110 %
1(
0-
#5964
0(
0*
#5965
0#
b00000000000000011010101100000100 &
1(
1-
b00000000000000011010101100000100 .
#5966
0(
1*
1+
#5967
1#
1$
b11111111111111100101100110010101 %
1(
0-
#5968
0(
0*
0+
#5969
0#
0$
b11111111111111100101100110010101 &
1(
1-
b11111111111111100101100110010101 .
#5970
0(
1*
#5971
1#
b11111111111111111111000000111001 %
1(
0-
#5972
0(
0*
#5973
0#
b11111111111111100100100111001110 &
1(
1-
b11111111111111100100100111001110 .
#5974
0(
1*
#5975
1#
b00000000000000000011100101111110 %
1(
0-
#5976
0(
0*
#5977
0#
b11111111111111101000001101001100 &
1(
1-
b11111111111111101000001101001100 .
#5978
0(
1*
1+
#5979
1#
1$
b00000000000000011111101100100011 %
1(
0-
#5980
0(
0*
0+
#5981
0#
0$
b00000000000000011111101100100011 &
1(
1-
b00000000000000011111101100100011 .
#5982
0(
1*
#5983
1#
b11111111111111111010000101110011 %
1(
0-
#5984
0(
0*
#5985
0#
b00000000000000011001110010010110 &
1(
1-
b00000000000000011001110010010110 .
#5986
0(
1*
#5987
1#
b00000000000000010111111010101100 %
1(
0-
#5988
0(
0*
#5989
0#
b00000000000000110001101101000010 &
1(
1-
b00000000000000110001101101000010 .
#5990
0(
1*
#5991
1#
b00000000000000000110111110100110 %
1(
0-
#5992
0(
0*
#5993
0#
b00000000000000111000101011101000 &
1(
1-
b00000000000000111000101011101000 .
#5994
0(
1*
#5995
1#
b11111111111111110111000010111010 %
1(
0-
#5996
0(
0*
#5997
0#
b00000000000000101111101110100010 &
1(
1-
b00000000000000101111101110100010 .
#5998
0(
1*
1+
#5999
1#
1$
b00000000000000010010010100010100 %
1(
0-
#6000
0(
0*
0+
#6001
0#
0$
b00000000000000010010010100010100 &
1(
1-
b00000000000000010010010100010100 .
#6002
0(
1*
#6003
1#
b00000000000000001000010110010011 %
1(
0-
#6004
0(
0*
#6005
0#
b00000000000000011010101010100111 &
1(
1-
b00000000000000011010101010100111 .
#6006
0(
1*
#6007
1#
b11111111111111111100111110101000 %
1(
0-
#6008
0(
0*
#6009
0#
b00000000000000010111101001001111 &
1(
1-
b00000000000000010111101001001111 .
#6010
0(
1*
#6011
1#
b00000000000000010101011110001000 %
1(
0-
#6012
0(
0*
#6013
0#
b00000000000000101101000111010111 &
1(
1-
b00000000000000101101000111010111 .
#6014
0(
1*
#6015
1#
b11111111111111110111010110010111 %
1(
0-
#6016
0(
0*
#6017
0#
b00000000000000100100011101101110 &
1(
1-
b00000000000000100100011101101110 .
#6018
0(
1*
1+
#6019
1#
1$
b11111111111111111100000001101110 %
1(
0-
#6020
0(
0*
0+
#6021
0#
0$
b11111111111111111100000001101110 &
1(
1-
b11111111111111111100000001101110 .
#6022
0(
1*
#6023
1#
b00000000000000001100101111110110 %
1(
0-
#6024
0(
0*
#6025
0#
b00000000000000001000110001100100 &
1(
1-
b00000000000000001000110001100100 .
#6026
0(
1*
#6027
1#
b11111111111111111010011010100011 %
1(
0-
#6028
0(
0*
#6029
0#
b00000000000000000011001100000111 &
1(
1-
b00000000000000000011001100000111 .
#6030
0(
1*
#6031
1#
b11111111111111110001100110111110 %
1(
0-
#6032
0(
0*
#6033
0#
b11111111111111110100110011000101 &
1(
1-
b11111111111111110100110011000101 .
#6034
0(
1*
#6035
1#
b11111111111111100000011110000001 %
1(
0-
#6036
0(
0*
#6037
0#
b11111111111111010101010001000110 &
1(
1-
b11111111111111010101010001000110 .
#6038
0(
1*
#6039
1#
b11111111111111111110001001010001 %
1(
0-
#6040
0(
0*
#6041
0#
b11111111111111010011011010010111 &
1(
1-
b11111111111111010011011010010111 .
#6042
0(
1*
1+
#6043
1#
1$
b00000000000000000101000110111011 %
1(
0-
#6044
0(
0*
0+
#6045
0#
0$
b00000000000000000101000110111011 &
1(
1-
b00000000000000000101000110111011 .
#6046
0(
1*
1+
#6047
1#
1$
b00000000000000001101101110110010 %
1(
0-
#6048
0(
0*
0+
#6049
0#
0$
b00000000000000001101101110110010 &
1(
1-
b00000000000000001101101110110010 .
#6050
0(
1*
#6051
1#
b11111111111111101000011111010011 %
1(
0-
#6052
0(
0*
#6053
0#
b11111111111111110110001110000101 &
1(
1-
b11111111111111110110001110000101 .
#6054
0(
1*
#6055
1#
b00000000000000001010111001100111 %
1(
0-
#6056
0(
0*
#6057
0#
b00000000000000000001000111101100 &
1(
1-
b00000000000000000001000111101100 .
#6058
0(
1*
#6059
1#
b11111111111111110101010101111010 %
1(
0-
#6060
0(
0*
#6061
0#
b11111111111111110110011101100110 &
1(
1-
b11111111111111110110011101100110 .
#6062
0(
1*
#6063
1#
b11111111111111111110100110101110 %
1(
0-
#6064
0(
0*
#6065
0#
b11111111111111110101000100010100 &
1(
1-
b11111111111111110101000100010100 .
#6066
0(
1*
#6067
1#
b00000000000000001110101101100111 %
1(
0-
#6068
0(
0*
#6069
0#
b00000000000000000011110001111011 &
1(
1-
b00000000000000000011110001111011 .
#6070
0(
1*
#6071
1#
b11111111111111101100011001100100 %
1(
0-
#6072
0(
0*
#6073
0#
b11111111111111110000001011011111 &
1(
1-
b11111111111111110000001011011111 .
#6074
0(
1*
#6075
1#
b00000000000000010000010001101011 %
1(
0-
#6076
0(
0*
#6077
0#
b00000000000000000000011101001010 &
1(
1-
b00000000000000000000011101001010 .
#6078
0(
1*
#6079
1#
b00000000000000001110101100000101 %
1(
0-
#6080
0(
0*
#6081
0#
b00000000000000001111001001001111 &
1(
1-
b00000000000000001111001001001111 .
#6082
0(
1*
#6083
1#
b11111111111111110011110101111110 %
1(
0-
#6084
0(
0*
#6085
0#
b00000000000000000010111111001101 &
1(
1-
b00000000000000000010111111001101 .
#6086
0(
1*
1+
#6087
1#
1$
b00000000000000011001001010010001 %
1(
0-
#6088
0(
0*
0+
#6089
0#
0$
b00000000000000011001001010010001 &
1(
1-
b00000000000000011001001010010001 .
#6090
0(
1*
#6091
1#
b00000000000000000010111110100101 %
1(
0-
#6092
0(
0*
#6093
0#
b00000000000000011100001000110110 &
1(
1-
b00000000000000011100001000110110 .
#6094
0(
1*
#6095
1#
b11111111111111111001101000011011 %
1(
0-
#6096
0(
0*
#6097
0#
b00000000000000010101110001010001 &
1(
1-
b00000000000000010101110001010001 .
#6098
0(
1*
#6099
1#
b00000000000000000100000010100010 %
1(
0-
#6100
0(
0*
#6101
0#
b00000000000000011001110011110011 &
1(
1-
b00000000000000011001110011110011 .
#6102
0(
1*
#6103
1#
b11111111111111111000110001011011 %
1(
0-
#6104
0(
0*
#6105
0#
b00000000000000010010100101001110 &
1(
1-
b00000000000000010010100101001110 .
#6106
0(
1*
1+
#6107
1#
1$
b11111111111111011011101001000000 %
1(
0-
#6108
0(
0*
0+
#6109
0#
0$
b11111111111111011011101001000000 &
1(
1-
b11111111111111011011101001000000 .
#6110
0(
1*
#6111
1#
b11111111111111110101101011101111 %
1(
0-
#6112
0(
0*
#6113
0#
b11111111111111010001010100101111 &
1(
1-
b11111111111111010001010100101111 .
#6114
0(
1*
1+
#6115
1#
1$
b11111111111111101011101110011010 %
1(
0-
#6116
0(
0*
0+
#6117
0#
0$
b11111111111111101011101110011010 &
1(
1-
b11111111111111101011101110011010 .
#6118
0(
1*
#6119
1#
b11111111111111100010110011011001 %
1(
0-
#6120
0(
0*
#6121
0#
b11111111111111001110100001110011 &
1(
1-
b11111111111111001110100001110011 .
#6122
0(
1*
#6123
1#
b11111111111111110111000100100010 %
1(
0-
#6124
0(
0*
#6125
0#
b11111111111111000101100110010101 &
1(
1-
b11111111111111000101100110010101 .
#6126
0(
1*
1+
#6127
1#
1$
b00000000000000010101000000010011 %
1(
0-
#6128
0(
0*
0+
#6129
0#
0$
b00000000000000010101000000010011 &
1(
1-
b00000000000000010101000000010011 .
#6130
0(
1*
#6131
1#
b00000000000000100000111010101100 %
1(
0-
#6132
0(
0*
#6133
0#
b00000000000000110101111010111111 &
1(
1-
b00000000000000110101111010111111 .
#6134
0(
1*
#6135
1#
b11111111111111110100011100010111 %
1(
0-
#6136
0(
0*
#6137
0#
b00000000000000101010010111010110 &
1(
1-
b00000000000000101010010111010110 .
#6138
0(
1*
#6139
1#
b11111111111111110110101000011010 %
1(
0-
#6140
0(
0*
#6141
0#
b00000000000000100000111111110000 &
1(
1-
b00000000000000100000111111110000 .
#6142
0(
1*
#6143
1#
b00000000000000011110000010111110 %
1(
0-
#6144
0(
0*
#6145
0#
b00000000000000111111000010101110 &
1(
1-
b00000000000000111111000010101110 .
#6146
0(
1*
#6147
1#
b11111111111111110011000100101001 %
1(
0-
#6148
0(
0*
#6149
0#
b00000000000000110010000111010111 &
1(
1-
b00000000000000110010000111010111 .
#6150
0(
1*
1+
#6151
1#
1$
b00000000000000000100100100111110 %
1(
0-
#6152
0(
0*
0+
#6153
0#
0$
b00000000000000000100100100111110 &
1(
1-
b00000000000000000100100100111110 .
#6154
0(
1*
1+
#6155
1#
1$
b11111111111111101111110011101111 %
1(
0-
#6156
0(
0*
0+
#6157
0#
0$
b11111111111111101111110011101111 &
1(
1-
b11111111111111101111110011101111 .
#6158
0(
1*
#6159
1#
b11111111111111111111100011110100 %
1(
0-
#6160
0(
0*
#6161
0#
b11111111111111101111010111100011 &
1(
1-
b11111111111111101111010111100011 .
#6162
0(
1*
#6163
1#
b00000000000000001110001110010100 %
1(
0-
#6164
0(
0*
#6165
0#
b11111111111111111101100101110111 &
1(
1-
b11111111111111111101100101110111 .
#6166
0(
1*
1+
#6167
1#
1$
b00000000000000000011011001000110 %
1(
0-
#6168
0(
0*
0+
#6169
0#
0$
b00000000000000000011011001000110 &
1(
1-
b00000000000000000011011001000110 .
#6170
0(
1*
1+
#6171
1#
1$
b11111111111111110110110111101110 %
1(
0-
#6172
0(
0*
0+
#6173
0#
0$
b11111111111111110110110111101110 &
1(
1-
b11111111111111110110110111101110 .
#6174
0(
1*
#6175
1#
b00000000000000001111001000000000 %
1(
0-
#6176
0(
0*
#6177
0#
b00000000000000000101111111101110 &
1(
1-
b00000000000000000101111111101110 .
#6178
0(
1*
#6179
1#
b00000000000000011101101000110110 %
1(
0-
#6180
0(
0*
#6181
0#
b00000000000000100011101000100100 &
1(
1-
b00000000000000100011101000100100 .
#6182
0(
1*
#6183
1#
b00000000000000010001100101000000 %
1(
0-
#6184
0(
0*
#6185
0#
b00000000000000110101001101100100 &
1(
1-
b00000000000000110101001101100100 .
#6186
0(
1*
#6187
1#
b11111111111111111010110011011111 %
1(
0-
#6188
0(
0*
#6189
0#
b00000000000000110000000001000011 &
1(
1-
b00000000000000110000000001000011 .
#6190
0(
1*
1+
#6191
1#
1$
b00000000000000000100111110010110 %
1(
0-
#6192
0(
0*
0+
#6193
0#
0$
b00000000000000000100111110010110 &
1(
1-
b00000000000000000100111110010110 .
#6194
0(
1*
1+
#6195
1#
1$
b11111111111111110001000110101110 %
1(
0-
#6196
0(
0*
0+
#6197
0#
0$
b11111111111111110001000110101110 &
1(
1-
b11111111111111110001000110101110 .
#6198
0(
1*
#6199
1#
b11111111111111101001101001011011 %
1(
0-
#6200
0(
0*
#6201
0#
b11111111111111011010110000001001 &
1(
1-
b11111111111111011010110000001001 .
#6202
0(
1*
#6203
1#
b00000000000000110000010100110000 %
1(
0-
#6204
0(
0*
#6205
0#
b00000000000000001011000100111001 &
1(
1-
b00000000000000001011000100111001 .
#6206
0(
1*
#6207
1#
b00000000000000010010001110011011 %
1(
0-
#6208
0(
0*
#6209
0#
b00000000000000011101010011010100 &
1(
1-
b00000000000000011101010011010100 .
#6210
0(
1*
#6211
1#
b00000000000000000011000011111100 %
1(
0-
#6212
0(
0*
#6213
0#
b00000000000000100000010111010000 &
1(
1-
b00000000000000100000010111010000 .
#6214
0(
1*
#6215
1#
b00000000000000000111011101101111 %
1(
0-
#6216
0(
0*
#6217
0#
b00000000000000100111110100111111 &
1(
1-
b00000000000000100111110100111111 .
#6218
0(
1*
#6219
1#
b11111111111111101111110010101101 %
1(
0-
#6220
0(
0*
#6221
0#
b00000000000000010111100111101100 &
1(
1-
b00000000000000010111100111101100 .
#6222
0(
1*
#6223
1#
b11111111111111100010101010100011 %
1(
0-
#6224
0(
0*
#6225
0#
b11111111111111111010010010001111 &
1(
1-
b11111111111111111010010010001111 .
#6226
0(
1*
#6227
1#
b00000000000000001010101000110110 %
1(
0-
#6228
0(
0*
#6229
0#
b00000000000000000100111011000101 &
1(
1-
b00000000000000000100111011000101 .
#6230
0(
1*
#6231
1#
b11111111111111111011011110011110 %
1(
0-
#6232
0(
0*
#6233
0#
b00000000000000000000011001100011 &
1(
1-
b00000000000000000000011001100011 .
#6234
0(
1*
1+
#6235
1#
1$
b11111111111111110111010100110100 %
1(
0-
#6236
0(
0*
0+
#6237
0#
0$
b11111111111111110111010100110100 &
1(
1-
b11111111111111110111010100110100 .
#6238
0(
1*
1+
#6239
1#
1$
b11111111111111101110101011101111 %
1(
0-
#6240
0(
0*
0+
#6241
0#
0$
b11111111111111101110101011101111 &
1(
1-
b11111111111111101110101011101111 .
#6242
0(
1*
1+
#6243
1#
1$
b00000000000000001111100110001010 %
1(
0-
#6244
0(
0*
0+
#6245
0#
0$
b00000000000000001111100110001010 &
1(
1-
b00000000000000001111100110001010 .
#6246
0(
1*
#6247
1#
b11111111111111111111000110010000 %
1(
0-
#6248
0(
0*
#6249
0#
b00000000000000001110101100011010 &
1(
1-
b00000000000000001110101100011010 .
#6250
0(
1*
1+
#6251
1#
1$
b11111111111111101001101111111000 %
1(
0-
#6252
0(
0*
0+
#6253
0#
0$
b11111111111111101001101111111000 &
1(
1-
b11111111111111101001101111111000 .
#6254
0(
1*
#6255
1#
b11111111111111111001010101110001 %
1(
0-
#6256
0(
0*
#6257
0#
b11111111111111100011000101101001 &
1(
1-
b11111111111111100011000101101001 .
#6258
0(
1*
#6259
1#
b11111111111111111101000001010001 %
1(
0-
#6260
0(
0*
#6261
0#
b11111111111111100000000110111010 &
1(
1-
b11111111111111100000000110111010 .
#6262
0(
1*
#6263
1#
b11111111111111111111010001001011 %
1(
0-
#6264
0(
0*
#6265
0#
b11111111111111011111011000000101 &
1(
1-
b11111111111111011111011000000101 .
#6266
0(
1*
1+
#6267
1#
1$
b11111111111111111101010110100011 %
1(
0-
#6268
0(
0*
0+
#6269
0#
0$
b11111111111111111101010110100011 &
1(
1-
b11111111111111111101010110100011 .
#6270
0(
1*
#6271
1#
b00000000000000010000010111110010 %
1(
0-
#6272
0(
0*
#6273
0#
b00000000000000001101101110010101 &
1(
1-
b00000000000000001101101110010101 .
#6274
0(
1*
#6275
1#
b11111111111111111001111100111001 %
1(
0-
#6276
0(
0*
#6277
0#
b00000000000000000111101011001110 &
1(
1-
b00000000000000000111101011001110 .
#6278
0(
1*
1+
#6279
1#
1$
b00000000000000000001001010001000 %
1(
0-
#6280
0(
0*
0+
#6281
0#
0$
b00000000000000000001001010001000 &
1(
1-
b00000000000000000001001010001000 .
#6282
0(
1*
#6283
1#
b00000000000000000001110000101111 %
1(
0-
#6284
0(
0*
#6285
0#
b00000000000000000010111010110111 &
1(
1-
b00000000000000000010111010110111 .
#6286
0(
1*
1+
#6287
1#
1$
b11111111111111111011010100100011 %
1(
0-
#6288
0(
0*
0+
#6289
0#
0$
b11111111111111111011010100100011 &
1(
1-
b11111111111111111011010100100011 .
#6290
0(
1*
1+
#6291
1#
1$
b11111111111111111010111101001110 %
1(
0-
#6292
0(
0*
0+
#6293
0#
0$
b11111111111111111010111101001110 &
1(
1-
b11111111111111111010111101001110 .
#6294
0(
1*
#6295
1#
b00000000000000000111011000010110 %
1(
0-
#6296
0(
0*
#6297
0#
b00000000000000000010010101100100 &
1(
1-
b00000000000000000010010101100100 .
#6298
0(
1*
1+
#6299
1#
1$
b11111111111111110010101010111100 %
1(
0-
#6300
0(
0*
0+
#6301
0#
0$
b11111111111111110010101010111100 &
1(
1-
b11111111111111110010101010111100 .
#6302
0(
1*
#6303
1#
b00000000000000001100111100011111 %
1(
0-
#6304
0(
0*
#6305
0#
b11111111111111111111100111011011 &
1(
1-
b11111111111111111111100111011011 .
#6306
0(
1*
#6307
1#
b11111111111111111000000101111001 %
1(
0-
#6308
0(
0*
#6309
0#
b11111111111111110111101101010100 &
1(
1-
b11111111111111110111101101010100 .
#6310
0(
1*
1+
#6311
1#
1$
b11111111111111100101111101111100 %
1(
0-
#6312
0(
0*
0+
#6313
0#
0$
b11111111111111100101111101111100 &
1(
1-
b11111111111111100101111101111100 .
#6314
0(
1*
1+
#6315
1#
1$
b00000000000000000010110101110011 %
1(
0-
#6316
0(
0*
0+
#6317
0#
0$
b00000000000000000010110101110011 &
1(
1-
b00000000000000000010110101110011 .
#6318
0(
1*
1+
#6319
1#
1$
b11111111111111110010000101011111 %
1(
0-
#6320
0(
0*
0+
#6321
0#
0$
b11111111111111110010000101011111 &
1(
1-
b11111111111111110010000101011111 .
#6322
0(
1*
#6323
1#
b00000000000000000010001110010001 %
1(
0-
#6324
0(
0*
#6325
0#
b11111111111111110100010011110000 &
1(
1-
b11111111111111110100010011110000 .
#6326
0(
1*
#6327
1#
b00000000000000000100000001010101 %
1(
0-
#6328
0(
0*
#6329
0#
b11111111111111111000010101000101 &
1(
1-
b11111111111111111000010101000101 .
#6330
0(
1*
1+
#6331
1#
1$
b00000000000000000001111010111001 %
1(
0-
#6332
0(
0*
0+
#6333
0#
0$
b00000000000000000001111010111001 &
1(
1-
b00000000000000000001111010111001 .
#6334
0(
1*
#6335
1#
b11111111111111111100000110110110 %
1(
0-
#6336
0(
0*
#6337
0#
b11111111111111111110000001101111 &
1(
1-
b11111111111111111110000001101111 .
#6338
0(
1*
#6339
1#
b00000000000000001001001111001000 %
1(
0-
#6340
0(
0*
#6341
0#
b00000000000000000111010000110111 &
1(
1-
b00000000000000000111010000110111 .
#6342
0(
1*
#6343
1#
b11111111111111111101011110011110 %
1(
0-
#6344
0(
0*
#6345
0#
b00000000000000000100101111010101 &
1(
1-
b00000000000000000100101111010101 .
#6346
0(
1*
1+
#6347
1#
1$
b00000000000000010110000011110000 %
1(
0-
#6348
0(
0*
0+
#6349
0#
0$
b00000000000000010110000011110000 &
1(
1-
b00000000000000010110000011110000 .
#6350
0(
1*
#6351
1#
b11111111111111111101010111101110 %
1(
0-
#6352
0(
0*
#6353
0#
b00000000000000010011011011011110 &
1(
1-
b00000000000000010011011011011110 .
#6354
0(
1*
#6355
1#
b00000000000000001110111101101001 %
1(
0-
#6356
0(
0*
#6357
0#
b00000000000000100010011001000111 &
1(
1-
b00000000000000100010011001000111 .
#6358
0(
1*
#6359
1#
b11111111111111111110101101110010 %
1(
0-
#6360
0(
0*
#6361
0#
b00000000000000100001000110111001 &
1(
1-
b00000000000000100001000110111001 .
#6362
0(
1*
#6363
1#
b00000000000000001100110001001001 %
1(
0-
#6364
0(
0*
#6365
0#
b00000000000000101101111000000010 &
1(
1-
b00000000000000101101111000000010 .
#6366
0(
1*
1+
#6367
1#
1$
b11111111111111110110110111110010 %
1(
0-
#6368
0(
0*
0+
#6369
0#
0$
b11111111111111110110110111110010 &
1(
1-
b11111111111111110110110111110010 .
#6370
0(
1*
1+
#6371
1#
1$
b00000000000000001000001100101010 %
1(
0-
#6372
0(
0*
0+
#6373
0#
0$
b00000000000000001000001100101010 &
1(
1-
b00000000000000001000001100101010 .
#6374
0(
1*
1+
#6375
1#
1$
b00000000000000000100111110000110 %
1(
0-
#6376
0(
0*
0+
#6377
0#
0$
b00000000000000000100111110000110 &
1(
1-
b00000000000000000100111110000110 .
#6378
0(
1*
#6379
1#
b11111111111111111110000001111011 %
1(
0-
#6380
0(
0*
#6381
0#
b00000000000000000011000000000001 &
1(
1-
b00000000000000000011000000000001 .
#6382
0(
1*
1+
#6383
1#
1$
b11111111111111111100111101011011 %
1(
0-
#6384
0(
0*
0+
#6385
0#
0$
b11111111111111111100111101011011 &
1(
1-
b11111111111111111100111101011011 .
#6386
0(
1*
#6387
1#
b00000000000000001001001001000101 %
1(
0-
#6388
0(
0*
#6389
0#
b00000000000000000110000110100000 &
1(
1-
b00000000000000000110000110100000 .
#6390
0(
1*
1+
#6391
1#
1$
b00000000000000001011100110110101 %
1(
0-
#6392
0(
0*
0+
#6393
0#
0$
b00000000000000001011100110110101 &
1(
1-
b00000000000000001011100110110101 .
#6394
0(
1*
1+
#6395
1#
1$
b11111111111111111000000110110100 %
1(
0-
#6396
0(
0*
0+
#6397
0#
0$
b11111111111111111000000110110100 &
1(
1-
b11111111111111111000000110110100 .
#6398
0(
1*
#6399
1#
b00000000000000000110011100100101 %
1(
0-
#6400
0(
0*
#6401
0#
b11111111111111111110100011011001 &
1(
1-
b11111111111111111110100011011001 .
#6402
0(
1*
#6403
1#
b00000000000000011101001101000110 %
1(
0-
#6404
0(
0*
#6405
0#
b00000000000000011011110000011111 &
1(
1-
b00000000000000011011110000011111 .
#6406
0(
1*
#6407
1#
b00000000000000001000101100100101 %
1(
0-
#6408
0(
0*
#6409
0#
b00000000000000100100011101000100 &
1(
1-
b00000000000000100100011101000100 .
#6410
0(
1*
#6411
1#
b11111111111111110100011100110111 %
1(
0-
#6412
0(
0*
#6413
0#
b00000000000000011000111001111011 &
1(
1-
b00000000000000011000111001111011 .
#6414
0(
1*
1+
#6415
1#
1$
b00000000000000001001010011100011 %
1(
0-
#6416
0(
0*
0+
#6417
0#
0$
b00000000000000001001010011100011 &
1(
1-
b00000000000000001001010011100011 .
#6418
0(
1*
#6419
1#
b11111111111111110011001111001111 %
1(
0-
#6420
0(
0*
#6421
0#
b11111111111111111100100010110010 &
1(
1-
b11111111111111111100100010110010 .
#6422
0(
1*
#6423
1#
b00000000000000001001101010001110 %
1(
0-
#6424
0(
0*
#6425
0#
b00000000000000000110001101000000 &
1(
1-
b00000000000000000110001101000000 .
#6426
0(
1*
#6427
1#
b11111111111111101100011101010101 %
1(
0-
#6428
0(
0*
#6429
0#
b11111111111111110010101010010101 &
1(
1-
b11111111111111110010101010010101 .
#6430
0(
1*
#6431
1#
b00000000000000000110101110001101 %
1(
0-
#6432
0(
0*
#6433
0#
b11111111111111111001011000100010 &
1(
1-
b11111111111111111001011000100010 .
#6434
0(
1*
#6435
1#
b11111111111111111001101110010100 %
1(
0-
#6436
0(
0*
#6437
0#
b11111111111111110011000110110110 &
1(
1-
b11111111111111110011000110110110 .
#6438
0(
1*
1+
#6439
1#
1$
b11111111111111011001000001101011 %
1(
0-
#6440
0(
0*
0+
#6441
0#
0$
b11111111111111011001000001101011 &
1(
1-
b11111111111111011001000001101011 .
#6442
0(
1*
1+
#6443
1#
1$
b00000000000000001111010011000010 %
1(
0-
#6444
0(
0*
0+
#6445
0#
0$
b00000000000000001111010011000010 &
1(
1-
b00000000000000001111010011000010 .
#6446
0(
1*
1+
#6447
1#
1$
b00000000000000000000101111110010 %
1(
0-
#6448
0(
0*
0+
#6449
0#
0$
b00000000000000000000101111110010 &
1(
1-
b00000000000000000000101111110010 .
#6450
0(
1*
#6451
1#
b00000000000000010010011111001000 %
1(
0-
#6452
0(
0*
#6453
0#
b00000000000000010011001110111010 &
1(
1-
b00000000000000010011001110111010 .
#6454
0(
1*
#6455
1#
b11111111111111111100010001110111 %
1(
0-
#6456
0(
0*
#6457
0#
b00000000000000001111100000110001 &
1(
1-
b00000000000000001111100000110001 .
#6458
0(
1*
1+
#6459
1#
1$
b00000000000000000000011010010110 %
1(
0-
#6460
0(
0*
0+
#6461
0#
0$
b00000000000000000000011010010110 &
1(
1-
b00000000000000000000011010010110 .
#6462
0(
1*
#6463
1#
b00000000000000001000000011001001 %
1(
0-
#6464
0(
0*
#6465
0#
b00000000000000001000011101011111 &
1(
1-
b00000000000000001000011101011111 .
#6466
0(
1*
#6467
1#
b00000000000000010000110000011100 %
1(
0-
#6468
0(
0*
#6469
0#
b00000000000000011001001101111011 &
1(
1-
b00000000000000011001001101111011 .
#6470
0(
1*
#6471
1#
b00000000000000001111101100000011 %
1(
0-
#6472
0(
0*
#6473
0#
b00000000000000101000111001111110 &
1(
1-
b00000000000000101000111001111110 .
#6474
0(
1*
#6475
1#
b11111111111111111001010111001010 %
1(
0-
#6476
0(
0*
#6477
0#
b00000000000000100010010001001000 &
1(
1-
b00000000000000100010010001001000 .
#6478
0(
1*
#6479
1#
b11111111111111111000011110100010 %
1(
0-
#6480
0(
0*
#6481
0#
b00000000000000011010101111101010 &
1(
1-
b00000000000000011010101111101010 .
#6482
0(
1*
#6483
1#
b00000000000000000101011100010001 %
1(
0-
#6484
0(
0*
#6485
0#
b00000000000000100000001011111011 &
1(
1-
b00000000000000100000001011111011 .
#6486
0(
1*
#6487
1#
b11111111111111101100101000001101 %
1(
0-
#6488
0(
0*
#6489
0#
b00000000000000001100110100001000 &
1(
1-
b00000000000000001100110100001000 .
#6490
0(
1*
#6491
1#
b00000000000000001110111001110011 %
1(
0-
#6492
0(
0*
#6493
0#
b00000000000000011011101101111011 &
1(
1-
b00000000000000011011101101111011 .
#6494
0(
1*
1+
#6495
1#
1$
b00000000000000001000011011100000 %
1(
0-
#6496
0(
0*
0+
#6497
0#
0$
b00000000000000001000011011100000 &
1(
1-
b00000000000000001000011011100000 .
#6498
0(
1*
#6499
1#
b00000000000000010011100100111011 %
1(
0-
#6500
0(
0*
#6501
0#
b00000000000000011100000000011011 &
1(
1-
b00000000000000011100000000011011 .
#6502
0(
1*
#6503
1#
b00000000000000000110100000010100 %
1(
0-
#6504
0(
0*
#6505
0#
b00000000000000100010100000101111 &
1(
1-
b00000000000000100010100000101111 .
#6506
0(
1*
1+
#6507
1#
1$
b11111111111111110101101111000011 %
1(
0-
#6508
0(
0*
0+
#6509
0#
0$
b11111111111111110101101111000011 &
1(
1-
b11111111111111110101101111000011 .
#6510
0(
1*
#6511
1#
b00000000000000000111100101001110 %
1(
0-
#6512
0(
0*
#6513
0#
b11111111111111111101010100010001 &
1(
1-
b11111111111111111101010100010001 .
#6514
0(
1*
1+
#6515
1#
1$
b11111111111111111111011011000001 %
1(
0-
#6516
0(
0*
0+
#6517
0#
0$
b11111111111111111111011011000001 &
1(
1-
b11111111111111111111011011000001 .
#6518
0(
1*
#6519
1#
b11111111111111110001010111000101 %
1(
0-
#6520
0(
0*
#6521
0#
b11111111111111110000110010000110 &
1(
1-
b11111111111111110000110010000110 .
#6522
0(
1*
1+
#6523
1#
1$
b11111111111111110101111001101000 %
1(
0-
#6524
0(
0*
0+
#6525
0#
0$
b11111111111111110101111001101000 &
1(
1-
b11111111111111110101111001101000 .
#6526
0(
1*
#6527
1#
b11111111111111100000001110110001 %
1(
0-
#6528
0(
0*
#6529
0#
b11111111111111010110001000011001 &
1(
1-
b11111111111111010110001000011001 .
#6530
0(
1*
1+
#6531
1#
1$
b11111111111111111110110001001011 %
1(
0-
#6532
0(
0*
0+
#6533
0#
0$
b11111111111111111110110001001011 &
1(
1-
b11111111111111111110110001001011 .
#6534
0(
1*
#6535
1#
b11111111111111110110110001010100 %
1(
0-
#6536
0(
0*
#6537
0#
b11111111111111110101100010011111 &
1(
1-
b11111111111111110101100010011111 .
#6538
0(
1*
1+
#6539
1#
1$
b11111111111111110111111110000110 %
1(
0-
#6540
0(
0*
0+
#6541
0#
0$
b11111111111111110111111110000110 &
1(
1-
b11111111111111110111111110000110 .
#6542
0(
1*
#6543
1#
b00000000000000001100111000100000 %
1(
0-
#6544
0(
0*
#6545
0#
b00000000000000000100110110100110 &
1(
1-
b00000000000000000100110110100110 .
#6546
0(
1*
#6547
1#
b11111111111111010100010011001101 %
1(
0-
#6548
0(
0*
#6549
0#
b11111111111111011001001001110011 &
1(
1-
b11111111111111011001001001110011 .
#6550
0(
1*
#6551
1#
b00000000000000001010100010010000 %
1(
0-
#6552
0(
0*
#6553
0#
b11111111111111100011101100000011 &
1(
1-
b11111111111111100011101100000011 .
#6554
0(
1*
#6555
1#
b00000000000000000010111100110111 %
1(
0-
#6556
0(
0*
#6557
0#
b11111111111111100110101000111010 &
1(
1-
b11111111111111100110101000111010 .
#6558
0(
1*
#6559
1#
b11111111111111101010110000100111 %
1(
0-
#6560
0(
0*
#6561
0#
b11111111111111010001011001100001 &
1(
1-
b11111111111111010001011001100001 .
#6562
0(
1*
#6563
1#
b00000000000000000101100110010101 %
1(
0-
#6564
0(
0*
#6565
0#
b11111111111111010110111111110110 &
1(
1-
b11111111111111010110111111110110 .
#6566
0(
1*
#6567
1#
b00000000000000000111110010001101 %
1(
0-
#6568
0(
0*
#6569
0#
b11111111111111011110110010000011 &
1(
1-
b11111111111111011110110010000011 .
#6570
0(
1*
1+
#6571
1#
1$
b00000000000000001011001111010100 %
1(
0-
#6572
0(
0*
0+
#6573
0#
0$
b00000000000000001011001111010100 &
1(
1-
b00000000000000001011001111010100 .
#6574
0(
1*
1+
#6575
1#
1$
b00000000000000001001100001000101 %
1(
0-
#6576
0(
0*
0+
#6577
0#
0$
b00000000000000001001100001000101 &
1(
1-
b00000000000000001001100001000101 .
#6578
0(
1*
#6579
1#
b00000000000000001011011101011110 %
1(
0-
#6580
0(
0*
#6581
0#
b00000000000000010100111110100011 &
1(
1-
b00000000000000010100111110100011 .
#6582
0(
1*
#6583
1#
b11111111111111111100110011101001 %
1(
0-
#6584
0(
0*
#6585
0#
b00000000000000010001110010001100 &
1(
1-
b00000000000000010001110010001100 .
#6586
0(
1*
#6587
1#
b11111111111111100000100110011010 %
1(
0-
#6588
0(
0*
#6589
0#
b11111111111111110010011000100110 &
1(
1-
b11111111111111110010011000100110 .
#6590
0(
1*
#6591
1#
b11111111111111111010010000010110 %
1(
0-
#6592
0(
0*
#6593
0#
b11111111111111101100101000111100 &
1(
1-
b11111111111111101100101000111100 .
#6594
0(
1*
1+
#6595
1#
1$
b00000000000000010100101110000010 %
1(
0-
#6596
0(
0*
0+
#6597
0#
0$
b00000000000000010100101110000010 &
1(
1-
b00000000000000010100101110000010 .
#6598
0(
1*
#6599
1#
b11111111111111110010111011101100 %
1(
0-
#6600
0(
0*
#6601
0#
b00000000000000000111101001101110 &
1(
1-
b00000000000000000111101001101110 .
#6602
0(
1*
#6603
1#
b00000000000000001010011010010010 %
1(
0-
#6604
0(
0*
#6605
0#
b00000000000000010010000100000000 &
1(
1-
b00000000000000010010000100000000 .
#6606
0(
1*
#6607
1#
b00000000000000000011100110110010 %
1(
0-
#6608
0(
0*
#6609
0#
b00000000000000010101101010110010 &
1(
1-
b00000000000000010101101010110010 .
#6610
0(
1*
#6611
1#
b11111111111111110011111001010010 %
1(
0-
#6612
0(
0*
#6613
0#
b00000000000000001001100100000100 &
1(
1-
b00000000000000001001100100000100 .
#6614
0(
1*
#6615
1#
b00000000000000000011111110010101 %
1(
0-
#6616
0(
0*
#6617
0#
b00000000000000001101100010011001 &
1(
1-
b00000000000000001101100010011001 .
#6618
0(
1*
#6619
1#
b00000000000000000100000011110100 %
1(
0-
#6620
0(
0*
#6621
0#
b00000000000000010001100110001101 &
1(
1-
b00000000000000010001100110001101 .
#6622
0(
1*
#6623
1#
b00000000000000001011011100110001 %
1(
0-
#6624
0(
0*
#6625
0#
b00000000000000011101000010111110 &
1(
1-
b00000000000000011101000010111110 .
#6626
0(
1*
1+
#6627
1#
1$
b00000000000000001100110110001111 %
1(
0-
#6628
0(
0*
0+
#6629
0#
0$
b00000000000000001100110110001111 &
1(
1-
b00000000000000001100110110001111 .
#6630
0(
1*
#6631
1#
b00000000000000011000000111010011 %
1(
0-
#6632
0(
0*
#6633
0#
b00000000000000100100111101100010 &
1(
1-
b00000000000000100100111101100010 .
#6634
0(
1*
#6635
1#
b00000000000000001001101011111111 %
1(
0-
#6636
0(
0*
#6637
0#
b00000000000000101110101001100001 &
1(
1-
b00000000000000101110101001100001 .
#6638
0(
1*
#6639
1#
b00000000000000000010000111011110 %
1(
0-
#6640
0(
0*
#6641
0#
b00000000000000110000110000111111 &
1(
1-
b00000000000000110000110000111111 .
#6642
0(
1*
#6643
1#
b11111111111111111000101110110111 %
1(
0-
#6644
0(
0*
#6645
0#
b00000000000000101001011111110110 &
1(
1-
b00000000000000101001011111110110 .
#6646
0(
1*
1+
#6647
1#
1$
b00000000000000100000100111111101 %
1(
0-
#6648
0(
0*
0+
#6649
0#
0$
b00000000000000100000100111111101 &
1(
1-
b00000000000000100000100111111101 .
#6650
0(
1*
#6651
1#
b00000000000000011110011100101010 %
1(
0-
#6652
0(
0*
#6653
0#
b00000000000000111111000100100111 &
1(
1-
b00000000000000111111000100100111 .
#6654
0(
1*
#6655
1#
b00000000000000000011000111111000 %
1(
0-
#6656
0(
0*
#6657
0#
b00000000000001000010001100011111 &
1(
1-
b00000000000001000010001100011111 .
#6658
0(
1*
1+
#6659
1#
1$
b00000000000000011010111101110001 %
1(
0-
#6660
0(
0*
0+
#6661
0#
0$
b00000000000000011010111101110001 &
1(
1-
b00000000000000011010111101110001 .
#6662
0(
1*
#6663
1#
b00000000000000000011011101000001 %
1(
0-
#6664
0(
0*
#6665
0#
b00000000000000011110011010110010 &
1(
1-
b00000000000000011110011010110010 .
#6666
0(
1*
#6667
1#
b11111111111111111100110100111000 %
1(
0-
#6668
0(
0*
#6669
0#
b00000000000000011011001111101010 &
1(
1-
b00000000000000011011001111101010 .
#6670
0(
1*
#6671
1#
b00000000000000100001011011110110 %
1(
0-
#6672
0(
0*
#6673
0#
b00000000000000111100101011100000 &
1(
1-
b00000000000000111100101011100000 .
#6674
0(
1*
#6675
1#
b00000000000000010000001000000100 %
1(
0-
#6676
0(
0*
#6677
0#
b00000000000001001100110011100100 &
1(
1-
b00000000000001001100110011100100 .
#6678
0(
1*
#6679
1#
b11111111111111111110000011111011 %
1(
0-
#6680
0(
0*
#6681
0#
b00000000000001001010110111011111 &
1(
1-
b00000000000001001010110111011111 .
#6682
0(
1*
#6683
1#
b11111111111111111011111100001010 %
1(
0-
#6684
0(
0*
#6685
0#
b00000000000001000110110011101001 &
1(
1-
b00000000000001000110110011101001 .
#6686
0(
1*
#6687
1#
b00000000000000001001011100000001 %
1(
0-
#6688
0(
0*
#6689
0#
b00000000000001010000001111101010 &
1(
1-
b00000000000001010000001111101010 .
#6690
0(
1*
#6691
1#
b00000000000000000011111101010010 %
1(
0-
#6692
0(
0*
#6693
0#
b00000000000001010100001100111100 &
1(
1-
b00000000000001010100001100111100 .
#6694
0(
1*
1+
#6695
1#
1$
b00000000000000010001011001110010 %
1(
0-
#6696
0(
0*
0+
#6697
0#
0$
b00000000000000010001011001110010 &
1(
1-
b00000000000000010001011001110010 .
#6698
0(
1*
#6699
1#
b00000000000000001100001100100101 %
1(
0-
#6700
0(
0*
#6701
0#
b00000000000000011101100110010111 &
1(
1-
b00000000000000011101100110010111 .
#6702
0(
1*
#6703
1#
b00000000000000001111100100010001 %
1(
0-
#6704
0(
0*
#6705
0#
b00000000000000101101001010101000 &
1(
1-
b00000000000000101101001010101000 .
#6706
0(
1*
#6707
1#
b00000000000000001000010100101011 %
1(
0-
#6708
0(
0*
#6709
0#
b00000000000000110101011111010011 &
1(
1-
b00000000000000110101011111010011 .
#6710
0(
1*
#6711
1#
b11111111111111111000011010001010 %
1(
0-
#6712
0(
0*
#6713
0#
b00000000000000101101111001011101 &
1(
1-
b00000000000000101101111001011101 .
#6714
0(
1*
1+
#6715
1#
1$
b00000000000000000110001001110000 %
1(
0-
#6716
0(
0*
0+
#6717
0#
0$
b00000000000000000110001001110000 &
1(
1-
b00000000000000000110001001110000 .
#6718
0(
1*
#6719
1#
b00000000000000000101101010111100 %
1(
0-
#6720
0(
0*
#6721
0#
b00000000000000001011110100101100 &
1(
1-
b00000000000000001011110100101100 .
#6722
0(
1*
#6723
1#
b11111111111111110000001101110011 %
1(
0-
#6724
0(
0*
#6725
0#
b11111111111111111100000010011111 &
1(
1-
b11111111111111111100000010011111 .
#6726
0(
1*
#6727
1#
b00000000000000001010001011011000 %
1(
0-
#6728
0(
0*
#6729
0#
b00000000000000000110001101110111 &
1(
1-
b00000000000000000110001101110111 .
#6730
0(
1*
#6731
1#
b11111111111111101011000011100110 %
1(
0-
#6732
0(
0*
#6733
0#
b11111111111111110001010001011101 &
1(
1-
b11111111111111110001010001011101 .
#6734
0(
1*
#6735
1#
b11111111111111110110011010110010 %
1(
0-
#6736
0(
0*
#6737
0#
b11111111111111100111101100001111 &
1(
1-
b11111111111111100111101100001111 .
#6738
0(
1*
1+
#6739
1#
1$
b00000000000000000010000111110010 %
1(
0-
#6740
0(
0*
0+
#6741
0#
0$
b00000000000000000010000111110010 &
1(
1-
b00000000000000000010000111110010 .
#6742
0(
1*
#6743
1#
b11111111111111110101010001101101 %
1(
0-
#6744
0(
0*
#6745
0#
b11111111111111110111011001011111 &
1(
1-
b11111111111111110111011001011111 .
#6746
0(
1*
1+
#6747
1#
1$
b00000000000000100110101101011010 %
1(
0-
#6748
0(
0*
0+
#6749
0#
0$
b00000000000000100110101101011010 &
1(
1-
b00000000000000100110101101011010 .
#6750
0(
1*
1+
#6751
1#
1$
b00000000000000001101100010111001 %
1(
0-
#6752
0(
0*
0+
#6753
0#
0$
b00000000000000001101100010111001 &
1(
1-
b00000000000000001101100010111001 .
#6754
0(
1*
#6755
1#
b00000000000000000100100100001111 %
1(
0-
#6756
0(
0*
#6757
0#
b00000000000000010010000111001000 &
1(
1-
b00000000000000010010000111001000 .
#6758
0(
1*
1+
#6759
1#
1$
b11111111111111101000100101000010 %
1(
0-
#6760
0(
0*
0+
#6761
0#
0$
b11111111111111101000100101000010 &
1(
1-
b11111111111111101000100101000010 .
#6762
0(
1*
#6763
1#
b00000000000000001001000101110100 %
1(
0-
#6764
0(
0*
#6765
0#
b11111111111111110001101010110110 &
1(
1-
b11111111111111110001101010110110 .
#6766
0(
1*
#6767
1#
b11111111111111110111110001111001 %
1(
0-
#6768
0(
0*
#6769
0#
b11111111111111101001011100101111 &
1(
1-
b11111111111111101001011100101111 .
#6770
0(
1*
1+
#6771
1#
1$
b11111111111111111001100001100000 %
1(
0-
#6772
0(
0*
0+
#6773
0#
0$
b11111111111111111001100001100000 &
1(
1-
b11111111111111111001100001100000 .
#6774
0(
1*
#6775
1#
b00000000000000001110110100001100 %
1(
0-
#6776
0(
0*
#6777
0#
b00000000000000001000010101101100 &
1(
1-
b00000000000000001000010101101100 .
#6778
0(
1*
#6779
1#
b11111111111111110000111011001001 %
1(
0-
#6780
0(
0*
#6781
0#
b11111111111111111001010000110101 &
1(
1-
b11111111111111111001010000110101 .
#6782
0(
1*
1+
#6783
1#
1$
b00000000000000010111001010100001 %
1(
0-
#6784
0(
0*
0+
#6785
0#
0$
b00000000000000010111001010100001 &
1(
1-
b00000000000000010111001010100001 .
#6786
0(
1*
#6787
1#
b11111111111111111011100101100110 %
1(
0-
#6788
0(
0*
#6789
0#
b00000000000000010010110000000111 &
1(
1-
b00000000000000010010110000000111 .
#6790
0(
1*
#6791
1#
b00000000000000000000000011110110 %
1(
0-
#6792
0(
0*
#6793
0#
b00000000000000010010110011111101 &
1(
1-
b00000000000000010010110011111101 .
#6794
0(
1*
#6795
1#
b11111111111111010001111111011101 %
1(
0-
#6796
0(
0*
#6797
0#
b11111111111111100100110011011010 &
1(
1-
b11111111111111100100110011011010 .
#6798
0(
1*
1+
#6799
1#
1$
b11111111111111111011100000100010 %
1(
0-
#6800
0(
0*
0+
#6801
0#
0$
b11111111111111111011100000100010 &
1(
1-
b11111111111111111011100000100010 .
#6802
0(
1*
#6803
1#
b11111111111111111001011000100001 %
1(
0-
#6804
0(
0*
#6805
0#
b11111111111111110100111001000011 &
1(
1-
b11111111111111110100111001000011 .
#6806
0(
1*
#6807
1#
b00000000000000010001010110100001 %
1(
0-
#6808
0(
0*
#6809
0#
b00000000000000000110001111100100 &
1(
1-
b00000000000000000110001111100100 .
#6810
0(
1*
#6811
1#
b00000000000000001101100011110011 %
1(
0-
#6812
0(
0*
#6813
0#
b00000000000000010011110011010111 &
1(
1-
b00000000000000010011110011010111 .
#6814
0(
1*
#6815
1#
b11111111111111101110011011010000 %
1(
0-
#6816
0(
0*
#6817
0#
b00000000000000000010001110100111 &
1(
1-
b00000000000000000010001110100111 .
#6818
0(
1*
#6819
1#
b00000000000000001110100001010010 %
1(
0-
#6820
0(
0*
#6821
0#
b00000000000000010000101111111001 &
1(
1-
b00000000000000010000101111111001 .
#6822
0(
1*
#6823
1#
b00000000000000011101011010111111 %
1(
0-
#6824
0(
0*
#6825
0#
b00000000000000101110001010111000 &
1(
1-
b00000000000000101110001010111000 .
#6826
0(
1*
#6827
1#
b00000000000000001000100101010000 %
1(
0-
#6828
0(
0*
#6829
0#
b00000000000000110110110000001000 &
1(
1-
b00000000000000110110110000001000 .
#6830
0(
1*
#6831
1#
b00000000000000000000110010001111 %
1(
0-
#6832
0(
0*
#6833
0#
b00000000000000110111100010010111 &
1(
1-
b00000000000000110111100010010111 .
#6834
0(
1*
#6835
1#
b00000000000000001111001111110010 %
1(
0-
#6836
0(
0*
#6837
0#
b00000000000001000110110010001001 &
1(
1-
b00000000000001000110110010001001 .
#6838
0(
1*
#6839
1#
b11111111111111111011100000010001 %
1(
0-
#6840
0(
0*
#6841
0#
b00000000000001000010010010011010 &
1(
1-
b00000000000001000010010010011010 .
#6842
0(
1*
#6843
1#
b11111111111111110110010000111010 %
1(
0-
#6844
0(
0*
#6845
0#
b00000000000000111000100011010100 &
1(
1-
b00000000000000111000100011010100 .
#6846
0(
1*
1+
#6847
1#
1$
b11111111111111101110101010000101 %
1(
0-
#6848
0(
0*
0+
#6849
0#
0$
b11111111111111101110101010000101 &
1(
1-
b11111111111111101110101010000101 .
#6850
0(
1*
#6851
1#
b00000000000000001100011111000010 %
1(
0-
#6852
0(
0*
#6853
0#
b11111111111111111011001001000111 &
1(
1-
b11111111111111111011001001000111 .
#6854
0(
1*
1+
#6855
1#
1$
b11111111111111100000000010011111 %
1(
0-
#6856
0(
0*
0+
#6857
0#
0$
b11111111111111100000000010011111 &
1(
1-
b11111111111111100000000010011111 .
#6858
0(
1*
#6859
1#
b00000000000000000011100101011011 %
1(
0-
#6860
0(
0*
#6861
0#
b11111111111111100011100111111010 &
1(
1-
b11111111111111100011100111111010 .
#6862
0(
1*
1+
#6863
1#
1$
b11111111111111101110000110011111 %
1(
0-
#6864
0(
0*
0+
#6865
0#
0$
b11111111111111101110000110011111 &
1(
1-
b11111111111111101110000110011111 .
#6866
0(
1*
#6867
1#
b00000000000000000110110110101111 %
1(
0-
#6868
0(
0*
#6869
0#
b11111111111111110100111101001110 &
1(
1-
b11111111111111110100111101001110 .
#6870
0(
1*
1+
#6871
1#
1$
b11111111111111101111111110110001 %
1(
0-
#6872
0(
0*
0+
#6873
0#
0$
b11111111111111101111111110110001 &
1(
1-
b11111111111111101111111110110001 .
#6874
0(
1*
#6875
1#
b11111111111111111101001110011111 %
1(
0-
#6876
0(
0*
#6877
0#
b11111111111111101101001101010000 &
1(
1-
b11111111111111101101001101010000 .
#6878
0(
1*
1+
#6879
1#
1$
b00000000000000001010110101011101 %
1(
0-
#6880
0(
0*
0+
#6881
0#
0$
b00000000000000001010110101011101 &
1(
1-
b00000000000000001010110101011101 .
#6882
0(
1*
#6883
1#
b11111111111111111100111101101110 %
1(
0-
#6884
0(
0*
#6885
0#
b00000000000000000111110011001011 &
1(
1-
b00000000000000000111110011001011 .
#6886
0(
1*
1+
#6887
1#
1$
b11111111111111111010111011110010 %
1(
0-
#6888
0(
0*
0+
#6889
0#
0$
b11111111111111111010111011110010 &
1(
1-
b11111111111111111010111011110010 .
#6890
0(
1*
#6891
1#
b11111111111111110001010010100100 %
1(
0-
#6892
0(
0*
#6893
0#
b11111111111111101100001110010110 &
1(
1-
b11111111111111101100001110010110 .
#6894
0(
1*
#6895
1#
b11111111111111111101001111011101 %
1(
0-
#6896
0(
0*
#6897
0#
b11111111111111101001011101110011 &
1(
1-
b11111111111111101001011101110011 .
#6898
0(
1*
#6899
1#
b11111111111111110110110100010111 %
1(
0-
#6900
0(
0*
#6901
0#
b11111111111111100000010010001010 &
1(
1-
b11111111111111100000010010001010 .
#6902
0(
1*
#6903
1#
b00000000000000001100101101100000 %
1(
0-
#6904
0(
0*
#6905
0#
b11111111111111101100111111101010 &
1(
1-
b11111111111111101100111111101010 .
#6906
0(
1*
1+
#6907
1#
1$
b11111111111111100010110110110010 %
1(
0-
#6908
0(
0*
0+
#6909
0#
0$
b11111111111111100010110110110010 &
1(
1-
b11111111111111100010110110110010 .
#6910
0(
1*
#6911
1#
b11111111111111110001110000011100 %
1(
0-
#6912
0(
0*
#6913
0#
b11111111111111010100100111001110 &
1(
1-
b11111111111111010100100111001110 .
#6914
0(
1*
#6915
1#
b11111111111111110110110100001001 %
1(
0-
#6916
0(
0*
#6917
0#
b11111111111111001011011011010111 &
1(
1-
b11111111111111001011011011010111 .
#6918
0(
1*
#6919
1#
b00000000000000001111000110100111 %
1(
0-
#6920
0(
0*
#6921
0#
b11111111111111011010100001111110 &
1(
1-
b11111111111111011010100001111110 .
#6922
0(
1*
1+
#6923
1#
1$
b00000000000000001000100011101001 %
1(
0-
#6924
0(
0*
0+
#6925
0#
0$
b00000000000000001000100011101001 &
1(
1-
b00000000000000001000100011101001 .
#6926
0(
1*
#6927
1#
b11111111111111110000111000011001 %
1(
0-
#6928
0(
0*
#6929
0#
b11111111111111111001011100000010 &
1(
1-
b11111111111111111001011100000010 .
#6930
0(
1*
#6931
1#
b11111111111111111110101111111010 %
1(
0-
#6932
0(
0*
#6933
0#
b11111111111111111000001011111100 &
1(
1-
b11111111111111111000001011111100 .
#6934
0(
1*
1+
#6935
1#
1$
b11111111111111101110110010100111 %
1(
0-
#6936
0(
0*
0+
#6937
0#
0$
b11111111111111101110110010100111 &
1(
1-
b11111111111111101110110010100111 .
#6938
0(
1*
#6939
1#
b11111111111111101001111101100110 %
1(
0-
#6940
0(
0*
#6941
0#
b11111111111111011000110000001101 &
1(
1-
b11111111111111011000110000001101 .
#6942
0(
1*
#6943
1#
b00000000000000000000110001100101 %
1(
0-
#6944
0(
0*
#6945
0#
b11111111111111011001100001110010 &
1(
1-
b11111111111111011001100001110010 .
#6946
0(
1*
1+
#6947
1#
1$
b11111111111111101101000010001110 %
1(
0-
#6948
0(
0*
0+
#6949
0#
0$
b11111111111111101101000010001110 &
1(
1-
b11111111111111101101000010001110 .
#6950
0(
1*
#6951
1#
b00000000000000000010100111111010 %
1(
0-
#6952
0(
0*
#6953
0#
b11111111111111101111101010001000 &
1(
1-
b11111111111111101111101010001000 .
#6954
0(
1*
#6955
1#
b11111111111111111110111101100000 %
1(
0-
#6956
0(
0*
#6957
0#
b11111111111111101110100111101000 &
1(
1-
b11111111111111101110100111101000 .
#6958
0(
1*
#6959
1#
b11111111111111111101110000010001 %
1(
0-
#6960
0(
0*
#6961
0#
b11111111111111101100010111111001 &
1(
1-
b11111111111111101100010111111001 .
#6962
0(
1*
#6963
1#
b11111111111111111010101000100010 %
1(
0-
#6964
0(
0*
#6965
0#
b11111111111111100111000000011011 &
1(
1-
b11111111111111100111000000011011 .
#6966
0(
1*
#6967
1#
b11111111111111110101111111100000 %
1(
0-
#6968
0(
0*
#6969
0#
b11111111111111011100111111111011 &
1(
1-
b11111111111111011100111111111011 .
#6970
0(
1*
#6971
1#
b11111111111111101101111110111000 %
1(
0-
#6972
0(
0*
#6973
0#
b11111111111111001010111110110011 &
1(
1-
b11111111111111001010111110110011 .
#6974
0(
1*
#6975
1#
b00000000000000001110010111010111 %
1(
0-
#6976
0(
0*
#6977
0#
b11111111111111011001010110001010 &
1(
1-
b11111111111111011001010110001010 .
#6978
0(
1*
#6979
1#
b00000000000000010010100110110001 %
1(
0-
#6980
0(
0*
#6981
0#
b11111111111111101011111100111011 &
1(
1-
b11111111111111101011111100111011 .
#6982
0(
1*
#6983
1#
b00000000000000000101100010100000 %
1(
0-
#6984
0(
0*
#6985
0#
b11111111111111110001011111011011 &
1(
1-
b11111111111111110001011111011011 .
#6986
0(
1*
#6987
1#
b11111111111111111011000011100111 %
1(
0-
#6988
0(
0*
#6989
0#
b11111111111111101100100011000010 &
1(
1-
b11111111111111101100100011000010 .
#6990
0(
1*
1+
#6991
1#
1$
b11111111111111110000011001000000 %
1(
0-
#6992
0(
0*
0+
#6993
0#
0$
b11111111111111110000011001000000 &
1(
1-
b11111111111111110000011001000000 .
#6994
0(
1*
#6995
1#
b00000000000000110001100011110110 %
1(
0-
#6996
0(
0*
#6997
0#
b00000000000000100001111100110110 &
1(
1-
b00000000000000100001111100110110 .
#6998
0(
1*
1+
#6999
1#
1$
b00000000000000001101001110111000 %
1(
0-
#7000
0(
0*
0+
#7001
0#
0$
b00000000000000001101001110111000 &
1(
1-
b00000000000000001101001110111000 .
#7002
0(
1*
#7003
1#
b11111111111111011111100010111110 %
1(
0-
#7004
0(
0*
#7005
0#
b11111111111111101100110001110110 &
1(
1-
b11111111111111101100110001110110 .
#7006
0(
1*
1+
#7007
1#
1$
b00000000000000010110101110010100 %
1(
0-
#7008
0(
0*
0+
#7009
0#
0$
b00000000000000010110101110010100 &
1(
1-
b00000000000000010110101110010100 .
#7010
0(
1*
#7011
1#
b00000000000000001011001010001111 %
1(
0-
#7012
0(
0*
#7013
0#
b00000000000000100001111000100011 &
1(
1-
b00000000000000100001111000100011 .
#7014
0(
1*
#7015
1#
b00000000000000010101110111000000 %
1(
0-
#7016
0(
0*
#7017
0#
b00000000000000110111101111100011 &
1(
1-
b00000000000000110111101111100011 .
#7018
0(
1*
1+
#7019
1#
1$
b00000000000000001010110000111110 %
1(
0-
#7020
0(
0*
0+
#7021
0#
0$
b00000000000000001010110000111110 &
1(
1-
b00000000000000001010110000111110 .
#7022
0(
1*
1+
#7023
1#
1$
b11111111111111110101001110010010 %
1(
0-
#7024
0(
0*
0+
#7025
0#
0$
b11111111111111110101001110010010 &
1(
1-
b11111111111111110101001110010010 .
#7026
0(
1*
1+
#7027
1#
1$
b00000000000000000000101101101000 %
1(
0-
#7028
0(
0*
0+
#7029
0#
0$
b00000000000000000000101101101000 &
1(
1-
b00000000000000000000101101101000 .
#7030
0(
1*
#7031
1#
b00000000000000010101111111001110 %
1(
0-
#7032
0(
0*
#7033
0#
b00000000000000010110101100110110 &
1(
1-
b00000000000000010110101100110110 .
#7034
0(
1*
1+
#7035
1#
1$
b00000000000000000010000010010000 %
1(
0-
#7036
0(
0*
0+
#7037
0#
0$
b00000000000000000010000010010000 &
1(
1-
b00000000000000000010000010010000 .
#7038
0(
1*
#7039
1#
b11111111111111110001101100110010 %
1(
0-
#7040
0(
0*
#7041
0#
b11111111111111110011101111000010 &
1(
1-
b11111111111111110011101111000010 .
#7042
0(
1*
#7043
1#
b00000000000000001000111000100110 %
1(
0-
#7044
0(
0*
#7045
0#
b11111111111111111100100111101000 &
1(
1-
b11111111111111111100100111101000 .
#7046
0(
1*
#7047
1#
b00000000000000000110111100111100 %
1(
0-
#7048
0(
0*
#7049
0#
b00000000000000000011100100100100 &
1(
1-
b00000000000000000011100100100100 .
#7050
0(
1*
#7051
1#
b11111111111111111001100110111001 %
1(
0-
#7052
0(
0*
#7053
0#
b11111111111111111101001011011101 &
1(
1-
b11111111111111111101001011011101 .
#7054
0(
1*
#7055
1#
b00000000000000000000111101101000 %
1(
0-
#7056
0(
0*
#7057
0#
b11111111111111111110001001000101 &
1(
1-
b11111111111111111110001001000101 .
#7058
0(
1*
1+
#7059
1#
1$
b11111111111111101101110100100001 %
1(
0-
#7060
0(
0*
0+
#7061
0#
0$
b11111111111111101101110100100001 &
1(
1-
b11111111111111101101110100100001 .
#7062
0(
1*
#7063
1#
b11111111111111101010101110011000 %
1(
0-
#7064
0(
0*
#7065
0#
b11111111111111011000100010111001 &
1(
1-
b11111111111111011000100010111001 .
#7066
0(
1*
#7067
1#
b00000000000000010110100101010000 %
1(
0-
#7068
0(
0*
#7069
0#
b11111111111111101111001000001001 &
1(
1-
b11111111111111101111001000001001 .
#7070
0(
1*
#7071
1#
b00000000000000000011100001111010 %
1(
0-
#7072
0(
0*
#7073
0#
b11111111111111110010101010000011 &
1(
1-
b11111111111111110010101010000011 .
#7074
0(
1*
1+
#7075
1#
1$
b11111111111111110110111100000000 %
1(
0-
#7076
0(
0*
0+
#7077
0#
0$
b11111111111111110110111100000000 &
1(
1-
b11111111111111110110111100000000 .
#7078
0(
1*
#7079
1#
b11111111111111101111110001100111 %
1(
0-
#7080
0(
0*
#7081
0#
b11111111111111100110101101100111 &
1(
1-
b11111111111111100110101101100111 .
#7082
0(
1*
#7083
1#
b11111111111111100101111001000011 %
1(
0-
#7084
0(
0*
#7085
0#
b11111111111111001100100110101010 &
1(
1-
b11111111111111001100100110101010 .
#7086
0(
1*
#7087
1#
b11111111111111100010110100101111 %
1(
0-
#7088
0(
0*
#7089
0#
b11111111111110101111011011011001 &
1(
1-
b11111111111110101111011011011001 .
#7090
0(
1*
1+
#7091
1#
1$
b00000000000000010111100010000100 %
1(
0-
#7092
0(
0*
0+
#7093
0#
0$
b00000000000000010111100010000100 &
1(
1-
b00000000000000010111100010000100 .
#7094
0(
1*
1+
#7095
1#
1$
b00000000000000001011101101100000 %
1(
0-
#7096
0(
0*
0+
#7097
0#
0$
b00000000000000001011101101100000 &
1(
1-
b00000000000000001011101101100000 .
#7098
0(
1*
#7099
1#
b11111111111111111010011110010000 %
1(
0-
#7100
0(
0*
#7101
0#
b00000000000000000110001011110000 &
1(
1-
b00000000000000000110001011110000 .
#7102
0(
1*
#7103
1#
b00000000000000010000001000101000 %
1(
0-
#7104
0(
0*
#7105
0#
b00000000000000010110010100011000 &
1(
1-
b00000000000000010110010100011000 .
#7106
0(
1*
#7107
1#
b11111111111111110100000100111010 %
1(
0-
#7108
0(
0*
#7109
0#
b00000000000000001010011001010010 &
1(
1-
b00000000000000001010011001010010 .
#7110
0(
1*
#7111
1#
b00000000000000000011110001001011 %
1(
0-
#7112
0(
0*
#7113
0#
b00000000000000001110001010011101 &
1(
1-
b00000000000000001110001010011101 .
#7114
0(
1*
1+
#7115
1#
1$
b11111111111111110101011001001111 %
1(
0-
#7116
0(
0*
0+
#7117
0#
0$
b11111111111111110101011001001111 &
1(
1-
b11111111111111110101011001001111 .
#7118
0(
1*
1+
#7119
1#
1$
b00000000000000000001111001010000 %
1(
0-
#7120
0(
0*
0+
#7121
0#
0$
b00000000000000000001111001010000 &
1(
1-
b00000000000000000001111001010000 .
#7122
0(
1*
1+
#7123
1#
1$
b00000000000000001110001111101111 %
1(
0-
#7124
0(
0*
0+
#7125
0#
0$
b00000000000000001110001111101111 &
1(
1-
b00000000000000001110001111101111 .
#7126
0(
1*
1+
#7127
1#
1$
b11111111111111110011011001011000 %
1(
0-
#7128
0(
0*
0+
#7129
0#
0$
b11111111111111110011011001011000 &
1(
1-
b11111111111111110011011001011000 .
#7130
0(
1*
#7131
1#
b00000000000000100001101000010111 %
1(
0-
#7132
0(
0*
#7133
0#
b00000000000000010101000001101111 &
1(
1-
b00000000000000010101000001101111 .
#7134
0(
1*
#7135
1#
b11111111111111111101010111111010 %
1(
0-
#7136
0(
0*
#7137
0#
b00000000000000010010011001101001 &
1(
1-
b00000000000000010010011001101001 .
#7138
0(
1*
#7139
1#
b11111111111111101101010110001110 %
1(
0-
#7140
0(
0*
#7141
0#
b11111111111111111111101111110111 &
1(
1-
b11111111111111111111101111110111 .
#7142
0(
1*
#7143
1#
b11111111111111101100110100011100 %
1(
0-
#7144
0(
0*
#7145
0#
b11111111111111101100100100010011 &
1(
1-
b11111111111111101100100100010011 .
#7146
0(
1*
#7147
1#
b00000000000000011111100110111011 %
1(
0-
#7148
0(
0*
#7149
0#
b00000000000000001100001011001110 &
1(
1-
b00000000000000001100001011001110 .
#7150
0(
1*
#7151
1#
b00000000000000010101111110110100 %
1(
0-
#7152
0(
0*
#7153
0#
b00000000000000100010001010000010 &
1(
1-
b00000000000000100010001010000010 .
#7154
0(
1*
1+
#7155
1#
1$
b11111111111111111011111101010111 %
1(
0-
#7156
0(
0*
0+
#7157
0#
0$
b11111111111111111011111101010111 &
1(
1-
b11111111111111111011111101010111 .
#7158
0(
1*
#7159
1#
b11111111111111110111101110001110 %
1(
0-
#7160
0(
0*
#7161
0#
b11111111111111110011101011100101 &
1(
1-
b11111111111111110011101011100101 .
#7162
0(
1*
#7163
1#
b00000000000000011010111101100010 %
1(
0-
#7164
0(
0*
#7165
0#
b00000000000000001110101001000111 &
1(
1-
b00000000000000001110101001000111 .
#7166
0(
1*
#7167
1#
b11111111111111110011100111101100 %
1(
0-
#7168
0(
0*
#7169
0#
b00000000000000000010010000110011 &
1(
1-
b00000000000000000010010000110011 .
#7170
0(
1*
#7171
1#
b11111111111111101011011000010101 %
1(
0-
#7172
0(
0*
#7173
0#
b11111111111111101101101001001000 &
1(
1-
b11111111111111101101101001001000 .
#7174
0(
1*
#7175
1#
b11111111111111111101100011000000 %
1(
0-
#7176
0(
0*
#7177
0#
b11111111111111101011001100001000 &
1(
1-
b11111111111111101011001100001000 .
#7178
0(
1*
1+
#7179
1#
1$
b00000000000000001100110010101010 %
1(
0-
#7180
0(
0*
0+
#7181
0#
0$
b00000000000000001100110010101010 &
1(
1-
b00000000000000001100110010101010 .
#7182
0(
1*
#7183
1#
b00000000000000000110010110000101 %
1(
0-
#7184
0(
0*
#7185
0#
b00000000000000010011001000101111 &
1(
1-
b00000000000000010011001000101111 .
#7186
0(
1*
#7187
1#
b11111111111111110001110001101110 %
1(
0-
#7188
0(
0*
#7189
0#
b00000000000000000100111010011101 &
1(
1-
b00000000000000000100111010011101 .
#7190
0(
1*
1+
#7191
1#
1$
b00000000000000001000000110010000 %
1(
0-
#7192
0(
0*
0+
#7193
0#
0$
b00000000000000001000000110010000 &
1(
1-
b00000000000000001000000110010000 .
#7194
0(
1*
#7195
1#
b11111111111111111100100000001010 %
1(
0-
#7196
0(
0*
#7197
0#
b00000000000000000100100110011010 &
1(
1-
b00000000000000000100100110011010 .
#7198
0(
1*
#7199
1#
b00000000000000000100111001101001 %
1(
0-
#7200
0(
0*
#7201
0#
b00000000000000001001100000000011 &
1(
1-
b00000000000000001001100000000011 .
#7202
0(
1*
#7203
1#
b11111111111111111001110010000001 %
1(
0-
#7204
0(
0*
#7205
0#
b00000000000000000011010010000100 &
1(
1-
b00000000000000000011010010000100 .
#7206
0(
1*
#7207
1#
b11111111111111111100111000011110 %
1(
0-
#7208
0(
0*
#7209
0#
b00000000000000000000001010100010 &
1(
1-
b00000000000000000000001010100010 .
#7210
0(
1*
#7211
1#
b11111111111111110000001100000110 %
1(
0-
#7212
0(
0*
#7213
0#
b11111111111111110000010110101000 &
1(
1-
b11111111111111110000010110101000 .
#7214
0(
1*
1+
#7215
1#
1$
b11111111111111111111001100011001 %
1(
0-
#7216
0(
0*
0+
#7217
0#
0$
b11111111111111111111001100011001 &
1(
1-
b11111111111111111111001100011001 .
#7218
0(
1*
#7219
1#
b00000000000000000000111001100111 %
1(
0-
#7220
0(
0*
#7221
0#
b00000000000000000000000110000000 &
1(
1-
b00000000000000000000000110000000 .
#7222
0(
1*
#7223
1#
b11111111111111100010100011110111 %
1(
0-
#7224
0(
0*
#7225
0#
b11111111111111100010101001110111 &
1(
1-
b11111111111111100010101001110111 .
#7226
0(
1*
#7227
1#
b11111111111111110001100111001000 %
1(
0-
#7228
0(
0*
#7229
0#
b11111111111111010100010000111111 &
1(
1-
b11111111111111010100010000111111 .
#7230
0(
1*
#7231
1#
b00000000000000001111001000011010 %
1(
0-
#7232
0(
0*
#7233
0#
b11111111111111100011011001011001 &
1(
1-
b11111111111111100011011001011001 .
#7234
0(
1*
1+
#7235
1#
1$
b11111111111111101001011110110110 %
1(
0-
#7236
0(
0*
0+
#7237
0#
0$
b11111111111111101001011110110110 &
1(
1-
b11111111111111101001011110110110 .
#7238
0(
1*
#7239
1#
b11111111111111110011011101110001 %
1(
0-
#7240
0(
0*
#7241
0#
b11111111111111011100111100100111 &
1(
1-
b11111111111111011100111100100111 .
#7242
0(
1*
#7243
1#
b00000000000000010000111100001010 %
1(
0-
#7244
0(
0*
#7245
0#
b11111111111111101101111000110001 &
1(
1-
b11111111111111101101111000110001 .
#7246
0(
1*
#7247
1#
b11111111111111101011010100110011 %
1(
0-
#7248
0(
0*
#7249
0#
b11111111111111011001001101100100 &
1(
1-
b11111111111111011001001101100100 .
#7250
0(
1*
1+
#7251
1#
1$
b00000000000000001011011110011011 %
1(
0-
#7252
0(
0*
0+
#7253
0#
0$
b00000000000000001011011110011011 &
1(
1-
b00000000000000001011011110011011 .
#7254
0(
1*
#7255
1#
b11111111111111111101101001000110 %
1(
0-
#7256
0(
0*
#7257
0#
b00000000000000001001000111100001 &
1(
1-
b00000000000000001001000111100001 .
#7258
0(
1*
#7259
1#
b00000000000000011101010100010111 %
1(
0-
#7260
0(
0*
#7261
0#
b00000000000000100110011011111000 &
1(
1-
b00000000000000100110011011111000 .
#7262
0(
1*
#7263
1#
b11111111111111100101101110100000 %
1(
0-
#7264
0(
0*
#7265
0#
b00000000000000001100001010011000 &
1(
1-
b00000000000000001100001010011000 .
#7266
0(
1*
1+
#7267
1#
1$
b00000000000000000111001110101100 %
1(
0-
#7268
0(
0*
0+
#7269
0#
0$
b00000000000000000111001110101100 &
1(
1-
b00000000000000000111001110101100 .
#7270
0(
1*
#7271
1#
b11111111111111110001011000111010 %
1(
0-
#7272
0(
0*
#7273
0#
b11111111111111111000100111100110 &
1(
1-
b11111111111111111000100111100110 .
#7274
0(
1*
#7275
1#
b11111111111111111101100000011100 %
1(
0-
#7276
0(
0*
#7277
0#
b11111111111111110110001000000010 &
1(
1-
b11111111111111110110001000000010 .
#7278
0(
1*
#7279
1#
b00000000000000001000101100010101 %
1(
0-
#7280
0(
0*
#7281
0#
b11111111111111111110110100010111 &
1(
1-
b11111111111111111110110100010111 .
#7282
0(
1*
#7283
1#
b11111111111111101111111100110111 %
1(
0-
#7284
0(
0*
#7285
0#
b11111111111111101110110001001110 &
1(
1-
b11111111111111101110110001001110 .
#7286
0(
1*
1+
#7287
1#
1$
b00000000000000000011101101001100 %
1(
0-
#7288
0(
0*
0+
#7289
0#
0$
b00000000000000000011101101001100 &
1(
1-
b00000000000000000011101101001100 .
#7290
0(
1*
#7291
1#
b11111111111111110110000101111000 %
1(
0-
#7292
0(
0*
#7293
0#
b11111111111111111001110011000100 &
1(
1-
b11111111111111111001110011000100 .
#7294
0(
1*
#7295
1#
b00000000000000000011101100011011 %
1(
0-
#7296
0(
0*
#7297
0#
b11111111111111111101011111011111 &
1(
1-
b11111111111111111101011111011111 .
#7298
0(
1*
#7299
1#
b00000000000000000000101110000110 %
1(
0-
#7300
0(
0*
#7301
0#
b11111111111111111110001101100101 &
1(
1-
b11111111111111111110001101100101 .
#7302
0(
1*
1+
#7303
1#
1$
b00000000000000010001000110000111 %
1(
0-
#7304
0(
0*
0+
#7305
0#
0$
b00000000000000010001000110000111 &
1(
1-
b00000000000000010001000110000111 .
#7306
0(
1*
#7307
1#
b00000000000000011001000010001011 %
1(
0-
#7308
0(
0*
#7309
0#
b00000000000000101010001000010010 &
1(
1-
b00000000000000101010001000010010 .
#7310
0(
1*
#7311
1#
b11111111111111110100010100001111 %
1(
0-
#7312
0(
0*
#7313
0#
b00000000000000011110011100100001 &
1(
1-
b00000000000000011110011100100001 .
#7314
0(
1*
1+
#7315
1#
1$
b11111111111111111000011010111011 %
1(
0-
#7316
0(
0*
0+
#7317
0#
0$
b11111111111111111000011010111011 &
1(
1-
b11111111111111111000011010111011 .
#7318
0(
1*
#7319
1#
b00000000000000010010000010100100 %
1(
0-
#7320
0(
0*
#7321
0#
b00000000000000001010011101011111 &
1(
1-
b00000000000000001010011101011111 .
#7322
0(
1*
#7323
1#
b11111111111111111110101000110101 %
1(
0-
#7324
0(
0*
#7325
0#
b00000000000000001001000110010100 &
1(
1-
b00000000000000001001000110010100 .
#7326
0(
1*
#7327
1#
b00000000000000001011100110011001 %
1(
0-
#7328
0(
0*
#7329
0#
b00000000000000010100101100101101 &
1(
1-
b00000000000000010100101100101101 .
#7330
0(
1*
1+
#7331
1#
1$
b11111111111111110101000110010110 %
1(
0-
#7332
0(
0*
0+
#7333
0#
0$
b11111111111111110101000110010110 &
1(
1-
b11111111111111110101000110010110 .
#7334
0(
1*
#7335
1#
b11111111111111111101010110001111 %
1(
0-
#7336
0(
0*
#7337
0#
b11111111111111110010011100100101 &
1(
1-
b11111111111111110010011100100101 .
#7338
0(
1*
#7339
1#
b00000000000000011011000001101010 %
1(
0-
#7340
0(
0*
#7341
0#
b00000000000000001101011110001111 &
1(
1-
b00000000000000001101011110001111 .
#7342
0(
1*
#7343
1#
b11111111111111111101110000110110 %
1(
0-
#7344
0(
0*
#7345
0#
b00000000000000001011001111000101 &
1(
1-
b00000000000000001011001111000101 .
#7346
0(
1*
1+
#7347
1#
1$
b11111111111111110001100101001111 %
1(
0-
#7348
0(
0*
0+
#7349
0#
0$
b11111111111111110001100101001111 &
1(
1-
b11111111111111110001100101001111 .
#7350
0(
1*
1+
#7351
1#
1$
b00000000000000000010001101001100 %
1(
0-
#7352
0(
0*
0+
#7353
0#
0$
b00000000000000000010001101001100 &
1(
1-
b00000000000000000010001101001100 .
#7354
0(
1*
#7355
1#
b11111111111111110100111011010011 %
1(
0-
#7356
0(
0*
#7357
0#
b11111111111111110111001000011111 &
1(
1-
b11111111111111110111001000011111 .
#7358
0(
1*
1+
#7359
1#
1$
b00000000000000010000000011010000 %
1(
0-
#7360
0(
0*
0+
#7361
0#
0$
b00000000000000010000000011010000 &
1(
1-
b00000000000000010000000011010000 .
#7362
0(
1*
1+
#7363
1#
1$
b00000000000000001101011110001100 %
1(
0-
#7364
0(
0*
0+
#7365
0#
0$
b00000000000000001101011110001100 &
1(
1-
b00000000000000001101011110001100 .
#7366
0(
1*
#7367
1#
b11111111111111100000001010100001 %
1(
0-
#7368
0(
0*
#7369
0#
b11111111111111101101101000101101 &
1(
1-
b11111111111111101101101000101101 .
#7370
0(
1*
#7371
1#
b00000000000000000111001001011001 %
1(
0-
#7372
0(
0*
#7373
0#
b11111111111111110100110010000110 &
1(
1-
b11111111111111110100110010000110 .
#7374
0(
1*
1+
#7375
1#
1$
b11111111111111101111010100000110 %
1(
0-
#7376
0(
0*
0+
#7377
0#
0$
b11111111111111101111010100000110 &
1(
1-
b11111111111111101111010100000110 .
#7378
0(
1*
#7379
1#
b11111111111111110011010011111001 %
1(
0-
#7380
0(
0*
#7381
0#
b11111111111111100010100111111111 &
1(
1-
b11111111111111100010100111111111 .
#7382
0(
1*
1+
#7383
1#
1$
b11111111111111110010001000100010 %
1(
0-
#7384
0(
0*
0+
#7385
0#
0$
b11111111111111110010001000100010 &
1(
1-
b11111111111111110010001000100010 .
#7386
0(
1*
#7387
1#
b11111111111111101101000001100010 %
1(
0-
#7388
0(
0*
#7389
0#
b11111111111111011111001010000100 &
1(
1-
b11111111111111011111001010000100 .
#7390
0(
1*
#7391
1#
b00000000000000000101110100000110 %
1(
0-
#7392
0(
0*
#7393
0#
b11111111111111100100111110001010 &
1(
1-
b11111111111111100100111110001010 .
#7394
0(
1*
1+
#7395
1#
1$
b11111111111111110010011000001101 %
1(
0-
#7396
0(
0*
0+
#7397
0#
0$
b11111111111111110010011000001101 &
1(
1-
b11111111111111110010011000001101 .
#7398
0(
1*
#7399
1#
b00000000000000000010100110000101 %
1(
0-
#7400
0(
0*
#7401
0#
b11111111111111110100111110010010 &
1(
1-
b11111111111111110100111110010010 .
#7402
0(
1*
#7403
1#
b00000000000000000111111110110010 %
1(
0-
#7404
0(
0*
#7405
0#
b11111111111111111100111101000100 &
1(
1-
b11111111111111111100111101000100 .
#7406
0(
1*
#7407
1#
b11111111111111101110001001100111 %
1(
0-
#7408
0(
0*
#7409
0#
b11111111111111101011000110101011 &
1(
1-
b11111111111111101011000110101011 .
#7410
0(
1*
#7411
1#
b11111111111111111101001100100000 %
1(
0-
#7412
0(
0*
#7413
0#
b11111111111111101000010011001011 &
1(
1-
b11111111111111101000010011001011 .
#7414
0(
1*
#7415
1#
b00000000000000010110110111101011 %
1(
0-
#7416
0(
0*
#7417
0#
b11111111111111111111001010110110 &
1(
1-
b11111111111111111111001010110110 .
#7418
0(
1*
1+
#7419
1#
1$
b11111111111111011100101010010111 %
1(
0-
#7420
0(
0*
0+
#7421
0#
0$
b11111111111111011100101010010111 &
1(
1-
b11111111111111011100101010010111 .
#7422
0(
1*
#7423
1#
b11111111111111110100100100100100 %
1(
0-
#7424
0(
0*
#7425
0#
b11111111111111010001001110111011 &
1(
1-
b11111111111111010001001110111011 .
#7426
0(
1*
1+
#7427
1#
1$
b00000000000000000101101100000110 %
1(
0-
#7428
0(
0*
0+
#7429
0#
0$
b00000000000000000101101100000110 &
1(
1-
b00000000000000000101101100000110 .
#7430
0(
1*
#7431
1#
b11111111111111110100101100110001 %
1(
0-
#7432
0(
0*
#7433
0#
b11111111111111111010011000110111 &
1(
1-
b11111111111111111010011000110111 .
#7434
0(
1*
#7435
1#
b11111111111111111111101100100101 %
1(
0-
#7436
0(
0*
#7437
0#
b11111111111111111010000101011100 &
1(
1-
b11111111111111111010000101011100 .
#7438
0(
1*
#7439
1#
b00000000000000011010111100100101 %
1(
0-
#7440
0(
0*
#7441
0#
b00000000000000010101000010000001 &
1(
1-
b00000000000000010101000010000001 .
#7442
0(
1*
#7443
1#
b00000000000000001001001111000000 %
1(
0-
#7444
0(
0*
#7445
0#
b00000000000000011110010001000001 &
1(
1-
b00000000000000011110010001000001 .
#7446
0(
1*
#7447
1#
b11111111111111111110000010101110 %
1(
0-
#7448
0(
0*
#7449
0#
b00000000000000011100010011101111 &
1(
1-
b00000000000000011100010011101111 .
#7450
0(
1*
#7451
1#
b11111111111111011001010001100010 %
1(
0-
#7452
0(
0*
#7453
0#
b11111111111111110101100101010001 &
1(
1-
b11111111111111110101100101010001 .
#7454
0(
1*
1+
#7455
1#
1$
b00000000000000100001011010011000 %
1(
0-
#7456
0(
0*
0+
#7457
0#
0$
b00000000000000100001011010011000 &
1(
1-
b00000000000000100001011010011000 .
#7458
0(
1*
#7459
1#
b11111111111111101011100111101011 %
1(
0-
#7460
0(
0*
#7461
0#
b00000000000000001101000010000011 &
1(
1-
b00000000000000001101000010000011 .
#7462
0(
1*
#7463
1#
b00000000000000000110001001000100 %
1(
0-
#7464
0(
0*
#7465
0#
b00000000000000010011001011000111 &
1(
1-
b00000000000000010011001011000111 .
#7466
0(
1*
#7467
1#
b11111111111111110011101001111110 %
1(
0-
#7468
0(
0*
#7469
0#
b00000000000000000110110101000101 &
1(
1-
b00000000000000000110110101000101 .
#7470
0(
1*
1+
#7471
1#
1$
b11111111111111111111101100111110 %
1(
0-
#7472
0(
0*
0+
#7473
0#
0$
b11111111111111111111101100111110 &
1(
1-
b11111111111111111111101100111110 .
#7474
0(
1*
1+
#7475
1#
1$
b11111111111111101101110111000010 %
1(
0-
#7476
0(
0*
0+
#7477
0#
0$
b11111111111111101101110111000010 &
1(
1-
b11111111111111101101110111000010 .
#7478
0(
1*
#7479
1#
b00000000000000001010100011010111 %
1(
0-
#7480
0(
0*
#7481
0#
b11111111111111111000011010011001 &
1(
1-
b11111111111111111000011010011001 .
#7482
0(
1*
1+
#7483
1#
1$
b11111111111111110000010010000100 %
1(
0-
#7484
0(
0*
0+
#7485
0#
0$
b11111111111111110000010010000100 &
1(
1-
b11111111111111110000010010000100 .
#7486
0(
1*
1+
#7487
1#
1$
b11111111111111111110100101001011 %
1(
0-
#7488
0(
0*
0+
#7489
0#
0$
b11111111111111111110100101001011 &
1(
1-
b11111111111111111110100101001011 .
#7490
0(
1*
#7491
1#
b11111111111111111010111000001101 %
1(
0-
#7492
0(
0*
#7493
0#
b11111111111111111001011101011000 &
1(
1-
b11111111111111111001011101011000 .
#7494
0(
1*
1+
#7495
1#
1$
b00000000000000011001001011100000 %
1(
0-
#7496
0(
0*
0+
#7497
0#
0$
b00000000000000011001001011100000 &
1(
1-
b00000000000000011001001011100000 .
#7498
0(
1*
#7499
1#
b00000000000000000110110110101000 %
1(
0-
#7500
0(
0*
#7501
0#
b00000000000000100000000010001000 &
1(
1-
b00000000000000100000000010001000 .
#7502
0(
1*
#7503
1#
b11111111111111110010010010010001 %
1(
0-
#7504
0(
0*
#7505
0#
b00000000000000010010010100011001 &
1(
1-
b00000000000000010010010100011001 .
#7506
0(
1*
#7507
1#
b11111111111111101111110111110001 %
1(
0-
#7508
0(
0*
#7509
0#
b00000000000000000010001100001010 &
1(
1-
b00000000000000000010001100001010 .
#7510
0(
1*
#7511
1#
b00000000000000100001111111000010 %
1(
0-
#7512
0(
0*
#7513
0#
b00000000000000100100001011001100 &
1(
1-
b00000000000000100100001011001100 .
#7514
0(
1*
#7515
1#
b11111111111111011101110111000001 %
1(
0-
#7516
0(
0*
#7517
0#
b00000000000000000010000010001101 &
1(
1-
b00000000000000000010000010001101 .
#7518
0(
1*
#7519
1#
b11111111111111111010001011011011 %
1(
0-
#7520
0(
0*
#7521
0#
b11111111111111111100001101101000 &
1(
1-
b11111111111111111100001101101000 .
#7522
0(
1*
#7523
1#
b00000000000000000011100011101110 %
1(
0-
#7524
0(
0*
#7525
0#
b11111111111111111111110001010110 &
1(
1-
b11111111111111111111110001010110 .
#7526
0(
1*
#7527
1#
b11111111111111110111011000111001 %
1(
0-
#7528
0(
0*
#7529
0#
b11111111111111110111001010001111 &
1(
1-
b11111111111111110111001010001111 .
#7530
0(
1*
#7531
1#
b00000000000000000111101100001100 %
1(
0-
#7532
0(
0*
#7533
0#
b11111111111111111110110110011011 &
1(
1-
b11111111111111111110110110011011 .
#7534
0(
1*
#7535
1#
b11111111111111111110110111011111 %
1(
0-
#7536
0(
0*
#7537
0#
b11111111111111111101101101111010 &
1(
1-
b11111111111111111101101101111010 .
#7538
0(
1*
#7539
1#
b00000000000000000001100011100111 %
1(
0-
#7540
0(
0*
#7541
0#
b11111111111111111111010001100001 &
1(
1-
b11111111111111111111010001100001 .
#7542
0(
1*
#7543
1#
b00000000000000010000100111001001 %
1(
0-
#7544
0(
0*
#7545
0#
b00000000000000001111111000101010 &
1(
1-
b00000000000000001111111000101010 .
#7546
0(
1*
#7547
1#
b11111111111111110110010110100001 %
1(
0-
#7548
0(
0*
#7549
0#
b00000000000000000110001111001011 &
1(
1-
b00000000000000000110001111001011 .
#7550
0(
1*
#7551
1#
b11111111111111101011110101000100 %
1(
0-
#7552
0(
0*
#7553
0#
b11111111111111110010000100001111 &
1(
1-
b11111111111111110010000100001111 .
#7554
0(
1*
#7555
1#
b11111111111111111010001001110111 %
1(
0-
#7556
0(
0*
#7557
0#
b11111111111111101100001110000110 &
1(
1-
b11111111111111101100001110000110 .
#7558
0(
1*
#7559
1#
b11111111111111111100101100001100 %
1(
0-
#7560
0(
0*
#7561
0#
b11111111111111101000111010010010 &
1(
1-
b11111111111111101000111010010010 .
#7562
0(
1*
#7563
1#
b00000000000000001110010100101011 %
1(
0-
#7564
0(
0*
#7565
0#
b11111111111111110111001110111101 &
1(
1-
b11111111111111110111001110111101 .
#7566
0(
1*
#7567
1#
b00000000000000000110011110010000 %
1(
0-
#7568
0(
0*
#7569
0#
b11111111111111111101101101001101 &
1(
1-
b11111111111111111101101101001101 .
#7570
0(
1*
#7571
1#
b00000000000000011101100000001111 %
1(
0-
#7572
0(
0*
#7573
0#
b00000000000000011011001101011100 &
1(
1-
b00000000000000011011001101011100 .
#7574
0(
1*
1+
#7575
1#
1$
b00000000000000010100010110100111 %
1(
0-
#7576
0(
0*
0+
#7577
0#
0$
b00000000000000010100010110100111 &
1(
1-
b00000000000000010100010110100111 .
#7578
0(
1*
#7579
1#
b00000000000000001100110010110011 %
1(
0-
#7580
0(
0*
#7581
0#
b00000000000000100001001001011010 &
1(
1-
b00000000000000100001001001011010 .
#7582
0(
1*
#7583
1#
b11111111111111101111000101000000 %
1(
0-
#7584
0(
0*
#7585
0#
b00000000000000010000001110011010 &
1(
1-
b00000000000000010000001110011010 .
#7586
0(
1*
#7587
1#
b11111111111111101111010000011011 %
1(
0-
#7588
0(
0*
#7589
0#
b11111111111111111111011110110101 &
1(
1-
b11111111111111111111011110110101 .
#7590
0(
1*
1+
#7591
1#
1$
b00000000000000001111000111000010 %
1(
0-
#7592
0(
0*
0+
#7593
0#
0$
b00000000000000001111000111000010 &
1(
1-
b00000000000000001111000111000010 .
#7594
0(
1*
#7595
1#
b11111111111111101001000100001000 %
1(
0-
#7596
0(
0*
#7597
0#
b11111111111111111000001011001010 &
1(
1-
b11111111111111111000001011001010 .
#7598
0(
1*
#7599
1#
b00000000000000001010100110110111 %
1(
0-
#7600
0(
0*
#7601
0#
b00000000000000000010110010000001 &
1(
1-
b00000000000000000010110010000001 .
#7602
0(
1*
#7603
1#
b11111111111111011000001101010110 %
1(
0-
#7604
0(
0*
#7605
0#
b11111111111111011010111111010111 &
1(
1-
b11111111111111011010111111010111 .
#7606
0(
1*
#7607
1#
b00000000000000001011100001011000 %
1(
0-
#7608
0(
0*
#7609
0#
b11111111111111100110100000101111 &
1(
1-
b11111111111111100110100000101111 .
#7610
0(
1*
#7611
1#
b00000000000000000100001101100110 %
1(
0-
#7612
0(
0*
#7613
0#
b11111111111111101010101110010101 &
1(
1-
b11111111111111101010101110010101 .
#7614
0(
1*
#7615
1#
b11111111111111111000011001100010 %
1(
0-
#7616
0(
0*
#7617
0#
b11111111111111100011000111110111 &
1(
1-
b11111111111111100011000111110111 .
#7618
0(
1*
#7619
1#
b00000000000000001001011000111101 %
1(
0-
#7620
0(
0*
#7621
0#
b11111111111111101100100000110100 &
1(
1-
b11111111111111101100100000110100 .
#7622
0(
1*
1+
#7623
1#
1$
b00000000000000001001101111100000 %
1(
0-
#7624
0(
0*
0+
#7625
0#
0$
b00000000000000001001101111100000 &
1(
1-
b00000000000000001001101111100000 .
#7626
0(
1*
#7627
1#
b11111111111111100011001100111010 %
1(
0-
#7628
0(
0*
#7629
0#
b11111111111111101100111100011010 &
1(
1-
b11111111111111101100111100011010 .
#7630
0(
1*
#7631
1#
b11111111111111101101111110011111 %
1(
0-
#7632
0(
0*
#7633
0#
b11111111111111011010111010111001 &
1(
1-
b11111111111111011010111010111001 .
#7634
0(
1*
#7635
1#
b11111111111111111011000101011011 %
1(
0-
#7636
0(
0*
#7637
0#
b11111111111111010110000000010100 &
1(
1-
b11111111111111010110000000010100 .
#7638
0(
1*
1+
#7639
1#
1$
b00000000000000000110110011111000 %
1(
0-
#7640
0(
0*
0+
#7641
0#
0$
b00000000000000000110110011111000 &
1(
1-
b00000000000000000110110011111000 .
#7642
0(
1*
#7643
1#
b11111111111111111001011010011000 %
1(
0-
#7644
0(
0*
#7645
0#
b00000000000000000000001110010000 &
1(
1-
b00000000000000000000001110010000 .
#7646
0(
1*
#7647
1#
b11111111111111110111110100010111 %
1(
0-
#7648
0(
0*
#7649
0#
b11111111111111111000000010100111 &
1(
1-
b11111111111111111000000010100111 .
#7650
0(
1*
#7651
1#
b11111111111111101001000011001111 %
1(
0-
#7652
0(
0*
#7653
0#
b11111111111111100001000101110110 &
1(
1-
b11111111111111100001000101110110 .
#7654
0(
1*
#7655
1#
b11111111111111100010001001101001 %
1(
0-
#7656
0(
0*
#7657
0#
b11111111111111000011001111011111 &
1(
1-
b11111111111111000011001111011111 .
#7658
0(
1*
#7659
1#
b11111111111111111011101101110110 %
1(
0-
#7660
0(
0*
#7661
0#
b11111111111110111110111101010101 &
1(
1-
b11111111111110111110111101010101 .
#7662
0(
1*
#7663
1#
b00000000000000000111111101000111 %
1(
0-
#7664
0(
0*
#7665
0#
b11111111111111000110111010011100 &
1(
1-
b11111111111111000110111010011100 .
#7666
0(
1*
#7667
1#
b00000000000000001101100000111101 %
1(
0-
#7668
0(
0*
#7669
0#
b11111111111111010100011011011001 &
1(
1-
b11111111111111010100011011011001 .
#7670
0(
1*
1+
#7671
1#
1$
b00000000000000001100001000001010 %
1(
0-
#7672
0(
0*
0+
#7673
0#
0$
b00000000000000001100001000001010 &
1(
1-
b00000000000000001100001000001010 .
#7674
0(
1*
#7675
1#
b11111111111111100110110001101010 %
1(
0-
#7676
0(
0*
#7677
0#
b11111111111111110010111001110100 &
1(
1-
b11111111111111110010111001110100 .
#7678
0(
1*
1+
#7679
1#
1$
b11111111111111110110101100000011 %
1(
0-
#7680
0(
0*
0+
#7681
0#
0$
b11111111111111110110101100000011 &
1(
1-
b11111111111111110110101100000011 .
#7682
0(
1*
#7683
1#
b11111111111111111001001000101011 %
1(
0-
#7684
0(
0*
#7685
0#
b11111111111111101111110100101110 &
1(
1-
b11111111111111101111110100101110 .
#7686
0(
1*
#7687
1#
b00000000000000000001110011111100 %
1(
0-
#7688
0(
0*
#7689
0#
b11111111111111110001101000101010 &
1(
1-
b11111111111111110001101000101010 .
#7690
0(
1*
1+
#7691
1#
1$
b00000000000000001101001000000010 %
1(
0-
#7692
0(
0*
0+
#7693
0#
0$
b00000000000000001101001000000010 &
1(
1-
b00000000000000001101001000000010 .
#7694
0(
1*
#7695
1#
b00000000000000100001011010100110 %
1(
0-
#7696
0(
0*
#7697
0#
b00000000000000101110100010101000 &
1(
1-
b00000000000000101110100010101000 .
#7698
0(
1*
1+
#7699
1#
1$
b00000000000000000001111000100110 %
1(
0-
#7700
0(
0*
0+
#7701
0#
0$
b00000000000000000001111000100110 &
1(
1-
b00000000000000000001111000100110 .
#7702
0(
1*
#7703
1#
b00000000000000001010000101000100 %
1(
0-
#7704
0(
0*
#7705
0#
b00000000000000001011111101101010 &
1(
1-
b00000000000000001011111101101010 .
#7706
0(
1*
#7707
1#
b11111111111111110000101111001011 %
1(
0-
#7708
0(
0*
#7709
0#
b11111111111111111100101100110101 &
1(
1-
b11111111111111111100101100110101 .
#7710
0(
1*
#7711
1#
b00000000000000000001100011101101 %
1(
0-
#7712
0(
0*
#7713
0#
b11111111111111111110010000100010 &
1(
1-
b11111111111111111110010000100010 .
#7714
0(
1*
#7715
1#
b00000000000000001011101111010011 %
1(
0-
#7716
0(
0*
#7717
0#
b00000000000000001001111111110101 &
1(
1-
b00000000000000001001111111110101 .
#7718
0(
1*
#7719
1#
b11111111111111111111010111100101 %
1(
0-
#7720
0(
0*
#7721
0#
b00000000000000001001010111011010 &
1(
1-
b00000000000000001001010111011010 .
#7722
0(
1*
1+
#7723
1#
1$
b11111111111111110000100000100111 %
1(
0-
#7724
0(
0*
0+
#7725
0#
0$
b11111111111111110000100000100111 &
1(
1-
b11111111111111110000100000100111 .
#7726
0(
1*
1+
#7727
1#
1$
b00000000000000000100000101011101 %
1(
0-
#7728
0(
0*
0+
#7729
0#
0$
b00000000000000000100000101011101 &
1(
1-
b00000000000000000100000101011101 .
#7730
0(
1*
#7731
1#
b00000000000000000101100100100000 %
1(
0-
#7732
0(
0*
#7733
0#
b00000000000000001001101001111101 &
1(
1-
b00000000000000001001101001111101 .
#7734
0(
1*
#7735
1#
b11111111111111111110010110011001 %
1(
0-
#7736
0(
0*
#7737
0#
b00000000000000001000000000010110 &
1(
1-
b00000000000000001000000000010110 .
#7738
0(
1*
#7739
1#
b11111111111111110101000110110111 %
1(
0-
#7740
0(
0*
#7741
0#
b11111111111111111101000111001101 &
1(
1-
b11111111111111111101000111001101 .
#7742
0(
1*
1+
#7743
1#
1$
b11111111111111101011101000000000 %
1(
0-
#7744
0(
0*
0+
#7745
0#
0$
b11111111111111101011101000000000 &
1(
1-
b11111111111111101011101000000000 .
#7746
0(
1*
#7747
1#
b00000000000000010110111010011001 %
1(
0-
#7748
0(
0*
#7749
0#
b00000000000000000010100010011001 &
1(
1-
b00000000000000000010100010011001 .
#7750
0(
1*
#7751
1#
b11111111111111111010010111110001 %
1(
0-
#7752
0(
0*
#7753
0#
b11111111111111111100111010001010 &
1(
1-
b11111111111111111100111010001010 .
#7754
0(
1*
1+
#7755
1#
1$
b00000000000000010101011110001100 %
1(
0-
#7756
0(
0*
0+
#7757
0#
0$
b00000000000000010101011110001100 &
1(
1-
b00000000000000010101011110001100 .
#7758
0(
1*
#7759
1#
b11111111111111100100100001110101 %
1(
0-
#7760
0(
0*
#7761
0#
b11111111111111111010000000000001 &
1(
1-
b11111111111111111010000000000001 .
#7762
0(
1*
1+
#7763
1#
1$
b00000000000000010101101001010100 %
1(
0-
#7764
0(
0*
0+
#7765
0#
0$
b00000000000000010101101001010100 &
1(
1-
b00000000000000010101101001010100 .
#7766
0(
1*
1+
#7767
1#
1$
b00000000000000001001101101001111 %
1(
0-
#7768
0(
0*
0+
#7769
0#
0$
b00000000000000001001101101001111 &
1(
1-
b00000000000000001001101101001111 .
#7770
0(
1*
#7771
1#
b00000000000000100110100111001001 %
1(
0-
#7772
0(
0*
#7773
0#
b00000000000000110000010100011000 &
1(
1-
b00000000000000110000010100011000 .
#7774
0(
1*
1+
#7775
1#
1$
b11111111111111111011001010000100 %
1(
0-
#7776
0(
0*
0+
#7777
0#
0$
b11111111111111111011001010000100 &
1(
1-
b11111111111111111011001010000100 .
#7778
0(
1*
#7779
1#
b00000000000000010000000001101010 %
1(
0-
#7780
0(
0*
#7781
0#
b00000000000000001011001011101110 &
1(
1-
b00000000000000001011001011101110 .
#7782
0(
1*
#7783
1#
b11111111111111101110101110011101 %
1(
0-
#7784
0(
0*
#7785
0#
b11111111111111111001111010001011 &
1(
1-
b11111111111111111001111010001011 .
#7786
0(
1*
#7787
1#
b11111111111111101011011110111011 %
1(
0-
#7788
0(
0*
#7789
0#
b11111111111111100101011001000110 &
1(
1-
b11111111111111100101011001000110 .
#7790
0(
1*
#7791
1#
b00000000000000001001011100001110 %
1(
0-
#7792
0(
0*
#7793
0#
b11111111111111101110110101010100 &
1(
1-
b11111111111111101110110101010100 .
#7794
0(
1*
#7795
1#
b11111111111111110110011011100000 %
1(
0-
#7796
0(
0*
#7797
0#
b11111111111111100101010000110100 &
1(
1-
b11111111111111100101010000110100 .
#7798
0(
1*
#7799
1#
b11111111111111100001000010111101 %
1(
0-
#7800
0(
0*
#7801
0#
b11111111111111000110010011110001 &
1(
1-
b11111111111111000110010011110001 .
#7802
0(
1*
#7803
1#
b00000000000000000001010111111100 %
1(
0-
#7804
0(
0*
#7805
0#
b11111111111111000111101011101101 &
1(
1-
b11111111111111000111101011101101 .
#7806
0(
1*
#7807
1#
b00000000000000001101011111100111 %
1(
0-
#7808
0(
0*
#7809
0#
b11111111111111010101001011010100 &
1(
1-
b11111111111111010101001011010100 .
#7810
0(
1*
#7811
1#
b11111111111111111001000000010110 %
1(
0-
#7812
0(
0*
#7813
0#
b11111111111111001110001011101010 &
1(
1-
b11111111111111001110001011101010 .
#7814
0(
1*
#7815
1#
b11111111111111101011111110111010 %
1(
0-
#7816
0(
0*
#7817
0#
b11111111111110111010001010100100 &
1(
1-
b11111111111110111010001010100100 .
#7818
0(
1*
#7819
1#
b11111111111111111000110010000111 %
1(
0-
#7820
0(
0*
#7821
0#
b11111111111110110010111100101011 &
1(
1-
b11111111111110110010111100101011 .
#7822
0(
1*
#7823
1#
b11111111111111111011100001101001 %
1(
0-
#7824
0(
0*
#7825
0#
b11111111111110101110011110010100 &
1(
1-
b11111111111110101110011110010100 .
#7826
0(
1*
#7827
1#
b00000000000000000100001101011101 %
1(
0-
#7828
0(
0*
#7829
0#
b11111111111110110010101011110001 &
1(
1-
b11111111111110110010101011110001 .
#7830
0(
1*
1+
#7831
1#
1$
b00000000000000001000110010010111 %
1(
0-
#7832
0(
0*
0+
#7833
0#
0$
b00000000000000001000110010010111 &
1(
1-
b00000000000000001000110010010111 .
#7834
0(
1*
#7835
1#
b00000000000000000010111110011111 %
1(
0-
#7836
0(
0*
#7837
0#
b00000000000000001011110000110110 &
1(
1-
b00000000000000001011110000110110 .
#7838
0(
1*
#7839
1#
b00000000000000001011001011100111 %
1(
0-
#7840
0(
0*
#7841
0#
b00000000000000010110111100011101 &
1(
1-
b00000000000000010110111100011101 .
#7842
0(
1*
#7843
1#
b11111111111111111000000110111110 %
1(
0-
#7844
0(
0*
#7845
0#
b00000000000000001111000011011011 &
1(
1-
b00000000000000001111000011011011 .
#7846
0(
1*
1+
#7847
1#
1$
b11111111111111110001011001110101 %
1(
0-
#7848
0(
0*
0+
#7849
0#
0$
b11111111111111110001011001110101 &
1(
1-
b11111111111111110001011001110101 .
#7850
0(
1*
1+
#7851
1#
1$
b00000000000000000111011101010111 %
1(
0-
#7852
0(
0*
0+
#7853
0#
0$
b00000000000000000111011101010111 &
1(
1-
b00000000000000000111011101010111 .
#7854
0(
1*
#7855
1#
b11111111111111011000100101110001 %
1(
0-
#7856
0(
0*
#7857
0#
b11111111111111100000000011001000 &
1(
1-
b11111111111111100000000011001000 .
#7858
0(
1*
#7859
1#
b00000000000000000000100101000010 %
1(
0-
#7860
0(
0*
#7861
0#
b11111111111111100000101000001010 &
1(
1-
b11111111111111100000101000001010 .
#7862
0(
1*
#7863
1#
b00000000000000011100010111101111 %
1(
0-
#7864
0(
0*
#7865
0#
b11111111111111111100111111111001 &
1(
1-
b11111111111111111100111111111001 .
#7866
0(
1*
#7867
1#
b00000000000000100010011000110111 %
1(
0-
#7868
0(
0*
#7869
0#
b00000000000000011111011000110000 &
1(
1-
b00000000000000011111011000110000 .
#7870
0(
1*
#7871
1#
b00000000000000000000111010010111 %
1(
0-
#7872
0(
0*
#7873
0#
b00000000000000100000010011000111 &
1(
1-
b00000000000000100000010011000111 .
#7874
0(
1*
#7875
1#
b00000000000000000001001110000000 %
1(
0-
#7876
0(
0*
#7877
0#
b00000000000000100001100001000111 &
1(
1-
b00000000000000100001100001000111 .
#7878
0(
1*
1+
#7879
1#
1$
b00000000000000001001100111100010 %
1(
0-
#7880
0(
0*
0+
#7881
0#
0$
b00000000000000001001100111100010 &
1(
1-
b00000000000000001001100111100010 .
#7882
0(
1*
#7883
1#
b11111111111111101000111011101110 %
1(
0-
#7884
0(
0*
#7885
0#
b11111111111111110010100011010000 &
1(
1-
b11111111111111110010100011010000 .
#7886
0(
1*
#7887
1#
b11111111111111111111100011000111 %
1(
0-
#7888
0(
0*
#7889
0#
b11111111111111110010000110010111 &
1(
1-
b11111111111111110010000110010111 .
#7890
0(
1*
1+
#7891
1#
1$
b11111111111111101010111000010011 %
1(
0-
#7892
0(
0*
0+
#7893
0#
0$
b11111111111111101010111000010011 &
1(
1-
b11111111111111101010111000010011 .
#7894
0(
1*
#7895
1#
b11111111111111110100011011000110 %
1(
0-
#7896
0(
0*
#7897
0#
b11111111111111011111010011011001 &
1(
1-
b11111111111111011111010011011001 .
#7898
0(
1*
1+
#7899
1#
1$
b00000000000000001101100000110111 %
1(
0-
#7900
0(
0*
0+
#7901
0#
0$
b00000000000000001101100000110111 &
1(
1-
b00000000000000001101100000110111 .
#7902
0(
1*
#7903
1#
b00000000000000000100100011011110 %
1(
0-
#7904
0(
0*
#7905
0#
b00000000000000010010000100010101 &
1(
1-
b00000000000000010010000100010101 .
#7906
0(
1*
1+
#7907
1#
1$
b11111111111111110111100110010101 %
1(
0-
#7908
0(
0*
0+
#7909
0#
0$
b11111111111111110111100110010101 &
1(
1-
b11111111111111110111100110010101 .
#7910
0(
1*
1+
#7911
1#
1$
b00000000000000100100110011000000 %
1(
0-
#7912
0(
0*
0+
#7913
0#
0$
b00000000000000100100110011000000 &
1(
1-
b00000000000000100100110011000000 .
#7914
0(
1*
#7915
1#
b11111111111111110101111111010011 %
1(
0-
#7916
0(
0*
#7917
0#
b00000000000000011010110010010011 &
1(
1-
b00000000000000011010110010010011 .
#7918
0(
1*
#7919
1#
b00000000000000000000000101110000 %
1(
0-
#7920
0(
0*
#7921
0#
b00000000000000011010111000000011 &
1(
1-
b00000000000000011010111000000011 .
#7922
0(
1*
#7923
1#
b00000000000000010011111001000011 %
1(
0-
#7924
0(
0*
#7925
0#
b00000000000000101110110001000110 &
1(
1-
b00000000000000101110110001000110 .
#7926
0(
1*
#7927
1#
b00000000000000010101011010101100 %
1(
0-
#7928
0(
0*
#7929
0#
b00000000000001000100001011110010 &
1(
1-
b00000000000001000100001011110010 .
#7930
0(
1*
#7931
1#
b00000000000000010010111110010111 %
1(
0-
#7932
0(
0*
#7933
0#
b00000000000001010111001010001001 &
1(
1-
b00000000000001010111001010001001 .
#7934
0(
1*
#7935
1#
b00000000000000001101111000001100 %
1(
0-
#7936
0(
0*
#7937
0#
b00000000000001100101000010010101 &
1(
1-
b00000000000001100101000010010101 .
#7938
0(
1*
1+
#7939
1#
1$
b00000000000000000000011010001000 %
1(
0-
#7940
0(
0*
0+
#7941
0#
0$
b00000000000000000000011010001000 &
1(
1-
b00000000000000000000011010001000 .
#7942
0(
1*
#7943
1#
b00000000000000000100000011000010 %
1(
0-
#7944
0(
0*
#7945
0#
b00000000000000000100011101001010 &
1(
1-
b00000000000000000100011101001010 .
#7946
0(
1*
1+
#7947
1#
1$
b11111111111111110011001011110000 %
1(
0-
#7948
0(
0*
0+
#7949
0#
0$
b11111111111111110011001011110000 &
1(
1-
b11111111111111110011001011110000 .
#7950
0(
1*
#7951
1#
b00000000000000001001110100110110 %
1(
0-
#7952
0(
0*
#7953
0#
b11111111111111111101000000100110 &
1(
1-
b11111111111111111101000000100110 .
#7954
0(
1*
#7955
1#
b11111111111111101110001100011111 %
1(
0-
#7956
0(
0*
#7957
0#
b11111111111111101011001101000101 &
1(
1-
b11111111111111101011001101000101 .
#7958
0(
1*
1+
#7959
1#
1$
b11111111111111111010100110000001 %
1(
0-
#7960
0(
0*
0+
#7961
0#
0$
b11111111111111111010100110000001 &
1(
1-
b11111111111111111010100110000001 .
#7962
0(
1*
#7963
1#
b11111111111111111110011010100010 %
1(
0-
#7964
0(
0*
#7965
0#
b11111111111111111001000000100011 &
1(
1-
b11111111111111111001000000100011 .
#7966
0(
1*
#7967
1#
b00000000000000001111111100011101 %
1(
0-
#7968
0(
0*
#7969
0#
b00000000000000001000111101000000 &
1(
1-
b00000000000000001000111101000000 .
#7970
0(
1*
#7971
1#
b11111111111111111101100010101000 %
1(
0-
#7972
0(
0*
#7973
0#
b00000000000000000110011111101000 &
1(
1-
b00000000000000000110011111101000 .
#7974
0(
1*
1+
#7975
1#
1$
b00000000000000010110100011101111 %
1(
0-
#7976
0(
0*
0+
#7977
0#
0$
b00000000000000010110100011101111 &
1(
1-
b00000000000000010110100011101111 .
#7978
0(
1*
#7979
1#
b00000000000000001100001011000011 %
1(
0-
#7980
0(
0*
#7981
0#
b00000000000000100010101110110010 &
1(
1-
b00000000000000100010101110110010 .
#7982
0(
1*
#7983
1#
b11111111111111101101101111010111 %
1(
0-
#7984
0(
0*
#7985
0#
b00000000000000010000011110001001 &
1(
1-
b00000000000000010000011110001001 .
#7986
0(
1*
1+
#7987
1#
1$
b11111111111111111101110001101111 %
1(
0-
#7988
0(
0*
0+
#7989
0#
0$
b11111111111111111101110001101111 &
1(
1-
b11111111111111111101110001101111 .
#7990
0(
1*
#7991
1#
b00000000000000001101111100101110 %
1(
0-
#7992
0(
0*
#7993
0#
b00000000000000001011101110011101 &
1(
1-
b00000000000000001011101110011101 .
#7994
0(
1*
#7995
1#
b00000000000000000111100100000111 %
1(
0-
#7996
0(
0*
#7997
0#
b00000000000000010011010010100100 &
1(
1-
b00000000000000010011010010100100 .
#7998
0(
1*
#7999
1#
b11111111111111110100111000010100 %
1(
0-
#8000
0(
0*
#8001
0#
b00000000000000001000001010111000 &
1(
1-
b00000000000000001000001010111000 .
#8002
0(
1*
1+
#8003
1#
1$
b00000000000000000011000101111011 %
1(
0-
#8004
0(
0*
0+
#8005
0#
0$
b00000000000000000011000101111011 &
1(
1-
b00000000000000000011000101111011 .
#8006
0(
1*
#8007
1#
b00000000000000000000110011010100 %
1(
0-
#8008
0(
0*
#8009
0#
b00000000000000000011111001001111 &
1(
1-
b00000000000000000011111001001111 .
#8010
0(
1*
#8011
1#
b00000000000000000011001001101101 %
1(
0-
#8012
0(
0*
#8013
0#
b00000000000000000111000010111100 &
1(
1-
b00000000000000000111000010111100 .
#8014
0(
1*
1+
#8015
1#
1$
b00000000000000000000010011000100 %
1(
0-
#8016
0(
0*
0+
#8017
0#
0$
b00000000000000000000010011000100 &
1(
1-
b00000000000000000000010011000100 .
#8018
0(
1*
1+
#8019
1#
1$
b11111111111111111111110101100100 %
1(
0-
#8020
0(
0*
0+
#8021
0#
0$
b11111111111111111111110101100100 &
1(
1-
b11111111111111111111110101100100 .
#8022
0(
1*
#8023
1#
b11111111111111111000000111001000 %
1(
0-
#8024
0(
0*
#8025
0#
b11111111111111110111111100101100 &
1(
1-
b11111111111111110111111100101100 .
#8026
0(
1*
#8027
1#
b11111111111111111110011010001010 %
1(
0-
#8028
0(
0*
#8029
0#
b11111111111111110110010110110110 &
1(
1-
b11111111111111110110010110110110 .
#8030
0(
1*
#8031
1#
b00000000000000001010110010011100 %
1(
0-
#8032
0(
0*
#8033
0#
b00000000000000000001001001010010 &
1(
1-
b00000000000000000001001001010010 .
#8034
0(
1*
1+
#8035
1#
1$
b11111111111111110011111110001111 %
1(
0-
#8036
0(
0*
0+
#8037
0#
0$
b11111111111111110011111110001111 &
1(
1-
b11111111111111110011111110001111 .
#8038
0(
1*
1+
#8039
1#
1$
b11111111111111110101101010001001 %
1(
0-
#8040
0(
0*
0+
#8041
0#
0$
b11111111111111110101101010001001 &
1(
1-
b11111111111111110101101010001001 .
#8042
0(
1*
1+
#8043
1#
1$
b11111111111111011101100100010001 %
1(
0-
#8044
0(
0*
0+
#8045
0#
0$
b11111111111111011101100100010001 &
1(
1-
b11111111111111011101100100010001 .
